id,defects
101763,False
101764,False
101765,True
101766,True
101767,False
101768,True
101769,False
101770,True
101771,True
101772,False
101773,True
101774,True
101775,True
101776,True
101777,False
101778,True
101779,True
101780,True
101781,True
101782,False
101783,False
101784,False
101785,False
101786,True
101787,False
101788,True
101789,False
101790,False
101791,False
101792,False
101793,False
101794,False
101795,False
101796,False
101797,False
101798,True
101799,True
101800,False
101801,False
101802,False
101803,True
101804,False
101805,False
101806,True
101807,True
101808,False
101809,False
101810,False
101811,False
101812,False
101813,False
101814,False
101815,True
101816,False
101817,True
101818,False
101819,True
101820,False
101821,False
101822,True
101823,False
101824,True
101825,False
101826,False
101827,False
101828,False
101829,False
101830,False
101831,True
101832,True
101833,True
101834,False
101835,False
101836,True
101837,False
101838,True
101839,True
101840,False
101841,True
101842,False
101843,False
101844,False
101845,True
101846,False
101847,False
101848,False
101849,True
101850,False
101851,False
101852,False
101853,True
101854,True
101855,False
101856,True
101857,False
101858,False
101859,False
101860,True
101861,True
101862,False
101863,True
101864,False
101865,False
101866,False
101867,True
101868,False
101869,False
101870,False
101871,True
101872,False
101873,False
101874,False
101875,True
101876,True
101877,False
101878,False
101879,False
101880,False
101881,False
101882,False
101883,True
101884,True
101885,False
101886,True
101887,False
101888,False
101889,True
101890,False
101891,True
101892,False
101893,False
101894,False
101895,False
101896,False
101897,True
101898,True
101899,True
101900,False
101901,False
101902,False
101903,False
101904,False
101905,True
101906,False
101907,False
101908,False
101909,False
101910,True
101911,False
101912,False
101913,False
101914,False
101915,False
101916,True
101917,False
101918,False
101919,False
101920,False
101921,False
101922,False
101923,True
101924,True
101925,False
101926,True
101927,True
101928,False
101929,False
101930,False
101931,True
101932,False
101933,True
101934,False
101935,False
101936,False
101937,True
101938,True
101939,True
101940,True
101941,False
101942,False
101943,True
101944,False
101945,False
101946,False
101947,False
101948,False
101949,False
101950,True
101951,True
101952,False
101953,True
101954,False
101955,True
101956,True
101957,False
101958,True
101959,False
101960,True
101961,True
101962,True
101963,True
101964,False
101965,False
101966,True
101967,False
101968,False
101969,True
101970,True
101971,False
101972,False
101973,False
101974,True
101975,False
101976,False
101977,False
101978,False
101979,False
101980,False
101981,False
101982,False
101983,False
101984,False
101985,False
101986,False
101987,True
101988,True
101989,False
101990,True
101991,True
101992,False
101993,True
101994,False
101995,False
101996,True
101997,False
101998,False
101999,False
102000,True
102001,True
102002,True
102003,False
102004,False
102005,True
102006,False
102007,True
102008,False
102009,True
102010,False
102011,True
102012,False
102013,False
102014,False
102015,True
102016,False
102017,False
102018,True
102019,False
102020,True
102021,True
102022,False
102023,False
102024,False
102025,False
102026,False
102027,False
102028,False
102029,False
102030,True
102031,False
102032,False
102033,False
102034,True
102035,False
102036,True
102037,True
102038,True
102039,False
102040,True
102041,True
102042,False
102043,False
102044,True
102045,True
102046,False
102047,True
102048,False
102049,False
102050,True
102051,True
102052,False
102053,True
102054,False
102055,True
102056,False
102057,False
102058,False
102059,True
102060,True
102061,True
102062,False
102063,False
102064,True
102065,False
102066,False
102067,False
102068,True
102069,False
102070,False
102071,False
102072,True
102073,False
102074,False
102075,False
102076,False
102077,False
102078,False
102079,False
102080,False
102081,False
102082,True
102083,False
102084,False
102085,False
102086,True
102087,True
102088,False
102089,False
102090,True
102091,False
102092,False
102093,False
102094,False
102095,True
102096,False
102097,True
102098,False
102099,False
102100,False
102101,True
102102,False
102103,False
102104,False
102105,True
102106,False
102107,False
102108,True
102109,True
102110,False
102111,True
102112,True
102113,False
102114,True
102115,False
102116,True
102117,False
102118,False
102119,True
102120,True
102121,True
102122,False
102123,False
102124,False
102125,True
102126,False
102127,False
102128,False
102129,False
102130,False
102131,False
102132,False
102133,False
102134,False
102135,False
102136,False
102137,False
102138,False
102139,False
102140,True
102141,False
102142,False
102143,True
102144,True
102145,False
102146,False
102147,False
102148,False
102149,False
102150,True
102151,False
102152,False
102153,True
102154,True
102155,False
102156,False
102157,False
102158,True
102159,True
102160,False
102161,False
102162,False
102163,True
102164,False
102165,False
102166,False
102167,False
102168,True
102169,False
102170,True
102171,False
102172,False
102173,False
102174,False
102175,True
102176,False
102177,True
102178,True
102179,False
102180,False
102181,False
102182,True
102183,False
102184,False
102185,False
102186,True
102187,False
102188,False
102189,False
102190,False
102191,False
102192,False
102193,False
102194,True
102195,False
102196,True
102197,False
102198,True
102199,True
102200,True
102201,False
102202,False
102203,True
102204,False
102205,True
102206,True
102207,False
102208,False
102209,False
102210,True
102211,False
102212,True
102213,False
102214,True
102215,False
102216,True
102217,True
102218,True
102219,False
102220,False
102221,True
102222,False
102223,True
102224,True
102225,False
102226,False
102227,True
102228,False
102229,False
102230,True
102231,True
102232,False
102233,False
102234,False
102235,True
102236,False
102237,False
102238,False
102239,False
102240,False
102241,False
102242,False
102243,True
102244,True
102245,False
102246,True
102247,False
102248,False
102249,True
102250,False
102251,False
102252,False
102253,True
102254,True
102255,False
102256,False
102257,False
102258,False
102259,True
102260,False
102261,True
102262,False
102263,True
102264,True
102265,True
102266,True
102267,False
102268,False
102269,False
102270,False
102271,False
102272,True
102273,True
102274,False
102275,False
102276,False
102277,False
102278,True
102279,False
102280,True
102281,False
102282,False
102283,False
102284,False
102285,True
102286,True
102287,True
102288,True
102289,False
102290,False
102291,False
102292,False
102293,False
102294,False
102295,False
102296,True
102297,True
102298,False
102299,False
102300,True
102301,True
102302,False
102303,False
102304,True
102305,False
102306,False
102307,False
102308,False
102309,False
102310,False
102311,True
102312,False
102313,False
102314,False
102315,False
102316,False
102317,True
102318,True
102319,False
102320,False
102321,False
102322,False
102323,False
102324,False
102325,False
102326,True
102327,False
102328,False
102329,False
102330,False
102331,False
102332,False
102333,True
102334,False
102335,False
102336,True
102337,False
102338,False
102339,False
102340,False
102341,True
102342,False
102343,False
102344,False
102345,True
102346,True
102347,True
102348,True
102349,False
102350,False
102351,True
102352,True
102353,False
102354,False
102355,False
102356,False
102357,False
102358,False
102359,True
102360,False
102361,True
102362,False
102363,True
102364,True
102365,False
102366,False
102367,False
102368,True
102369,True
102370,True
102371,True
102372,True
102373,False
102374,False
102375,False
102376,False
102377,True
102378,False
102379,False
102380,True
102381,False
102382,False
102383,False
102384,False
102385,False
102386,False
102387,False
102388,True
102389,False
102390,True
102391,False
102392,True
102393,False
102394,True
102395,False
102396,False
102397,False
102398,False
102399,False
102400,False
102401,True
102402,False
102403,False
102404,True
102405,True
102406,True
102407,True
102408,False
102409,False
102410,False
102411,True
102412,True
102413,False
102414,True
102415,True
102416,False
102417,False
102418,False
102419,True
102420,True
102421,True
102422,False
102423,True
102424,True
102425,False
102426,False
102427,False
102428,False
102429,True
102430,False
102431,False
102432,False
102433,False
102434,False
102435,False
102436,False
102437,False
102438,False
102439,True
102440,True
102441,True
102442,False
102443,True
102444,False
102445,False
102446,False
102447,False
102448,False
102449,False
102450,False
102451,False
102452,True
102453,False
102454,False
102455,False
102456,True
102457,True
102458,True
102459,False
102460,False
102461,False
102462,True
102463,False
102464,False
102465,False
102466,True
102467,True
102468,True
102469,True
102470,False
102471,False
102472,True
102473,False
102474,False
102475,False
102476,False
102477,False
102478,False
102479,False
102480,False
102481,False
102482,True
102483,False
102484,True
102485,True
102486,True
102487,False
102488,False
102489,False
102490,False
102491,False
102492,False
102493,True
102494,True
102495,True
102496,True
102497,False
102498,False
102499,False
102500,False
102501,False
102502,True
102503,True
102504,False
102505,True
102506,False
102507,False
102508,False
102509,False
102510,False
102511,False
102512,False
102513,True
102514,True
102515,True
102516,False
102517,True
102518,True
102519,False
102520,False
102521,False
102522,False
102523,True
102524,True
102525,True
102526,False
102527,False
102528,False
102529,False
102530,False
102531,True
102532,True
102533,False
102534,False
102535,True
102536,False
102537,False
102538,False
102539,True
102540,False
102541,False
102542,False
102543,True
102544,False
102545,True
102546,False
102547,False
102548,True
102549,True
102550,False
102551,False
102552,False
102553,True
102554,False
102555,True
102556,False
102557,False
102558,False
102559,True
102560,True
102561,False
102562,True
102563,True
102564,False
102565,False
102566,False
102567,True
102568,True
102569,False
102570,False
102571,True
102572,False
102573,False
102574,False
102575,False
102576,False
102577,False
102578,True
102579,False
102580,True
102581,False
102582,False
102583,True
102584,False
102585,True
102586,True
102587,False
102588,True
102589,True
102590,False
102591,True
102592,False
102593,True
102594,False
102595,False
102596,True
102597,False
102598,False
102599,True
102600,True
102601,True
102602,True
102603,False
102604,False
102605,True
102606,False
102607,False
102608,False
102609,False
102610,False
102611,False
102612,False
102613,True
102614,True
102615,False
102616,False
102617,False
102618,False
102619,False
102620,True
102621,False
102622,False
102623,False
102624,False
102625,False
102626,False
102627,False
102628,True
102629,False
102630,True
102631,True
102632,False
102633,False
102634,True
102635,False
102636,False
102637,False
102638,False
102639,True
102640,False
102641,True
102642,True
102643,True
102644,True
102645,False
102646,False
102647,True
102648,False
102649,True
102650,False
102651,True
102652,True
102653,True
102654,False
102655,False
102656,False
102657,False
102658,True
102659,True
102660,False
102661,False
102662,True
102663,True
102664,False
102665,True
102666,False
102667,False
102668,False
102669,False
102670,False
102671,True
102672,False
102673,False
102674,False
102675,False
102676,False
102677,False
102678,False
102679,False
102680,True
102681,False
102682,False
102683,True
102684,False
102685,False
102686,False
102687,False
102688,True
102689,True
102690,False
102691,True
102692,False
102693,False
102694,False
102695,True
102696,False
102697,False
102698,True
102699,False
102700,True
102701,True
102702,True
102703,True
102704,False
102705,False
102706,True
102707,False
102708,True
102709,False
102710,False
102711,False
102712,False
102713,True
102714,False
102715,True
102716,True
102717,False
102718,True
102719,False
102720,False
102721,False
102722,False
102723,False
102724,True
102725,False
102726,False
102727,True
102728,False
102729,False
102730,True
102731,False
102732,False
102733,True
102734,True
102735,False
102736,False
102737,False
102738,False
102739,False
102740,False
102741,False
102742,True
102743,True
102744,True
102745,False
102746,True
102747,False
102748,False
102749,False
102750,False
102751,True
102752,False
102753,True
102754,False
102755,True
102756,False
102757,True
102758,False
102759,True
102760,True
102761,False
102762,False
102763,False
102764,True
102765,True
102766,False
102767,True
102768,True
102769,True
102770,False
102771,False
102772,False
102773,False
102774,True
102775,False
102776,False
102777,False
102778,False
102779,False
102780,True
102781,False
102782,True
102783,True
102784,False
102785,True
102786,False
102787,True
102788,False
102789,False
102790,True
102791,False
102792,True
102793,False
102794,False
102795,False
102796,False
102797,False
102798,False
102799,True
102800,True
102801,False
102802,True
102803,False
102804,False
102805,False
102806,False
102807,False
102808,False
102809,False
102810,False
102811,False
102812,False
102813,False
102814,True
102815,True
102816,False
102817,False
102818,True
102819,True
102820,False
102821,False
102822,False
102823,False
102824,False
102825,True
102826,True
102827,False
102828,False
102829,False
102830,False
102831,False
102832,False
102833,False
102834,False
102835,True
102836,False
102837,False
102838,True
102839,True
102840,False
102841,True
102842,False
102843,False
102844,True
102845,False
102846,False
102847,True
102848,True
102849,True
102850,False
102851,True
102852,True
102853,True
102854,False
102855,False
102856,False
102857,True
102858,True
102859,True
102860,False
102861,False
102862,False
102863,True
102864,False
102865,False
102866,False
102867,False
102868,False
102869,True
102870,True
102871,True
102872,False
102873,False
102874,True
102875,False
102876,False
102877,True
102878,True
102879,False
102880,False
102881,False
102882,False
102883,False
102884,False
102885,False
102886,False
102887,True
102888,True
102889,True
102890,False
102891,True
102892,False
102893,False
102894,False
102895,True
102896,False
102897,False
102898,False
102899,False
102900,False
102901,True
102902,False
102903,False
102904,False
102905,False
102906,False
102907,False
102908,False
102909,False
102910,False
102911,False
102912,False
102913,False
102914,False
102915,False
102916,False
102917,True
102918,False
102919,False
102920,True
102921,False
102922,False
102923,True
102924,True
102925,False
102926,False
102927,False
102928,False
102929,False
102930,False
102931,False
102932,True
102933,True
102934,True
102935,True
102936,False
102937,False
102938,False
102939,False
102940,False
102941,False
102942,True
102943,False
102944,False
102945,False
102946,False
102947,True
102948,False
102949,True
102950,False
102951,True
102952,True
102953,False
102954,False
102955,True
102956,False
102957,False
102958,True
102959,False
102960,False
102961,True
102962,False
102963,False
102964,False
102965,True
102966,False
102967,True
102968,False
102969,False
102970,True
102971,False
102972,True
102973,True
102974,True
102975,False
102976,True
102977,False
102978,True
102979,True
102980,False
102981,False
102982,False
102983,False
102984,True
102985,False
102986,False
102987,False
102988,False
102989,False
102990,False
102991,False
102992,True
102993,True
102994,True
102995,False
102996,False
102997,False
102998,False
102999,False
103000,False
103001,False
103002,False
103003,False
103004,True
103005,True
103006,True
103007,False
103008,False
103009,False
103010,False
103011,False
103012,False
103013,True
103014,False
103015,True
103016,True
103017,True
103018,True
103019,False
103020,False
103021,False
103022,True
103023,False
103024,False
103025,False
103026,True
103027,True
103028,False
103029,False
103030,False
103031,False
103032,False
103033,False
103034,False
103035,True
103036,True
103037,False
103038,False
103039,False
103040,True
103041,False
103042,False
103043,False
103044,False
103045,False
103046,False
103047,True
103048,False
103049,True
103050,True
103051,False
103052,False
103053,False
103054,False
103055,False
103056,False
103057,True
103058,True
103059,True
103060,True
103061,True
103062,True
103063,True
103064,False
103065,False
103066,False
103067,False
103068,False
103069,False
103070,True
103071,True
103072,False
103073,False
103074,False
103075,True
103076,False
103077,False
103078,False
103079,True
103080,False
103081,True
103082,True
103083,False
103084,True
103085,False
103086,False
103087,False
103088,False
103089,False
103090,True
103091,False
103092,False
103093,False
103094,True
103095,True
103096,True
103097,True
103098,False
103099,False
103100,False
103101,True
103102,True
103103,True
103104,False
103105,False
103106,True
103107,False
103108,False
103109,False
103110,True
103111,False
103112,False
103113,False
103114,False
103115,False
103116,True
103117,True
103118,True
103119,False
103120,False
103121,True
103122,False
103123,False
103124,False
103125,False
103126,True
103127,False
103128,False
103129,False
103130,False
103131,False
103132,False
103133,False
103134,True
103135,False
103136,False
103137,False
103138,True
103139,False
103140,True
103141,False
103142,False
103143,False
103144,False
103145,False
103146,False
103147,True
103148,False
103149,False
103150,False
103151,False
103152,True
103153,False
103154,True
103155,True
103156,False
103157,False
103158,False
103159,True
103160,False
103161,False
103162,False
103163,True
103164,False
103165,False
103166,True
103167,False
103168,True
103169,True
103170,False
103171,False
103172,True
103173,True
103174,False
103175,False
103176,True
103177,True
103178,False
103179,True
103180,True
103181,False
103182,False
103183,False
103184,False
103185,False
103186,False
103187,True
103188,True
103189,False
103190,True
103191,False
103192,False
103193,True
103194,False
103195,False
103196,True
103197,True
103198,False
103199,True
103200,True
103201,False
103202,False
103203,True
103204,True
103205,False
103206,False
103207,False
103208,False
103209,False
103210,False
103211,False
103212,False
103213,False
103214,False
103215,False
103216,False
103217,False
103218,False
103219,False
103220,True
103221,False
103222,False
103223,True
103224,False
103225,True
103226,False
103227,False
103228,True
103229,False
103230,False
103231,True
103232,True
103233,False
103234,False
103235,False
103236,True
103237,False
103238,False
103239,False
103240,False
103241,True
103242,True
103243,False
103244,False
103245,True
103246,False
103247,False
103248,False
103249,True
103250,False
103251,False
103252,True
103253,True
103254,False
103255,False
103256,False
103257,False
103258,True
103259,False
103260,False
103261,False
103262,True
103263,False
103264,True
103265,False
103266,True
103267,False
103268,False
103269,False
103270,False
103271,True
103272,True
103273,False
103274,False
103275,True
103276,False
103277,True
103278,False
103279,False
103280,True
103281,True
103282,False
103283,True
103284,False
103285,True
103286,False
103287,False
103288,False
103289,False
103290,True
103291,False
103292,True
103293,False
103294,False
103295,False
103296,False
103297,True
103298,False
103299,False
103300,True
103301,False
103302,False
103303,True
103304,False
103305,False
103306,False
103307,False
103308,False
103309,False
103310,True
103311,True
103312,False
103313,False
103314,False
103315,False
103316,True
103317,False
103318,False
103319,True
103320,False
103321,True
103322,False
103323,True
103324,False
103325,False
103326,True
103327,False
103328,False
103329,False
103330,True
103331,False
103332,False
103333,False
103334,False
103335,False
103336,True
103337,True
103338,False
103339,False
103340,False
103341,True
103342,False
103343,False
103344,False
103345,True
103346,True
103347,True
103348,True
103349,True
103350,True
103351,True
103352,False
103353,False
103354,False
103355,True
103356,True
103357,False
103358,True
103359,False
103360,False
103361,True
103362,False
103363,True
103364,False
103365,False
103366,False
103367,False
103368,True
103369,False
103370,True
103371,False
103372,False
103373,False
103374,True
103375,True
103376,False
103377,True
103378,False
103379,False
103380,False
103381,False
103382,True
103383,True
103384,False
103385,False
103386,False
103387,False
103388,False
103389,True
103390,True
103391,True
103392,False
103393,True
103394,False
103395,True
103396,True
103397,True
103398,False
103399,False
103400,True
103401,False
103402,False
103403,True
103404,False
103405,True
103406,True
103407,True
103408,False
103409,False
103410,False
103411,False
103412,False
103413,True
103414,False
103415,False
103416,True
103417,True
103418,False
103419,False
103420,False
103421,False
103422,True
103423,True
103424,True
103425,True
103426,False
103427,False
103428,True
103429,True
103430,False
103431,False
103432,False
103433,False
103434,True
103435,True
103436,True
103437,True
103438,False
103439,False
103440,True
103441,False
103442,False
103443,False
103444,False
103445,True
103446,False
103447,False
103448,False
103449,False
103450,False
103451,False
103452,False
103453,False
103454,False
103455,True
103456,False
103457,False
103458,True
103459,False
103460,True
103461,False
103462,True
103463,True
103464,False
103465,True
103466,False
103467,True
103468,True
103469,True
103470,True
103471,False
103472,False
103473,False
103474,False
103475,False
103476,True
103477,True
103478,False
103479,False
103480,True
103481,False
103482,False
103483,False
103484,False
103485,False
103486,False
103487,False
103488,True
103489,True
103490,False
103491,True
103492,False
103493,False
103494,False
103495,True
103496,False
103497,False
103498,False
103499,False
103500,True
103501,True
103502,True
103503,True
103504,True
103505,False
103506,False
103507,False
103508,True
103509,False
103510,True
103511,True
103512,False
103513,False
103514,True
103515,False
103516,False
103517,False
103518,False
103519,True
103520,False
103521,False
103522,True
103523,True
103524,True
103525,False
103526,False
103527,False
103528,False
103529,False
103530,True
103531,False
103532,True
103533,True
103534,True
103535,False
103536,False
103537,False
103538,False
103539,False
103540,True
103541,False
103542,True
103543,False
103544,False
103545,False
103546,False
103547,False
103548,True
103549,False
103550,False
103551,True
103552,False
103553,False
103554,True
103555,False
103556,False
103557,False
103558,False
103559,False
103560,True
103561,False
103562,False
103563,False
103564,False
103565,True
103566,False
103567,False
103568,True
103569,False
103570,False
103571,True
103572,True
103573,False
103574,False
103575,False
103576,False
103577,True
103578,True
103579,True
103580,False
103581,False
103582,False
103583,False
103584,True
103585,False
103586,False
103587,False
103588,True
103589,False
103590,False
103591,False
103592,False
103593,False
103594,True
103595,False
103596,False
103597,False
103598,True
103599,False
103600,False
103601,True
103602,False
103603,True
103604,False
103605,True
103606,False
103607,True
103608,True
103609,True
103610,True
103611,False
103612,False
103613,False
103614,True
103615,True
103616,True
103617,True
103618,False
103619,True
103620,False
103621,False
103622,True
103623,False
103624,False
103625,True
103626,True
103627,False
103628,False
103629,True
103630,True
103631,False
103632,True
103633,True
103634,False
103635,False
103636,False
103637,True
103638,False
103639,True
103640,False
103641,False
103642,False
103643,True
103644,False
103645,False
103646,False
103647,False
103648,False
103649,False
103650,True
103651,True
103652,False
103653,False
103654,False
103655,False
103656,False
103657,False
103658,False
103659,True
103660,False
103661,False
103662,False
103663,False
103664,False
103665,False
103666,False
103667,False
103668,False
103669,True
103670,True
103671,False
103672,True
103673,False
103674,False
103675,False
103676,False
103677,True
103678,False
103679,False
103680,True
103681,False
103682,True
103683,False
103684,False
103685,False
103686,False
103687,False
103688,True
103689,False
103690,True
103691,True
103692,True
103693,False
103694,False
103695,True
103696,False
103697,True
103698,False
103699,True
103700,False
103701,False
103702,False
103703,False
103704,False
103705,False
103706,True
103707,True
103708,True
103709,False
103710,False
103711,False
103712,False
103713,True
103714,False
103715,False
103716,True
103717,False
103718,False
103719,True
103720,False
103721,True
103722,True
103723,False
103724,False
103725,False
103726,False
103727,False
103728,False
103729,True
103730,False
103731,False
103732,True
103733,False
103734,False
103735,True
103736,True
103737,False
103738,False
103739,False
103740,True
103741,True
103742,True
103743,True
103744,False
103745,True
103746,False
103747,True
103748,False
103749,True
103750,True
103751,True
103752,False
103753,False
103754,False
103755,False
103756,False
103757,False
103758,False
103759,True
103760,False
103761,False
103762,False
103763,False
103764,True
103765,False
103766,False
103767,True
103768,False
103769,False
103770,False
103771,False
103772,False
103773,False
103774,True
103775,True
103776,False
103777,False
103778,False
103779,False
103780,True
103781,False
103782,False
103783,False
103784,False
103785,False
103786,False
103787,True
103788,True
103789,False
103790,False
103791,True
103792,False
103793,True
103794,False
103795,False
103796,True
103797,True
103798,False
103799,False
103800,True
103801,False
103802,True
103803,False
103804,False
103805,False
103806,False
103807,False
103808,False
103809,False
103810,False
103811,False
103812,False
103813,False
103814,True
103815,True
103816,True
103817,False
103818,False
103819,False
103820,False
103821,True
103822,False
103823,False
103824,False
103825,True
103826,False
103827,True
103828,False
103829,False
103830,False
103831,False
103832,False
103833,False
103834,False
103835,False
103836,False
103837,False
103838,False
103839,False
103840,False
103841,True
103842,False
103843,True
103844,False
103845,False
103846,True
103847,False
103848,False
103849,True
103850,False
103851,False
103852,True
103853,False
103854,False
103855,False
103856,False
103857,False
103858,False
103859,False
103860,False
103861,False
103862,False
103863,False
103864,False
103865,False
103866,False
103867,True
103868,False
103869,False
103870,False
103871,True
103872,False
103873,True
103874,False
103875,True
103876,False
103877,True
103878,False
103879,False
103880,True
103881,True
103882,False
103883,False
103884,False
103885,False
103886,False
103887,True
103888,True
103889,False
103890,False
103891,False
103892,True
103893,False
103894,False
103895,True
103896,False
103897,True
103898,False
103899,False
103900,True
103901,True
103902,False
103903,True
103904,False
103905,True
103906,True
103907,True
103908,True
103909,False
103910,False
103911,True
103912,True
103913,False
103914,False
103915,True
103916,False
103917,False
103918,False
103919,True
103920,True
103921,True
103922,False
103923,True
103924,True
103925,False
103926,False
103927,True
103928,True
103929,True
103930,False
103931,True
103932,True
103933,False
103934,True
103935,False
103936,False
103937,False
103938,True
103939,True
103940,False
103941,True
103942,False
103943,True
103944,False
103945,True
103946,False
103947,False
103948,True
103949,True
103950,False
103951,False
103952,True
103953,False
103954,False
103955,True
103956,True
103957,False
103958,False
103959,True
103960,True
103961,False
103962,True
103963,False
103964,True
103965,False
103966,True
103967,False
103968,True
103969,False
103970,True
103971,False
103972,True
103973,False
103974,False
103975,True
103976,False
103977,True
103978,True
103979,False
103980,True
103981,True
103982,False
103983,False
103984,True
103985,False
103986,True
103987,False
103988,True
103989,True
103990,False
103991,True
103992,False
103993,False
103994,False
103995,False
103996,True
103997,False
103998,False
103999,False
104000,False
104001,False
104002,True
104003,False
104004,True
104005,True
104006,True
104007,True
104008,True
104009,False
104010,False
104011,False
104012,True
104013,False
104014,True
104015,True
104016,True
104017,False
104018,False
104019,False
104020,False
104021,False
104022,False
104023,True
104024,False
104025,True
104026,True
104027,False
104028,True
104029,False
104030,False
104031,True
104032,True
104033,False
104034,True
104035,False
104036,False
104037,False
104038,False
104039,False
104040,True
104041,False
104042,True
104043,True
104044,False
104045,True
104046,True
104047,False
104048,False
104049,False
104050,True
104051,False
104052,False
104053,False
104054,False
104055,True
104056,True
104057,False
104058,False
104059,True
104060,False
104061,False
104062,False
104063,False
104064,False
104065,True
104066,False
104067,False
104068,False
104069,False
104070,False
104071,False
104072,False
104073,False
104074,False
104075,False
104076,False
104077,False
104078,True
104079,True
104080,False
104081,False
104082,False
104083,False
104084,False
104085,False
104086,False
104087,False
104088,False
104089,True
104090,True
104091,False
104092,True
104093,False
104094,True
104095,True
104096,True
104097,False
104098,True
104099,False
104100,True
104101,True
104102,True
104103,False
104104,False
104105,False
104106,False
104107,False
104108,True
104109,False
104110,False
104111,True
104112,False
104113,True
104114,False
104115,False
104116,False
104117,True
104118,False
104119,False
104120,False
104121,False
104122,False
104123,False
104124,False
104125,False
104126,True
104127,False
104128,True
104129,False
104130,False
104131,True
104132,False
104133,False
104134,True
104135,False
104136,False
104137,False
104138,True
104139,False
104140,False
104141,True
104142,False
104143,False
104144,False
104145,False
104146,False
104147,False
104148,True
104149,False
104150,False
104151,False
104152,True
104153,False
104154,True
104155,False
104156,True
104157,False
104158,False
104159,False
104160,False
104161,False
104162,True
104163,True
104164,False
104165,False
104166,True
104167,True
104168,False
104169,False
104170,True
104171,True
104172,True
104173,True
104174,False
104175,False
104176,False
104177,True
104178,True
104179,True
104180,False
104181,True
104182,True
104183,False
104184,False
104185,False
104186,False
104187,False
104188,False
104189,False
104190,False
104191,False
104192,False
104193,False
104194,True
104195,False
104196,False
104197,False
104198,False
104199,False
104200,False
104201,True
104202,True
104203,True
104204,False
104205,False
104206,False
104207,False
104208,True
104209,False
104210,True
104211,True
104212,True
104213,True
104214,False
104215,True
104216,False
104217,False
104218,False
104219,True
104220,False
104221,True
104222,False
104223,True
104224,False
104225,False
104226,False
104227,True
104228,True
104229,False
104230,False
104231,False
104232,False
104233,True
104234,False
104235,False
104236,True
104237,False
104238,False
104239,False
104240,True
104241,False
104242,False
104243,True
104244,True
104245,False
104246,True
104247,True
104248,False
104249,False
104250,False
104251,False
104252,False
104253,False
104254,True
104255,False
104256,True
104257,True
104258,False
104259,True
104260,True
104261,True
104262,False
104263,False
104264,False
104265,False
104266,True
104267,False
104268,False
104269,False
104270,False
104271,False
104272,False
104273,False
104274,True
104275,False
104276,False
104277,True
104278,True
104279,False
104280,False
104281,True
104282,False
104283,False
104284,False
104285,True
104286,False
104287,False
104288,False
104289,False
104290,False
104291,True
104292,True
104293,False
104294,False
104295,False
104296,True
104297,False
104298,False
104299,True
104300,False
104301,True
104302,False
104303,False
104304,True
104305,True
104306,True
104307,True
104308,False
104309,False
104310,True
104311,False
104312,False
104313,False
104314,False
104315,False
104316,False
104317,False
104318,True
104319,False
104320,True
104321,False
104322,False
104323,False
104324,True
104325,True
104326,False
104327,False
104328,True
104329,True
104330,False
104331,False
104332,False
104333,False
104334,False
104335,False
104336,True
104337,False
104338,False
104339,True
104340,False
104341,True
104342,False
104343,False
104344,False
104345,False
104346,True
104347,True
104348,False
104349,False
104350,False
104351,False
104352,False
104353,True
104354,True
104355,False
104356,True
104357,False
104358,True
104359,True
104360,False
104361,True
104362,True
104363,True
104364,False
104365,False
104366,True
104367,False
104368,True
104369,False
104370,False
104371,False
104372,False
104373,True
104374,False
104375,False
104376,False
104377,False
104378,False
104379,True
104380,False
104381,False
104382,True
104383,True
104384,False
104385,True
104386,False
104387,False
104388,True
104389,False
104390,True
104391,True
104392,True
104393,True
104394,False
104395,False
104396,False
104397,True
104398,False
104399,False
104400,False
104401,False
104402,True
104403,True
104404,False
104405,False
104406,False
104407,False
104408,True
104409,False
104410,False
104411,True
104412,False
104413,False
104414,True
104415,True
104416,True
104417,True
104418,True
104419,True
104420,False
104421,False
104422,True
104423,False
104424,True
104425,False
104426,False
104427,False
104428,False
104429,False
104430,False
104431,True
104432,True
104433,False
104434,True
104435,False
104436,False
104437,False
104438,False
104439,True
104440,False
104441,True
104442,False
104443,True
104444,False
104445,True
104446,False
104447,True
104448,True
104449,True
104450,False
104451,False
104452,False
104453,True
104454,False
104455,False
104456,False
104457,False
104458,False
104459,False
104460,False
104461,True
104462,False
104463,False
104464,False
104465,False
104466,False
104467,False
104468,False
104469,False
104470,True
104471,False
104472,False
104473,False
104474,False
104475,False
104476,False
104477,False
104478,False
104479,True
104480,True
104481,True
104482,False
104483,True
104484,False
104485,False
104486,False
104487,False
104488,True
104489,False
104490,True
104491,False
104492,True
104493,True
104494,False
104495,True
104496,False
104497,False
104498,False
104499,False
104500,True
104501,False
104502,False
104503,True
104504,False
104505,False
104506,True
104507,True
104508,False
104509,False
104510,True
104511,False
104512,False
104513,False
104514,False
104515,False
104516,False
104517,True
104518,False
104519,True
104520,True
104521,True
104522,False
104523,True
104524,False
104525,False
104526,False
104527,False
104528,False
104529,False
104530,False
104531,False
104532,False
104533,True
104534,False
104535,False
104536,False
104537,False
104538,False
104539,True
104540,True
104541,False
104542,True
104543,False
104544,False
104545,False
104546,False
104547,False
104548,False
104549,False
104550,False
104551,False
104552,False
104553,True
104554,False
104555,False
104556,True
104557,False
104558,False
104559,True
104560,False
104561,True
104562,False
104563,True
104564,False
104565,False
104566,True
104567,True
104568,True
104569,True
104570,False
104571,False
104572,False
104573,False
104574,True
104575,False
104576,True
104577,False
104578,True
104579,False
104580,False
104581,False
104582,False
104583,True
104584,True
104585,False
104586,False
104587,True
104588,True
104589,True
104590,True
104591,True
104592,False
104593,False
104594,True
104595,False
104596,False
104597,True
104598,True
104599,True
104600,True
104601,False
104602,False
104603,True
104604,False
104605,True
104606,False
104607,False
104608,False
104609,False
104610,True
104611,False
104612,False
104613,True
104614,True
104615,False
104616,False
104617,True
104618,False
104619,True
104620,False
104621,True
104622,False
104623,False
104624,False
104625,False
104626,False
104627,True
104628,True
104629,False
104630,False
104631,False
104632,False
104633,False
104634,False
104635,False
104636,True
104637,False
104638,False
104639,False
104640,False
104641,False
104642,False
104643,True
104644,False
104645,True
104646,False
104647,False
104648,False
104649,False
104650,False
104651,False
104652,True
104653,False
104654,True
104655,False
104656,True
104657,False
104658,True
104659,False
104660,False
104661,False
104662,False
104663,False
104664,False
104665,True
104666,False
104667,False
104668,False
104669,False
104670,False
104671,True
104672,False
104673,True
104674,False
104675,False
104676,False
104677,False
104678,False
104679,False
104680,True
104681,True
104682,False
104683,True
104684,False
104685,False
104686,False
104687,True
104688,True
104689,True
104690,False
104691,False
104692,False
104693,False
104694,False
104695,False
104696,True
104697,False
104698,False
104699,False
104700,True
104701,False
104702,False
104703,True
104704,False
104705,True
104706,True
104707,False
104708,False
104709,True
104710,True
104711,False
104712,False
104713,True
104714,False
104715,True
104716,False
104717,False
104718,False
104719,True
104720,False
104721,False
104722,False
104723,True
104724,False
104725,True
104726,False
104727,False
104728,True
104729,False
104730,True
104731,True
104732,False
104733,False
104734,False
104735,False
104736,True
104737,False
104738,False
104739,False
104740,False
104741,True
104742,True
104743,False
104744,False
104745,True
104746,True
104747,False
104748,False
104749,False
104750,False
104751,True
104752,False
104753,False
104754,False
104755,False
104756,False
104757,False
104758,False
104759,False
104760,True
104761,False
104762,False
104763,False
104764,True
104765,False
104766,True
104767,False
104768,True
104769,False
104770,False
104771,True
104772,False
104773,True
104774,False
104775,False
104776,False
104777,False
104778,False
104779,False
104780,True
104781,False
104782,False
104783,False
104784,False
104785,False
104786,False
104787,False
104788,True
104789,False
104790,True
104791,False
104792,True
104793,False
104794,False
104795,True
104796,False
104797,False
104798,False
104799,False
104800,False
104801,False
104802,False
104803,True
104804,False
104805,True
104806,False
104807,True
104808,True
104809,True
104810,True
104811,True
104812,False
104813,True
104814,True
104815,True
104816,True
104817,False
104818,True
104819,True
104820,True
104821,False
104822,False
104823,False
104824,False
104825,False
104826,True
104827,False
104828,True
104829,True
104830,True
104831,False
104832,True
104833,True
104834,True
104835,False
104836,False
104837,True
104838,False
104839,True
104840,False
104841,False
104842,True
104843,True
104844,False
104845,True
104846,False
104847,False
104848,True
104849,False
104850,True
104851,False
104852,False
104853,True
104854,False
104855,False
104856,True
104857,False
104858,True
104859,False
104860,False
104861,True
104862,False
104863,False
104864,False
104865,False
104866,False
104867,True
104868,False
104869,False
104870,True
104871,False
104872,False
104873,True
104874,False
104875,True
104876,False
104877,False
104878,False
104879,True
104880,True
104881,True
104882,False
104883,False
104884,False
104885,False
104886,False
104887,False
104888,False
104889,False
104890,False
104891,False
104892,False
104893,False
104894,True
104895,True
104896,True
104897,False
104898,False
104899,False
104900,False
104901,False
104902,False
104903,True
104904,True
104905,False
104906,False
104907,False
104908,False
104909,True
104910,False
104911,False
104912,False
104913,True
104914,False
104915,True
104916,True
104917,False
104918,True
104919,False
104920,True
104921,False
104922,False
104923,True
104924,True
104925,True
104926,True
104927,False
104928,False
104929,False
104930,True
104931,False
104932,False
104933,False
104934,False
104935,True
104936,False
104937,True
104938,False
104939,False
104940,True
104941,True
104942,False
104943,True
104944,False
104945,False
104946,False
104947,False
104948,False
104949,False
104950,False
104951,True
104952,True
104953,False
104954,False
104955,True
104956,True
104957,False
104958,False
104959,False
104960,True
104961,False
104962,True
104963,False
104964,False
104965,False
104966,True
104967,False
104968,False
104969,False
104970,False
104971,False
104972,False
104973,False
104974,True
104975,True
104976,False
104977,False
104978,True
104979,False
104980,False
104981,False
104982,False
104983,True
104984,False
104985,False
104986,False
104987,True
104988,True
104989,False
104990,False
104991,False
104992,False
104993,False
104994,True
104995,True
104996,False
104997,True
104998,True
104999,True
105000,False
105001,True
105002,True
105003,False
105004,True
105005,False
105006,False
105007,False
105008,True
105009,True
105010,False
105011,False
105012,True
105013,True
105014,False
105015,False
105016,True
105017,False
105018,True
105019,False
105020,False
105021,False
105022,True
105023,True
105024,True
105025,True
105026,True
105027,False
105028,False
105029,False
105030,False
105031,False
105032,False
105033,False
105034,True
105035,False
105036,False
105037,True
105038,True
105039,False
105040,True
105041,False
105042,True
105043,False
105044,True
105045,False
105046,False
105047,False
105048,True
105049,False
105050,True
105051,True
105052,False
105053,True
105054,True
105055,True
105056,False
105057,False
105058,False
105059,False
105060,True
105061,False
105062,False
105063,False
105064,False
105065,False
105066,True
105067,False
105068,True
105069,False
105070,True
105071,False
105072,True
105073,False
105074,False
105075,False
105076,True
105077,False
105078,False
105079,False
105080,False
105081,True
105082,False
105083,False
105084,False
105085,False
105086,True
105087,True
105088,True
105089,False
105090,False
105091,False
105092,False
105093,True
105094,False
105095,False
105096,False
105097,True
105098,False
105099,False
105100,False
105101,True
105102,True
105103,False
105104,True
105105,False
105106,False
105107,False
105108,False
105109,True
105110,False
105111,True
105112,True
105113,False
105114,False
105115,False
105116,False
105117,True
105118,False
105119,False
105120,True
105121,True
105122,False
105123,True
105124,False
105125,True
105126,False
105127,False
105128,False
105129,True
105130,False
105131,False
105132,False
105133,True
105134,False
105135,False
105136,False
105137,True
105138,False
105139,False
105140,False
105141,False
105142,True
105143,False
105144,True
105145,False
105146,False
105147,False
105148,False
105149,True
105150,True
105151,False
105152,False
105153,False
105154,False
105155,False
105156,True
105157,False
105158,False
105159,True
105160,False
105161,False
105162,True
105163,False
105164,False
105165,False
105166,False
105167,True
105168,True
105169,False
105170,False
105171,True
105172,True
105173,False
105174,False
105175,True
105176,True
105177,False
105178,False
105179,False
105180,False
105181,False
105182,False
105183,False
105184,False
105185,True
105186,False
105187,True
105188,False
105189,False
105190,False
105191,False
105192,False
105193,True
105194,True
105195,True
105196,True
105197,False
105198,True
105199,True
105200,False
105201,False
105202,True
105203,False
105204,True
105205,True
105206,False
105207,False
105208,False
105209,False
105210,False
105211,False
105212,False
105213,False
105214,True
105215,True
105216,False
105217,False
105218,False
105219,False
105220,False
105221,True
105222,False
105223,False
105224,True
105225,False
105226,True
105227,False
105228,True
105229,False
105230,False
105231,False
105232,False
105233,False
105234,True
105235,True
105236,False
105237,True
105238,True
105239,False
105240,False
105241,True
105242,False
105243,False
105244,True
105245,False
105246,True
105247,False
105248,False
105249,False
105250,False
105251,True
105252,True
105253,False
105254,False
105255,False
105256,True
105257,False
105258,False
105259,False
105260,False
105261,False
105262,False
105263,False
105264,False
105265,False
105266,False
105267,False
105268,True
105269,True
105270,False
105271,False
105272,False
105273,False
105274,False
105275,True
105276,True
105277,False
105278,False
105279,True
105280,False
105281,True
105282,False
105283,False
105284,False
105285,False
105286,True
105287,False
105288,False
105289,True
105290,False
105291,False
105292,False
105293,False
105294,True
105295,False
105296,True
105297,False
105298,False
105299,True
105300,False
105301,False
105302,False
105303,False
105304,False
105305,False
105306,True
105307,True
105308,False
105309,False
105310,False
105311,False
105312,False
105313,True
105314,True
105315,False
105316,True
105317,True
105318,False
105319,False
105320,False
105321,True
105322,True
105323,True
105324,False
105325,False
105326,False
105327,True
105328,False
105329,False
105330,False
105331,True
105332,False
105333,False
105334,False
105335,False
105336,True
105337,False
105338,False
105339,True
105340,False
105341,False
105342,False
105343,False
105344,False
105345,False
105346,False
105347,False
105348,False
105349,False
105350,False
105351,False
105352,False
105353,False
105354,True
105355,False
105356,False
105357,False
105358,False
105359,True
105360,False
105361,True
105362,True
105363,True
105364,True
105365,False
105366,True
105367,True
105368,False
105369,False
105370,False
105371,True
105372,False
105373,True
105374,False
105375,True
105376,False
105377,True
105378,False
105379,False
105380,False
105381,True
105382,False
105383,True
105384,False
105385,False
105386,False
105387,True
105388,True
105389,False
105390,False
105391,True
105392,True
105393,False
105394,False
105395,False
105396,False
105397,False
105398,True
105399,False
105400,False
105401,True
105402,False
105403,True
105404,True
105405,False
105406,True
105407,True
105408,False
105409,False
105410,False
105411,False
105412,False
105413,True
105414,False
105415,False
105416,True
105417,False
105418,False
105419,False
105420,False
105421,False
105422,False
105423,True
105424,False
105425,True
105426,False
105427,True
105428,False
105429,False
105430,True
105431,True
105432,False
105433,False
105434,True
105435,False
105436,False
105437,True
105438,True
105439,False
105440,True
105441,False
105442,False
105443,False
105444,False
105445,True
105446,False
105447,False
105448,False
105449,True
105450,False
105451,False
105452,False
105453,True
105454,False
105455,False
105456,True
105457,False
105458,False
105459,False
105460,False
105461,False
105462,False
105463,True
105464,False
105465,False
105466,True
105467,False
105468,True
105469,False
105470,False
105471,False
105472,False
105473,False
105474,True
105475,False
105476,True
105477,False
105478,False
105479,True
105480,False
105481,False
105482,False
105483,True
105484,False
105485,False
105486,True
105487,False
105488,True
105489,False
105490,False
105491,False
105492,True
105493,False
105494,False
105495,False
105496,False
105497,False
105498,False
105499,False
105500,False
105501,True
105502,False
105503,False
105504,False
105505,False
105506,True
105507,False
105508,False
105509,False
105510,False
105511,False
105512,True
105513,True
105514,False
105515,True
105516,True
105517,True
105518,False
105519,True
105520,True
105521,False
105522,False
105523,False
105524,False
105525,False
105526,True
105527,False
105528,True
105529,False
105530,True
105531,True
105532,True
105533,False
105534,True
105535,True
105536,False
105537,False
105538,True
105539,True
105540,True
105541,True
105542,True
105543,True
105544,False
105545,False
105546,True
105547,False
105548,False
105549,True
105550,False
105551,True
105552,True
105553,True
105554,False
105555,True
105556,True
105557,False
105558,False
105559,False
105560,True
105561,True
105562,False
105563,False
105564,False
105565,True
105566,True
105567,True
105568,True
105569,False
105570,True
105571,False
105572,False
105573,False
105574,False
105575,True
105576,True
105577,True
105578,False
105579,True
105580,False
105581,True
105582,False
105583,False
105584,True
105585,False
105586,False
105587,True
105588,False
105589,False
105590,False
105591,True
105592,False
105593,False
105594,False
105595,True
105596,True
105597,False
105598,True
105599,False
105600,False
105601,True
105602,True
105603,False
105604,False
105605,False
105606,False
105607,True
105608,False
105609,True
105610,False
105611,False
105612,False
105613,False
105614,False
105615,False
105616,False
105617,True
105618,False
105619,False
105620,True
105621,True
105622,False
105623,True
105624,False
105625,True
105626,False
105627,False
105628,False
105629,True
105630,False
105631,True
105632,False
105633,False
105634,False
105635,False
105636,False
105637,False
105638,False
105639,False
105640,True
105641,False
105642,False
105643,False
105644,True
105645,False
105646,False
105647,False
105648,True
105649,False
105650,False
105651,True
105652,True
105653,False
105654,False
105655,True
105656,False
105657,False
105658,False
105659,False
105660,True
105661,True
105662,False
105663,False
105664,False
105665,True
105666,False
105667,False
105668,True
105669,False
105670,False
105671,False
105672,False
105673,False
105674,True
105675,False
105676,False
105677,True
105678,False
105679,True
105680,True
105681,True
105682,False
105683,False
105684,True
105685,False
105686,False
105687,False
105688,True
105689,False
105690,True
105691,True
105692,False
105693,True
105694,False
105695,True
105696,False
105697,True
105698,False
105699,True
105700,True
105701,True
105702,False
105703,False
105704,True
105705,False
105706,False
105707,False
105708,False
105709,False
105710,True
105711,False
105712,False
105713,False
105714,False
105715,True
105716,False
105717,False
105718,False
105719,True
105720,False
105721,False
105722,False
105723,False
105724,False
105725,True
105726,False
105727,True
105728,False
105729,True
105730,False
105731,True
105732,False
105733,True
105734,False
105735,False
105736,False
105737,False
105738,False
105739,False
105740,False
105741,True
105742,False
105743,False
105744,True
105745,True
105746,False
105747,False
105748,True
105749,False
105750,False
105751,True
105752,True
105753,True
105754,False
105755,True
105756,True
105757,False
105758,False
105759,True
105760,True
105761,False
105762,True
105763,True
105764,False
105765,True
105766,False
105767,False
105768,True
105769,True
105770,True
105771,True
105772,False
105773,True
105774,False
105775,False
105776,False
105777,False
105778,False
105779,False
105780,False
105781,False
105782,False
105783,True
105784,False
105785,True
105786,False
105787,False
105788,True
105789,False
105790,False
105791,True
105792,True
105793,False
105794,False
105795,False
105796,True
105797,True
105798,False
105799,True
105800,False
105801,True
105802,True
105803,True
105804,True
105805,False
105806,False
105807,True
105808,True
105809,False
105810,False
105811,True
105812,False
105813,False
105814,False
105815,False
105816,False
105817,False
105818,True
105819,False
105820,False
105821,False
105822,True
105823,True
105824,False
105825,False
105826,False
105827,True
105828,False
105829,False
105830,False
105831,False
105832,False
105833,True
105834,False
105835,True
105836,False
105837,False
105838,True
105839,False
105840,False
105841,False
105842,False
105843,False
105844,False
105845,True
105846,True
105847,False
105848,False
105849,False
105850,False
105851,False
105852,True
105853,False
105854,True
105855,False
105856,True
105857,False
105858,False
105859,False
105860,True
105861,False
105862,False
105863,True
105864,False
105865,False
105866,False
105867,True
105868,False
105869,True
105870,False
105871,False
105872,True
105873,False
105874,False
105875,True
105876,False
105877,False
105878,False
105879,False
105880,True
105881,False
105882,True
105883,False
105884,False
105885,True
105886,True
105887,False
105888,True
105889,False
105890,False
105891,False
105892,True
105893,False
105894,True
105895,True
105896,False
105897,False
105898,False
105899,False
105900,True
105901,False
105902,False
105903,False
105904,False
105905,True
105906,False
105907,True
105908,False
105909,False
105910,True
105911,True
105912,False
105913,True
105914,False
105915,False
105916,False
105917,False
105918,False
105919,True
105920,False
105921,False
105922,True
105923,False
105924,False
105925,True
105926,True
105927,False
105928,True
105929,False
105930,False
105931,False
105932,True
105933,False
105934,True
105935,False
105936,False
105937,True
105938,True
105939,False
105940,True
105941,False
105942,False
105943,False
105944,False
105945,False
105946,True
105947,True
105948,False
105949,True
105950,True
105951,True
105952,True
105953,True
105954,False
105955,False
105956,True
105957,False
105958,False
105959,True
105960,False
105961,True
105962,True
105963,False
105964,False
105965,True
105966,False
105967,False
105968,False
105969,False
105970,True
105971,False
105972,True
105973,True
105974,False
105975,False
105976,False
105977,False
105978,False
105979,False
105980,False
105981,True
105982,False
105983,False
105984,False
105985,False
105986,False
105987,False
105988,True
105989,True
105990,False
105991,True
105992,True
105993,False
105994,False
105995,False
105996,True
105997,False
105998,True
105999,False
106000,False
106001,True
106002,True
106003,False
106004,False
106005,False
106006,False
106007,True
106008,False
106009,False
106010,False
106011,False
106012,False
106013,False
106014,False
106015,False
106016,False
106017,False
106018,False
106019,True
106020,True
106021,False
106022,True
106023,False
106024,True
106025,True
106026,False
106027,True
106028,False
106029,False
106030,False
106031,False
106032,False
106033,False
106034,True
106035,False
106036,False
106037,True
106038,False
106039,True
106040,True
106041,False
106042,False
106043,False
106044,False
106045,False
106046,True
106047,False
106048,False
106049,False
106050,False
106051,False
106052,False
106053,True
106054,False
106055,False
106056,False
106057,True
106058,False
106059,False
106060,True
106061,False
106062,False
106063,False
106064,True
106065,True
106066,False
106067,True
106068,False
106069,True
106070,False
106071,True
106072,True
106073,False
106074,False
106075,True
106076,True
106077,False
106078,True
106079,False
106080,False
106081,False
106082,False
106083,False
106084,False
106085,True
106086,False
106087,False
106088,False
106089,False
106090,True
106091,False
106092,False
106093,False
106094,True
106095,True
106096,True
106097,False
106098,False
106099,False
106100,False
106101,False
106102,False
106103,False
106104,False
106105,False
106106,True
106107,False
106108,False
106109,True
106110,False
106111,False
106112,True
106113,False
106114,False
106115,False
106116,False
106117,False
106118,False
106119,False
106120,True
106121,False
106122,False
106123,False
106124,True
106125,False
106126,False
106127,True
106128,True
106129,True
106130,True
106131,False
106132,False
106133,False
106134,False
106135,True
106136,False
106137,False
106138,False
106139,False
106140,False
106141,False
106142,False
106143,True
106144,False
106145,False
106146,False
106147,True
106148,False
106149,False
106150,False
106151,False
106152,False
106153,False
106154,True
106155,False
106156,True
106157,False
106158,False
106159,False
106160,True
106161,False
106162,False
106163,True
106164,True
106165,True
106166,False
106167,True
106168,False
106169,False
106170,False
106171,False
106172,False
106173,True
106174,False
106175,False
106176,False
106177,False
106178,True
106179,False
106180,False
106181,True
106182,False
106183,False
106184,False
106185,False
106186,True
106187,False
106188,False
106189,True
106190,False
106191,False
106192,False
106193,False
106194,True
106195,False
106196,False
106197,False
106198,True
106199,False
106200,True
106201,False
106202,False
106203,True
106204,False
106205,True
106206,False
106207,False
106208,False
106209,False
106210,False
106211,True
106212,False
106213,True
106214,False
106215,False
106216,False
106217,False
106218,False
106219,True
106220,False
106221,False
106222,False
106223,False
106224,False
106225,True
106226,False
106227,True
106228,False
106229,False
106230,False
106231,False
106232,True
106233,True
106234,True
106235,False
106236,False
106237,False
106238,False
106239,False
106240,False
106241,True
106242,False
106243,False
106244,False
106245,True
106246,True
106247,False
106248,False
106249,False
106250,True
106251,True
106252,False
106253,True
106254,False
106255,True
106256,False
106257,False
106258,True
106259,False
106260,True
106261,True
106262,False
106263,False
106264,False
106265,False
106266,True
106267,False
106268,False
106269,False
106270,False
106271,False
106272,False
106273,False
106274,False
106275,False
106276,True
106277,False
106278,False
106279,False
106280,False
106281,False
106282,True
106283,False
106284,False
106285,False
106286,True
106287,True
106288,True
106289,False
106290,True
106291,True
106292,True
106293,False
106294,False
106295,True
106296,False
106297,False
106298,True
106299,False
106300,True
106301,True
106302,False
106303,False
106304,False
106305,False
106306,True
106307,True
106308,True
106309,True
106310,True
106311,False
106312,False
106313,True
106314,True
106315,False
106316,False
106317,False
106318,False
106319,False
106320,False
106321,False
106322,False
106323,False
106324,False
106325,True
106326,True
106327,False
106328,False
106329,True
106330,False
106331,False
106332,False
106333,False
106334,True
106335,True
106336,False
106337,True
106338,True
106339,False
106340,True
106341,False
106342,True
106343,False
106344,True
106345,False
106346,False
106347,False
106348,True
106349,False
106350,True
106351,True
106352,True
106353,False
106354,True
106355,False
106356,False
106357,True
106358,False
106359,True
106360,False
106361,False
106362,True
106363,False
106364,True
106365,False
106366,False
106367,False
106368,False
106369,True
106370,False
106371,False
106372,False
106373,True
106374,False
106375,False
106376,True
106377,True
106378,False
106379,True
106380,True
106381,False
106382,True
106383,False
106384,False
106385,False
106386,False
106387,False
106388,False
106389,True
106390,True
106391,False
106392,False
106393,False
106394,True
106395,False
106396,False
106397,True
106398,True
106399,True
106400,True
106401,True
106402,True
106403,False
106404,False
106405,False
106406,True
106407,False
106408,True
106409,False
106410,False
106411,False
106412,True
106413,True
106414,True
106415,True
106416,False
106417,False
106418,False
106419,False
106420,False
106421,False
106422,False
106423,False
106424,True
106425,False
106426,False
106427,False
106428,False
106429,False
106430,False
106431,False
106432,False
106433,False
106434,False
106435,True
106436,False
106437,True
106438,False
106439,False
106440,False
106441,True
106442,False
106443,False
106444,False
106445,False
106446,False
106447,True
106448,False
106449,False
106450,True
106451,True
106452,False
106453,False
106454,False
106455,False
106456,True
106457,False
106458,False
106459,False
106460,True
106461,True
106462,True
106463,False
106464,False
106465,False
106466,False
106467,False
106468,False
106469,True
106470,False
106471,False
106472,False
106473,True
106474,False
106475,False
106476,True
106477,False
106478,False
106479,False
106480,False
106481,False
106482,False
106483,True
106484,True
106485,False
106486,False
106487,True
106488,False
106489,False
106490,True
106491,True
106492,True
106493,False
106494,False
106495,False
106496,False
106497,False
106498,False
106499,False
106500,True
106501,False
106502,True
106503,False
106504,True
106505,False
106506,True
106507,False
106508,False
106509,False
106510,False
106511,False
106512,True
106513,False
106514,False
106515,True
106516,False
106517,False
106518,False
106519,True
106520,False
106521,True
106522,False
106523,True
106524,True
106525,True
106526,False
106527,True
106528,False
106529,True
106530,True
106531,False
106532,True
106533,False
106534,False
106535,False
106536,True
106537,False
106538,False
106539,False
106540,True
106541,False
106542,False
106543,False
106544,False
106545,False
106546,False
106547,True
106548,False
106549,True
106550,True
106551,False
106552,True
106553,True
106554,False
106555,False
106556,True
106557,True
106558,False
106559,False
106560,False
106561,False
106562,False
106563,False
106564,False
106565,True
106566,False
106567,False
106568,False
106569,True
106570,False
106571,False
106572,False
106573,True
106574,False
106575,False
106576,True
106577,False
106578,False
106579,False
106580,False
106581,True
106582,False
106583,False
106584,True
106585,False
106586,True
106587,False
106588,True
106589,False
106590,False
106591,False
106592,False
106593,False
106594,False
106595,True
106596,False
106597,False
106598,False
106599,True
106600,False
106601,False
106602,False
106603,True
106604,True
106605,False
106606,False
106607,True
106608,False
106609,False
106610,False
106611,False
106612,True
106613,True
106614,False
106615,False
106616,False
106617,False
106618,False
106619,True
106620,False
106621,True
106622,True
106623,False
106624,False
106625,False
106626,True
106627,False
106628,False
106629,True
106630,False
106631,False
106632,False
106633,False
106634,True
106635,False
106636,True
106637,False
106638,True
106639,False
106640,False
106641,False
106642,False
106643,False
106644,True
106645,True
106646,False
106647,True
106648,False
106649,False
106650,False
106651,False
106652,True
106653,False
106654,False
106655,False
106656,False
106657,False
106658,False
106659,True
106660,False
106661,False
106662,False
106663,True
106664,True
106665,False
106666,True
106667,False
106668,False
106669,True
106670,True
106671,False
106672,False
106673,False
106674,True
106675,False
106676,True
106677,False
106678,False
106679,True
106680,False
106681,False
106682,False
106683,False
106684,False
106685,True
106686,False
106687,True
106688,False
106689,False
106690,False
106691,False
106692,True
106693,False
106694,True
106695,True
106696,False
106697,False
106698,False
106699,False
106700,False
106701,True
106702,False
106703,False
106704,True
106705,False
106706,False
106707,False
106708,False
106709,False
106710,False
106711,False
106712,False
106713,False
106714,False
106715,True
106716,True
106717,False
106718,False
106719,False
106720,False
106721,False
106722,False
106723,False
106724,True
106725,True
106726,False
106727,False
106728,False
106729,False
106730,False
106731,True
106732,True
106733,False
106734,False
106735,False
106736,True
106737,True
106738,False
106739,True
106740,True
106741,False
106742,False
106743,False
106744,True
106745,False
106746,False
106747,True
106748,False
106749,False
106750,True
106751,False
106752,False
106753,False
106754,False
106755,True
106756,False
106757,True
106758,True
106759,False
106760,True
106761,False
106762,False
106763,True
106764,True
106765,True
106766,True
106767,True
106768,True
106769,True
106770,False
106771,False
106772,False
106773,False
106774,False
106775,False
106776,False
106777,True
106778,True
106779,True
106780,False
106781,False
106782,False
106783,False
106784,True
106785,False
106786,True
106787,False
106788,False
106789,False
106790,False
106791,False
106792,True
106793,False
106794,True
106795,False
106796,False
106797,False
106798,True
106799,False
106800,True
106801,False
106802,False
106803,True
106804,False
106805,True
106806,False
106807,False
106808,False
106809,False
106810,False
106811,True
106812,False
106813,False
106814,True
106815,True
106816,True
106817,False
106818,False
106819,False
106820,True
106821,True
106822,False
106823,False
106824,False
106825,False
106826,False
106827,False
106828,True
106829,True
106830,False
106831,True
106832,True
106833,True
106834,False
106835,True
106836,False
106837,True
106838,True
106839,False
106840,False
106841,True
106842,True
106843,True
106844,True
106845,True
106846,True
106847,True
106848,True
106849,True
106850,True
106851,True
106852,False
106853,True
106854,True
106855,True
106856,False
106857,False
106858,True
106859,True
106860,True
106861,True
106862,False
106863,True
106864,True
106865,False
106866,False
106867,False
106868,True
106869,False
106870,False
106871,False
106872,False
106873,True
106874,False
106875,False
106876,False
106877,True
106878,False
106879,False
106880,False
106881,True
106882,True
106883,True
106884,True
106885,False
106886,False
106887,True
106888,False
106889,True
106890,False
106891,False
106892,False
106893,False
106894,True
106895,False
106896,True
106897,False
106898,False
106899,False
106900,False
106901,False
106902,True
106903,True
106904,True
106905,False
106906,False
106907,True
106908,True
106909,False
106910,False
106911,True
106912,False
106913,False
106914,False
106915,False
106916,True
106917,False
106918,False
106919,True
106920,False
106921,False
106922,False
106923,False
106924,True
106925,False
106926,False
106927,True
106928,False
106929,False
106930,True
106931,False
106932,True
106933,False
106934,False
106935,True
106936,False
106937,True
106938,True
106939,False
106940,True
106941,False
106942,False
106943,False
106944,True
106945,False
106946,False
106947,False
106948,False
106949,True
106950,True
106951,False
106952,False
106953,False
106954,True
106955,False
106956,False
106957,False
106958,True
106959,False
106960,False
106961,False
106962,False
106963,False
106964,False
106965,False
106966,True
106967,True
106968,False
106969,False
106970,False
106971,False
106972,False
106973,True
106974,True
106975,False
106976,True
106977,False
106978,True
106979,False
106980,False
106981,False
106982,False
106983,False
106984,True
106985,True
106986,False
106987,True
106988,True
106989,True
106990,False
106991,False
106992,True
106993,False
106994,False
106995,True
106996,False
106997,True
106998,True
106999,True
107000,False
107001,True
107002,False
107003,False
107004,False
107005,False
107006,True
107007,False
107008,True
107009,False
107010,False
107011,False
107012,False
107013,True
107014,True
107015,False
107016,False
107017,True
107018,True
107019,False
107020,True
107021,False
107022,True
107023,True
107024,True
107025,False
107026,False
107027,True
107028,False
107029,True
107030,False
107031,True
107032,False
107033,False
107034,False
107035,False
107036,False
107037,False
107038,False
107039,True
107040,False
107041,False
107042,True
107043,False
107044,True
107045,False
107046,True
107047,True
107048,False
107049,True
107050,False
107051,False
107052,True
107053,False
107054,False
107055,False
107056,False
107057,False
107058,True
107059,True
107060,False
107061,True
107062,True
107063,False
107064,False
107065,False
107066,False
107067,False
107068,False
107069,True
107070,False
107071,False
107072,False
107073,False
107074,False
107075,False
107076,True
107077,False
107078,False
107079,False
107080,True
107081,True
107082,True
107083,True
107084,True
107085,True
107086,False
107087,True
107088,False
107089,False
107090,False
107091,False
107092,False
107093,False
107094,False
107095,True
107096,False
107097,True
107098,True
107099,False
107100,False
107101,True
107102,True
107103,False
107104,True
107105,False
107106,True
107107,False
107108,False
107109,False
107110,False
107111,False
107112,False
107113,True
107114,False
107115,False
107116,False
107117,False
107118,True
107119,False
107120,False
107121,False
107122,True
107123,False
107124,False
107125,False
107126,False
107127,False
107128,True
107129,False
107130,False
107131,False
107132,True
107133,False
107134,True
107135,True
107136,False
107137,True
107138,False
107139,True
107140,False
107141,True
107142,True
107143,False
107144,False
107145,True
107146,True
107147,False
107148,False
107149,True
107150,True
107151,False
107152,False
107153,True
107154,False
107155,True
107156,True
107157,False
107158,False
107159,False
107160,False
107161,True
107162,False
107163,True
107164,True
107165,False
107166,True
107167,False
107168,False
107169,True
107170,True
107171,False
107172,True
107173,False
107174,False
107175,False
107176,False
107177,False
107178,False
107179,False
107180,False
107181,False
107182,False
107183,True
107184,False
107185,False
107186,False
107187,False
107188,True
107189,False
107190,True
107191,True
107192,False
107193,False
107194,True
107195,False
107196,False
107197,True
107198,False
107199,False
107200,False
107201,False
107202,False
107203,False
107204,True
107205,True
107206,True
107207,False
107208,True
107209,False
107210,True
107211,False
107212,False
107213,False
107214,False
107215,True
107216,True
107217,False
107218,False
107219,False
107220,False
107221,False
107222,False
107223,True
107224,False
107225,True
107226,False
107227,False
107228,True
107229,True
107230,False
107231,True
107232,False
107233,True
107234,False
107235,True
107236,False
107237,False
107238,True
107239,False
107240,False
107241,True
107242,False
107243,False
107244,True
107245,True
107246,True
107247,True
107248,True
107249,False
107250,False
107251,False
107252,True
107253,False
107254,False
107255,False
107256,True
107257,True
107258,True
107259,False
107260,False
107261,True
107262,True
107263,True
107264,False
107265,False
107266,True
107267,False
107268,False
107269,False
107270,False
107271,False
107272,False
107273,True
107274,False
107275,False
107276,False
107277,False
107278,False
107279,False
107280,False
107281,True
107282,False
107283,True
107284,True
107285,False
107286,False
107287,False
107288,True
107289,False
107290,True
107291,False
107292,False
107293,False
107294,False
107295,False
107296,True
107297,False
107298,True
107299,False
107300,False
107301,False
107302,False
107303,False
107304,False
107305,False
107306,False
107307,True
107308,True
107309,False
107310,False
107311,False
107312,True
107313,True
107314,False
107315,False
107316,False
107317,False
107318,True
107319,True
107320,False
107321,True
107322,False
107323,False
107324,True
107325,False
107326,False
107327,False
107328,False
107329,False
107330,False
107331,False
107332,False
107333,False
107334,False
107335,False
107336,False
107337,True
107338,True
107339,False
107340,True
107341,False
107342,False
107343,False
107344,True
107345,True
107346,False
107347,False
107348,False
107349,True
107350,False
107351,False
107352,False
107353,False
107354,False
107355,False
107356,True
107357,True
107358,False
107359,False
107360,False
107361,False
107362,False
107363,False
107364,True
107365,False
107366,False
107367,False
107368,False
107369,True
107370,True
107371,True
107372,False
107373,True
107374,False
107375,True
107376,False
107377,False
107378,False
107379,True
107380,False
107381,False
107382,False
107383,False
107384,False
107385,False
107386,False
107387,True
107388,False
107389,False
107390,False
107391,False
107392,False
107393,True
107394,False
107395,False
107396,False
107397,False
107398,True
107399,True
107400,True
107401,False
107402,False
107403,False
107404,True
107405,False
107406,True
107407,True
107408,False
107409,False
107410,True
107411,True
107412,True
107413,False
107414,True
107415,True
107416,False
107417,True
107418,False
107419,True
107420,True
107421,True
107422,False
107423,False
107424,False
107425,False
107426,True
107427,True
107428,False
107429,False
107430,True
107431,False
107432,False
107433,False
107434,False
107435,False
107436,True
107437,True
107438,True
107439,False
107440,False
107441,True
107442,True
107443,False
107444,True
107445,True
107446,False
107447,False
107448,False
107449,False
107450,False
107451,False
107452,False
107453,False
107454,True
107455,False
107456,False
107457,True
107458,False
107459,False
107460,False
107461,False
107462,False
107463,False
107464,False
107465,False
107466,False
107467,True
107468,False
107469,False
107470,True
107471,True
107472,False
107473,True
107474,False
107475,True
107476,False
107477,True
107478,False
107479,False
107480,False
107481,False
107482,True
107483,True
107484,False
107485,False
107486,True
107487,False
107488,False
107489,True
107490,False
107491,True
107492,True
107493,True
107494,False
107495,True
107496,False
107497,False
107498,True
107499,True
107500,False
107501,False
107502,False
107503,False
107504,True
107505,True
107506,True
107507,True
107508,False
107509,True
107510,True
107511,False
107512,True
107513,False
107514,False
107515,False
107516,False
107517,False
107518,False
107519,False
107520,False
107521,False
107522,True
107523,False
107524,False
107525,False
107526,True
107527,True
107528,False
107529,False
107530,True
107531,False
107532,True
107533,True
107534,True
107535,False
107536,True
107537,False
107538,False
107539,False
107540,False
107541,True
107542,False
107543,False
107544,False
107545,True
107546,False
107547,False
107548,False
107549,False
107550,False
107551,True
107552,False
107553,False
107554,True
107555,True
107556,True
107557,False
107558,False
107559,True
107560,False
107561,True
107562,True
107563,True
107564,True
107565,True
107566,False
107567,True
107568,True
107569,True
107570,False
107571,False
107572,False
107573,False
107574,False
107575,False
107576,False
107577,False
107578,False
107579,False
107580,False
107581,True
107582,False
107583,False
107584,True
107585,False
107586,True
107587,False
107588,False
107589,False
107590,False
107591,True
107592,False
107593,False
107594,False
107595,True
107596,False
107597,False
107598,False
107599,True
107600,False
107601,False
107602,True
107603,False
107604,False
107605,False
107606,False
107607,False
107608,False
107609,False
107610,True
107611,False
107612,False
107613,False
107614,False
107615,False
107616,False
107617,False
107618,False
107619,False
107620,True
107621,True
107622,True
107623,False
107624,False
107625,False
107626,True
107627,True
107628,False
107629,True
107630,True
107631,False
107632,False
107633,False
107634,False
107635,False
107636,False
107637,True
107638,False
107639,True
107640,False
107641,True
107642,True
107643,False
107644,True
107645,False
107646,True
107647,False
107648,False
107649,True
107650,False
107651,True
107652,True
107653,False
107654,False
107655,False
107656,False
107657,True
107658,True
107659,False
107660,False
107661,False
107662,True
107663,False
107664,True
107665,True
107666,True
107667,False
107668,False
107669,True
107670,False
107671,False
107672,False
107673,False
107674,False
107675,False
107676,True
107677,False
107678,False
107679,False
107680,True
107681,True
107682,False
107683,False
107684,False
107685,False
107686,False
107687,False
107688,False
107689,True
107690,False
107691,False
107692,False
107693,False
107694,False
107695,True
107696,True
107697,False
107698,False
107699,False
107700,False
107701,True
107702,False
107703,False
107704,False
107705,False
107706,False
107707,False
107708,False
107709,True
107710,False
107711,False
107712,True
107713,False
107714,False
107715,False
107716,False
107717,True
107718,True
107719,False
107720,False
107721,False
107722,False
107723,False
107724,True
107725,True
107726,False
107727,False
107728,False
107729,False
107730,False
107731,True
107732,False
107733,True
107734,True
107735,False
107736,True
107737,False
107738,False
107739,True
107740,True
107741,False
107742,False
107743,False
107744,False
107745,False
107746,True
107747,True
107748,True
107749,False
107750,False
107751,False
107752,True
107753,False
107754,True
107755,True
107756,False
107757,False
107758,True
107759,True
107760,False
107761,False
107762,True
107763,False
107764,False
107765,False
107766,True
107767,False
107768,True
107769,False
107770,True
107771,True
107772,False
107773,False
107774,True
107775,True
107776,True
107777,False
107778,False
107779,False
107780,False
107781,False
107782,True
107783,False
107784,False
107785,False
107786,False
107787,True
107788,False
107789,False
107790,False
107791,True
107792,False
107793,True
107794,False
107795,False
107796,False
107797,True
107798,False
107799,False
107800,True
107801,False
107802,False
107803,False
107804,False
107805,False
107806,False
107807,True
107808,False
107809,True
107810,False
107811,True
107812,True
107813,False
107814,False
107815,False
107816,False
107817,False
107818,False
107819,False
107820,True
107821,False
107822,False
107823,False
107824,False
107825,False
107826,False
107827,False
107828,True
107829,True
107830,True
107831,False
107832,False
107833,True
107834,True
107835,True
107836,True
107837,False
107838,False
107839,False
107840,False
107841,False
107842,False
107843,True
107844,False
107845,True
107846,False
107847,False
107848,False
107849,False
107850,True
107851,False
107852,False
107853,False
107854,False
107855,False
107856,False
107857,False
107858,False
107859,False
107860,False
107861,False
107862,False
107863,False
107864,False
107865,False
107866,True
107867,False
107868,False
107869,False
107870,False
107871,False
107872,False
107873,False
107874,False
107875,False
107876,False
107877,False
107878,False
107879,False
107880,False
107881,False
107882,False
107883,False
107884,True
107885,False
107886,False
107887,True
107888,False
107889,False
107890,False
107891,False
107892,False
107893,False
107894,False
107895,True
107896,False
107897,True
107898,False
107899,True
107900,False
107901,True
107902,False
107903,False
107904,True
107905,True
107906,False
107907,False
107908,True
107909,False
107910,True
107911,False
107912,False
107913,False
107914,False
107915,False
107916,False
107917,True
107918,False
107919,False
107920,True
107921,True
107922,True
107923,False
107924,False
107925,False
107926,False
107927,False
107928,True
107929,False
107930,False
107931,False
107932,False
107933,False
107934,False
107935,False
107936,False
107937,True
107938,False
107939,False
107940,False
107941,True
107942,False
107943,False
107944,True
107945,False
107946,False
107947,False
107948,True
107949,True
107950,True
107951,False
107952,True
107953,False
107954,False
107955,False
107956,False
107957,False
107958,True
107959,True
107960,True
107961,False
107962,False
107963,True
107964,True
107965,False
107966,True
107967,False
107968,False
107969,False
107970,True
107971,True
107972,False
107973,False
107974,False
107975,True
107976,False
107977,False
107978,False
107979,False
107980,False
107981,False
107982,True
107983,False
107984,False
107985,False
107986,False
107987,False
107988,False
107989,True
107990,True
107991,True
107992,False
107993,True
107994,False
107995,False
107996,False
107997,False
107998,False
107999,False
108000,False
108001,True
108002,False
108003,False
108004,False
108005,False
108006,True
108007,True
108008,False
108009,False
108010,False
108011,True
108012,False
108013,True
108014,False
108015,True
108016,True
108017,True
108018,True
108019,True
108020,True
108021,False
108022,True
108023,True
108024,False
108025,True
108026,False
108027,True
108028,False
108029,False
108030,False
108031,False
108032,True
108033,False
108034,False
108035,True
108036,True
108037,False
108038,False
108039,True
108040,False
108041,False
108042,True
108043,False
108044,False
108045,False
108046,False
108047,False
108048,False
108049,True
108050,True
108051,True
108052,True
108053,False
108054,False
108055,False
108056,True
108057,False
108058,True
108059,False
108060,True
108061,False
108062,False
108063,True
108064,False
108065,False
108066,True
108067,False
108068,False
108069,True
108070,True
108071,False
108072,True
108073,False
108074,True
108075,True
108076,False
108077,True
108078,True
108079,True
108080,False
108081,True
108082,True
108083,False
108084,False
108085,True
108086,False
108087,True
108088,False
108089,False
108090,True
108091,False
108092,False
108093,False
108094,False
108095,True
108096,False
108097,True
108098,False
108099,False
108100,True
108101,False
108102,True
108103,False
108104,True
108105,True
108106,False
108107,True
108108,True
108109,False
108110,False
108111,False
108112,True
108113,False
108114,True
108115,False
108116,False
108117,False
108118,True
108119,True
108120,False
108121,False
108122,False
108123,False
108124,True
108125,False
108126,False
108127,False
108128,True
108129,False
108130,False
108131,True
108132,False
108133,False
108134,False
108135,False
108136,True
108137,False
108138,False
108139,False
108140,False
108141,False
108142,True
108143,False
108144,True
108145,False
108146,True
108147,False
108148,False
108149,False
108150,False
108151,False
108152,False
108153,False
108154,True
108155,False
108156,False
108157,True
108158,False
108159,False
108160,True
108161,False
108162,False
108163,False
108164,True
108165,False
108166,False
108167,False
108168,False
108169,False
108170,False
108171,True
108172,False
108173,True
108174,False
108175,True
108176,False
108177,False
108178,False
108179,False
108180,False
108181,False
108182,False
108183,True
108184,False
108185,False
108186,False
108187,False
108188,False
108189,True
108190,True
108191,False
108192,False
108193,False
108194,True
108195,False
108196,True
108197,True
108198,False
108199,False
108200,False
108201,False
108202,True
108203,False
108204,False
108205,True
108206,True
108207,False
108208,False
108209,False
108210,False
108211,True
108212,True
108213,False
108214,True
108215,False
108216,False
108217,False
108218,False
108219,True
108220,False
108221,False
108222,True
108223,True
108224,False
108225,True
108226,False
108227,True
108228,False
108229,True
108230,True
108231,True
108232,True
108233,False
108234,True
108235,False
108236,False
108237,False
108238,False
108239,False
108240,True
108241,False
108242,False
108243,False
108244,True
108245,True
108246,False
108247,True
108248,False
108249,False
108250,False
108251,False
108252,False
108253,False
108254,False
108255,False
108256,False
108257,False
108258,True
108259,True
108260,False
108261,False
108262,True
108263,True
108264,False
108265,True
108266,False
108267,True
108268,False
108269,False
108270,True
108271,False
108272,False
108273,False
108274,False
108275,False
108276,False
108277,False
108278,True
108279,True
108280,False
108281,True
108282,False
108283,False
108284,False
108285,False
108286,False
108287,False
108288,False
108289,False
108290,True
108291,False
108292,True
108293,False
108294,True
108295,False
108296,False
108297,True
108298,False
108299,False
108300,False
108301,False
108302,False
108303,False
108304,True
108305,True
108306,False
108307,True
108308,False
108309,False
108310,True
108311,True
108312,True
108313,False
108314,False
108315,True
108316,False
108317,False
108318,False
108319,False
108320,False
108321,False
108322,False
108323,False
108324,True
108325,False
108326,False
108327,False
108328,True
108329,False
108330,False
108331,False
108332,False
108333,False
108334,False
108335,True
108336,False
108337,False
108338,False
108339,True
108340,False
108341,False
108342,False
108343,False
108344,False
108345,False
108346,True
108347,True
108348,True
108349,False
108350,False
108351,False
108352,False
108353,False
108354,True
108355,False
108356,True
108357,True
108358,False
108359,False
108360,False
108361,False
108362,False
108363,True
108364,False
108365,False
108366,True
108367,False
108368,False
108369,False
108370,False
108371,False
108372,True
108373,True
108374,False
108375,False
108376,False
108377,False
108378,False
108379,True
108380,False
108381,False
108382,False
108383,False
108384,False
108385,False
108386,False
108387,False
108388,False
108389,False
108390,True
108391,True
108392,True
108393,False
108394,True
108395,True
108396,True
108397,True
108398,True
108399,True
108400,True
108401,False
108402,False
108403,False
108404,True
108405,False
108406,False
108407,False
108408,False
108409,False
108410,True
108411,False
108412,False
108413,False
108414,True
108415,False
108416,True
108417,False
108418,False
108419,True
108420,False
108421,False
108422,False
108423,False
108424,True
108425,True
108426,True
108427,False
108428,True
108429,True
108430,False
108431,False
108432,False
108433,False
108434,True
108435,False
108436,True
108437,False
108438,False
108439,False
108440,False
108441,True
108442,True
108443,True
108444,True
108445,False
108446,True
108447,True
108448,False
108449,False
108450,True
108451,False
108452,False
108453,True
108454,False
108455,False
108456,False
108457,False
108458,False
108459,False
108460,True
108461,False
108462,False
108463,False
108464,False
108465,False
108466,True
108467,False
108468,False
108469,True
108470,True
108471,False
108472,False
108473,False
108474,False
108475,True
108476,False
108477,False
108478,True
108479,True
108480,False
108481,False
108482,False
108483,True
108484,False
108485,False
108486,False
108487,False
108488,False
108489,True
108490,False
108491,True
108492,False
108493,True
108494,True
108495,True
108496,False
108497,True
108498,False
108499,False
108500,False
108501,True
108502,False
108503,True
108504,False
108505,True
108506,False
108507,False
108508,False
108509,True
108510,True
108511,False
108512,True
108513,True
108514,False
108515,True
108516,True
108517,False
108518,True
108519,False
108520,False
108521,True
108522,True
108523,False
108524,True
108525,False
108526,False
108527,True
108528,False
108529,False
108530,True
108531,False
108532,False
108533,False
108534,False
108535,False
108536,True
108537,False
108538,True
108539,False
108540,True
108541,True
108542,False
108543,False
108544,True
108545,False
108546,True
108547,True
108548,False
108549,False
108550,False
108551,False
108552,False
108553,True
108554,True
108555,True
108556,False
108557,False
108558,False
108559,False
108560,True
108561,False
108562,False
108563,False
108564,False
108565,True
108566,False
108567,False
108568,False
108569,True
108570,True
108571,False
108572,False
108573,False
108574,False
108575,True
108576,True
108577,False
108578,False
108579,False
108580,False
108581,False
108582,True
108583,False
108584,False
108585,True
108586,True
108587,False
108588,True
108589,True
108590,True
108591,True
108592,False
108593,True
108594,False
108595,False
108596,False
108597,False
108598,False
108599,False
108600,False
108601,False
108602,True
108603,False
108604,False
108605,True
108606,True
108607,False
108608,True
108609,False
108610,False
108611,True
108612,False
108613,True
108614,False
108615,False
108616,True
108617,False
108618,False
108619,False
108620,False
108621,True
108622,False
108623,True
108624,True
108625,False
108626,False
108627,False
108628,False
108629,False
108630,True
108631,False
108632,False
108633,False
108634,False
108635,False
108636,True
108637,True
108638,False
108639,True
108640,False
108641,False
108642,True
108643,False
108644,False
108645,True
108646,True
108647,False
108648,True
108649,True
108650,True
108651,True
108652,True
108653,False
108654,False
108655,False
108656,False
108657,True
108658,False
108659,False
108660,False
108661,False
108662,False
108663,True
108664,False
108665,False
108666,False
108667,False
108668,False
108669,False
108670,False
108671,True
108672,True
108673,True
108674,True
108675,True
108676,False
108677,True
108678,True
108679,False
108680,False
108681,False
108682,True
108683,False
108684,False
108685,True
108686,False
108687,False
108688,False
108689,True
108690,False
108691,True
108692,False
108693,False
108694,False
108695,True
108696,True
108697,False
108698,False
108699,True
108700,False
108701,False
108702,False
108703,False
108704,False
108705,False
108706,True
108707,False
108708,False
108709,False
108710,False
108711,True
108712,False
108713,False
108714,False
108715,False
108716,True
108717,True
108718,True
108719,False
108720,False
108721,True
108722,True
108723,True
108724,False
108725,True
108726,True
108727,True
108728,True
108729,True
108730,False
108731,True
108732,False
108733,False
108734,True
108735,False
108736,False
108737,False
108738,True
108739,True
108740,False
108741,True
108742,False
108743,True
108744,False
108745,False
108746,False
108747,True
108748,False
108749,True
108750,False
108751,True
108752,True
108753,False
108754,False
108755,False
108756,True
108757,False
108758,False
108759,False
108760,False
108761,True
108762,False
108763,False
108764,False
108765,True
108766,True
108767,False
108768,False
108769,True
108770,False
108771,True
108772,False
108773,False
108774,False
108775,True
108776,False
108777,False
108778,False
108779,False
108780,False
108781,False
108782,True
108783,True
108784,False
108785,True
108786,True
108787,False
108788,False
108789,False
108790,True
108791,False
108792,False
108793,True
108794,True
108795,False
108796,False
108797,False
108798,False
108799,True
108800,True
108801,False
108802,False
108803,True
108804,True
108805,True
108806,False
108807,False
108808,True
108809,False
108810,True
108811,False
108812,True
108813,False
108814,False
108815,False
108816,True
108817,False
108818,True
108819,False
108820,True
108821,True
108822,True
108823,False
108824,False
108825,True
108826,False
108827,False
108828,True
108829,True
108830,False
108831,True
108832,False
108833,True
108834,False
108835,False
108836,True
108837,True
108838,False
108839,False
108840,True
108841,False
108842,True
108843,False
108844,True
108845,False
108846,False
108847,True
108848,False
108849,True
108850,False
108851,False
108852,False
108853,True
108854,True
108855,True
108856,True
108857,True
108858,False
108859,True
108860,True
108861,False
108862,False
108863,False
108864,False
108865,True
108866,True
108867,True
108868,False
108869,False
108870,False
108871,True
108872,False
108873,True
108874,True
108875,True
108876,False
108877,False
108878,False
108879,True
108880,False
108881,False
108882,True
108883,False
108884,True
108885,False
108886,False
108887,False
108888,False
108889,True
108890,False
108891,True
108892,False
108893,True
108894,False
108895,False
108896,False
108897,True
108898,False
108899,False
108900,False
108901,True
108902,False
108903,False
108904,False
108905,True
108906,False
108907,False
108908,False
108909,False
108910,True
108911,False
108912,False
108913,False
108914,True
108915,False
108916,True
108917,False
108918,True
108919,False
108920,True
108921,False
108922,True
108923,True
108924,True
108925,False
108926,False
108927,False
108928,False
108929,True
108930,True
108931,False
108932,True
108933,True
108934,False
108935,False
108936,False
108937,False
108938,True
108939,True
108940,True
108941,False
108942,False
108943,True
108944,False
108945,False
108946,False
108947,False
108948,False
108949,True
108950,False
108951,False
108952,False
108953,False
108954,False
108955,True
108956,True
108957,False
108958,True
108959,True
108960,False
108961,False
108962,False
108963,False
108964,True
108965,False
108966,True
108967,True
108968,False
108969,True
108970,False
108971,False
108972,False
108973,False
108974,False
108975,False
108976,False
108977,False
108978,False
108979,True
108980,False
108981,False
108982,False
108983,True
108984,True
108985,False
108986,False
108987,False
108988,True
108989,False
108990,False
108991,False
108992,False
108993,False
108994,False
108995,True
108996,False
108997,False
108998,True
108999,False
109000,False
109001,False
109002,True
109003,False
109004,False
109005,True
109006,True
109007,True
109008,False
109009,True
109010,False
109011,False
109012,False
109013,False
109014,False
109015,True
109016,False
109017,False
109018,True
109019,False
109020,False
109021,True
109022,False
109023,False
109024,False
109025,False
109026,False
109027,True
109028,False
109029,False
109030,False
109031,False
109032,False
109033,False
109034,False
109035,True
109036,False
109037,False
109038,False
109039,False
109040,False
109041,True
109042,False
109043,True
109044,True
109045,True
109046,False
109047,False
109048,False
109049,False
109050,False
109051,True
109052,False
109053,False
109054,True
109055,False
109056,True
109057,False
109058,False
109059,True
109060,False
109061,False
109062,False
109063,True
109064,True
109065,True
109066,False
109067,False
109068,False
109069,False
109070,False
109071,False
109072,True
109073,False
109074,True
109075,False
109076,True
109077,True
109078,True
109079,False
109080,False
109081,False
109082,False
109083,True
109084,False
109085,False
109086,False
109087,True
109088,True
109089,True
109090,True
109091,True
109092,False
109093,False
109094,False
109095,False
109096,False
109097,False
109098,True
109099,False
109100,True
109101,True
109102,False
109103,False
109104,False
109105,False
109106,True
109107,True
109108,False
109109,False
109110,False
109111,False
109112,True
109113,True
109114,True
109115,True
109116,False
109117,False
109118,False
109119,False
109120,False
109121,False
109122,False
109123,True
109124,False
109125,False
109126,False
109127,True
109128,False
109129,False
109130,True
109131,False
109132,False
109133,False
109134,False
109135,False
109136,False
109137,False
109138,True
109139,False
109140,False
109141,True
109142,False
109143,True
109144,True
109145,False
109146,False
109147,True
109148,False
109149,False
109150,False
109151,False
109152,True
109153,False
109154,True
109155,True
109156,False
109157,False
109158,False
109159,False
109160,True
109161,False
109162,False
109163,False
109164,False
109165,True
109166,False
109167,False
109168,False
109169,False
109170,False
109171,False
109172,False
109173,False
109174,False
109175,False
109176,False
109177,False
109178,False
109179,False
109180,False
109181,False
109182,False
109183,True
109184,False
109185,True
109186,False
109187,False
109188,False
109189,True
109190,False
109191,True
109192,False
109193,True
109194,False
109195,True
109196,True
109197,True
109198,False
109199,True
109200,True
109201,False
109202,False
109203,False
109204,True
109205,False
109206,False
109207,False
109208,True
109209,False
109210,True
109211,True
109212,True
109213,True
109214,False
109215,False
109216,False
109217,False
109218,False
109219,False
109220,False
109221,False
109222,False
109223,True
109224,False
109225,False
109226,False
109227,False
109228,True
109229,False
109230,True
109231,False
109232,False
109233,False
109234,False
109235,True
109236,False
109237,False
109238,True
109239,True
109240,False
109241,False
109242,True
109243,True
109244,False
109245,True
109246,True
109247,False
109248,False
109249,False
109250,False
109251,False
109252,True
109253,True
109254,True
109255,False
109256,False
109257,False
109258,False
109259,False
109260,False
109261,True
109262,True
109263,True
109264,True
109265,False
109266,False
109267,False
109268,True
109269,True
109270,True
109271,False
109272,False
109273,False
109274,True
109275,False
109276,False
109277,False
109278,True
109279,True
109280,True
109281,False
109282,False
109283,False
109284,False
109285,False
109286,True
109287,True
109288,False
109289,True
109290,False
109291,False
109292,False
109293,True
109294,True
109295,False
109296,True
109297,False
109298,False
109299,False
109300,False
109301,False
109302,False
109303,True
109304,False
109305,True
109306,False
109307,False
109308,False
109309,True
109310,True
109311,False
109312,False
109313,False
109314,False
109315,True
109316,False
109317,False
109318,True
109319,False
109320,False
109321,True
109322,False
109323,False
109324,False
109325,False
109326,True
109327,True
109328,False
109329,True
109330,True
109331,True
109332,True
109333,True
109334,False
109335,False
109336,False
109337,False
109338,False
109339,False
109340,True
109341,True
109342,False
109343,False
109344,True
109345,False
109346,False
109347,False
109348,False
109349,False
109350,False
109351,True
109352,True
109353,False
109354,True
109355,True
109356,False
109357,True
109358,True
109359,True
109360,False
109361,True
109362,False
109363,False
109364,True
109365,False
109366,False
109367,True
109368,False
109369,False
109370,False
109371,False
109372,False
109373,False
109374,True
109375,False
109376,True
109377,False
109378,True
109379,True
109380,False
109381,True
109382,False
109383,True
109384,True
109385,False
109386,False
109387,False
109388,False
109389,False
109390,True
109391,True
109392,False
109393,False
109394,False
109395,True
109396,True
109397,False
109398,True
109399,True
109400,False
109401,False
109402,True
109403,False
109404,False
109405,False
109406,False
109407,False
109408,False
109409,False
109410,True
109411,True
109412,False
109413,True
109414,True
109415,False
109416,False
109417,False
109418,False
109419,False
109420,False
109421,False
109422,False
109423,False
109424,False
109425,False
109426,False
109427,True
109428,True
109429,False
109430,True
109431,False
109432,True
109433,False
109434,False
109435,False
109436,True
109437,True
109438,True
109439,True
109440,True
109441,False
109442,True
109443,False
109444,False
109445,True
109446,False
109447,False
109448,False
109449,False
109450,False
109451,True
109452,True
109453,True
109454,True
109455,False
109456,False
109457,True
109458,True
109459,True
109460,False
109461,False
109462,False
109463,False
109464,True
109465,False
109466,False
109467,True
109468,True
109469,False
109470,True
109471,True
109472,True
109473,False
109474,False
109475,False
109476,True
109477,True
109478,True
109479,False
109480,False
109481,True
109482,False
109483,False
109484,False
109485,True
109486,False
109487,True
109488,False
109489,False
109490,False
109491,False
109492,False
109493,False
109494,False
109495,False
109496,False
109497,True
109498,False
109499,True
109500,True
109501,False
109502,False
109503,True
109504,False
109505,False
109506,False
109507,True
109508,False
109509,False
109510,False
109511,True
109512,False
109513,False
109514,False
109515,False
109516,False
109517,False
109518,False
109519,False
109520,False
109521,True
109522,False
109523,False
109524,False
109525,False
109526,False
109527,True
109528,False
109529,True
109530,False
109531,False
109532,False
109533,False
109534,False
109535,True
109536,False
109537,False
109538,False
109539,False
109540,True
109541,True
109542,True
109543,False
109544,False
109545,True
109546,True
109547,False
109548,True
109549,True
109550,True
109551,False
109552,False
109553,False
109554,True
109555,False
109556,False
109557,False
109558,False
109559,False
109560,False
109561,False
109562,False
109563,False
109564,True
109565,False
109566,False
109567,False
109568,False
109569,False
109570,True
109571,False
109572,False
109573,False
109574,False
109575,False
109576,False
109577,True
109578,True
109579,False
109580,True
109581,True
109582,False
109583,False
109584,False
109585,False
109586,True
109587,True
109588,True
109589,True
109590,False
109591,False
109592,False
109593,False
109594,False
109595,True
109596,False
109597,False
109598,False
109599,False
109600,False
109601,False
109602,True
109603,True
109604,True
109605,True
109606,True
109607,False
109608,False
109609,False
109610,False
109611,False
109612,False
109613,False
109614,False
109615,False
109616,True
109617,False
109618,False
109619,False
109620,False
109621,False
109622,True
109623,True
109624,False
109625,False
109626,False
109627,False
109628,False
109629,False
109630,True
109631,True
109632,False
109633,True
109634,True
109635,False
109636,True
109637,True
109638,False
109639,False
109640,True
109641,False
109642,False
109643,False
109644,True
109645,False
109646,True
109647,False
109648,False
109649,False
109650,False
109651,True
109652,False
109653,True
109654,True
109655,False
109656,True
109657,False
109658,False
109659,False
109660,False
109661,False
109662,False
109663,True
109664,True
109665,True
109666,False
109667,False
109668,True
109669,True
109670,False
109671,True
109672,False
109673,True
109674,False
109675,False
109676,True
109677,False
109678,True
109679,False
109680,True
109681,False
109682,True
109683,True
109684,False
109685,True
109686,True
109687,True
109688,False
109689,False
109690,True
109691,False
109692,False
109693,True
109694,False
109695,False
109696,False
109697,False
109698,True
109699,False
109700,False
109701,False
109702,False
109703,False
109704,False
109705,True
109706,False
109707,False
109708,False
109709,False
109710,True
109711,False
109712,True
109713,False
109714,True
109715,False
109716,True
109717,False
109718,False
109719,True
109720,False
109721,False
109722,True
109723,True
109724,False
109725,False
109726,True
109727,True
109728,True
109729,False
109730,True
109731,True
109732,False
109733,False
109734,False
109735,False
109736,True
109737,True
109738,True
109739,True
109740,True
109741,False
109742,True
109743,False
109744,True
109745,True
109746,True
109747,False
109748,False
109749,True
109750,False
109751,True
109752,True
109753,True
109754,False
109755,False
109756,False
109757,True
109758,False
109759,False
109760,True
109761,False
109762,True
109763,False
109764,False
109765,False
109766,True
109767,False
109768,False
109769,False
109770,True
109771,True
109772,False
109773,True
109774,False
109775,False
109776,False
109777,False
109778,False
109779,False
109780,False
109781,True
109782,True
109783,False
109784,True
109785,True
109786,False
109787,True
109788,False
109789,True
109790,False
109791,False
109792,False
109793,False
109794,True
109795,True
109796,True
109797,True
109798,False
109799,False
109800,False
109801,False
109802,True
109803,False
109804,True
109805,False
109806,False
109807,False
109808,False
109809,True
109810,False
109811,False
109812,False
109813,True
109814,False
109815,False
109816,True
109817,False
109818,True
109819,False
109820,True
109821,False
109822,True
109823,False
109824,True
109825,False
109826,False
109827,False
109828,False
109829,True
109830,True
109831,False
109832,False
109833,False
109834,False
109835,True
109836,True
109837,False
109838,False
109839,False
109840,False
109841,False
109842,False
109843,True
109844,False
109845,False
109846,False
109847,True
109848,False
109849,False
109850,False
109851,False
109852,False
109853,False
109854,False
109855,False
109856,False
109857,True
109858,False
109859,False
109860,True
109861,False
109862,False
109863,True
109864,False
109865,False
109866,False
109867,False
109868,False
109869,False
109870,False
109871,True
109872,True
109873,True
109874,False
109875,False
109876,False
109877,True
109878,False
109879,False
109880,True
109881,False
109882,False
109883,False
109884,True
109885,True
109886,False
109887,False
109888,True
109889,False
109890,False
109891,True
109892,False
109893,False
109894,False
109895,True
109896,True
109897,False
109898,False
109899,False
109900,True
109901,False
109902,True
109903,False
109904,False
109905,True
109906,False
109907,False
109908,False
109909,False
109910,False
109911,False
109912,False
109913,False
109914,True
109915,True
109916,False
109917,True
109918,False
109919,True
109920,False
109921,False
109922,False
109923,True
109924,False
109925,False
109926,True
109927,False
109928,True
109929,True
109930,True
109931,False
109932,False
109933,False
109934,True
109935,True
109936,False
109937,False
109938,False
109939,True
109940,False
109941,False
109942,False
109943,False
109944,True
109945,False
109946,False
109947,False
109948,False
109949,False
109950,False
109951,False
109952,True
109953,False
109954,True
109955,True
109956,True
109957,False
109958,False
109959,True
109960,True
109961,False
109962,True
109963,False
109964,True
109965,False
109966,False
109967,False
109968,False
109969,False
109970,True
109971,False
109972,False
109973,False
109974,True
109975,False
109976,True
109977,False
109978,False
109979,True
109980,True
109981,False
109982,False
109983,False
109984,False
109985,False
109986,False
109987,False
109988,False
109989,False
109990,False
109991,True
109992,True
109993,True
109994,True
109995,True
109996,True
109997,False
109998,False
109999,False
110000,True
110001,True
110002,False
110003,False
110004,False
110005,False
110006,False
110007,False
110008,False
110009,True
110010,False
110011,True
110012,False
110013,False
110014,False
110015,False
110016,False
110017,False
110018,True
110019,False
110020,False
110021,True
110022,True
110023,True
110024,True
110025,True
110026,True
110027,False
110028,True
110029,False
110030,False
110031,False
110032,False
110033,True
110034,True
110035,False
110036,False
110037,False
110038,False
110039,False
110040,False
110041,False
110042,False
110043,False
110044,True
110045,True
110046,False
110047,True
110048,False
110049,False
110050,False
110051,False
110052,False
110053,True
110054,True
110055,False
110056,True
110057,False
110058,False
110059,False
110060,False
110061,False
110062,True
110063,False
110064,True
110065,True
110066,False
110067,False
110068,False
110069,False
110070,False
110071,False
110072,False
110073,True
110074,True
110075,True
110076,True
110077,False
110078,False
110079,False
110080,False
110081,True
110082,False
110083,False
110084,False
110085,True
110086,False
110087,True
110088,False
110089,False
110090,True
110091,False
110092,True
110093,False
110094,True
110095,False
110096,False
110097,True
110098,False
110099,False
110100,False
110101,False
110102,False
110103,False
110104,False
110105,True
110106,True
110107,False
110108,False
110109,False
110110,False
110111,True
110112,False
110113,False
110114,True
110115,True
110116,True
110117,False
110118,False
110119,True
110120,True
110121,False
110122,True
110123,True
110124,False
110125,False
110126,True
110127,True
110128,True
110129,True
110130,False
110131,True
110132,False
110133,False
110134,False
110135,False
110136,False
110137,False
110138,False
110139,False
110140,False
110141,False
110142,True
110143,True
110144,False
110145,True
110146,False
110147,False
110148,True
110149,False
110150,False
110151,False
110152,False
110153,True
110154,False
110155,False
110156,False
110157,True
110158,False
110159,False
110160,False
110161,True
110162,False
110163,False
110164,False
110165,False
110166,True
110167,False
110168,False
110169,False
110170,False
110171,True
110172,True
110173,False
110174,False
110175,False
110176,False
110177,False
110178,False
110179,False
110180,False
110181,False
110182,False
110183,True
110184,False
110185,True
110186,True
110187,True
110188,False
110189,True
110190,False
110191,False
110192,False
110193,False
110194,False
110195,False
110196,True
110197,False
110198,False
110199,True
110200,False
110201,True
110202,False
110203,False
110204,True
110205,False
110206,True
110207,False
110208,True
110209,False
110210,False
110211,False
110212,False
110213,True
110214,True
110215,False
110216,False
110217,False
110218,False
110219,False
110220,True
110221,False
110222,False
110223,True
110224,True
110225,True
110226,False
110227,False
110228,True
110229,False
110230,False
110231,True
110232,False
110233,True
110234,True
110235,False
110236,True
110237,False
110238,False
110239,False
110240,True
110241,False
110242,False
110243,True
110244,False
110245,False
110246,False
110247,True
110248,False
110249,False
110250,False
110251,False
110252,False
110253,False
110254,False
110255,True
110256,True
110257,False
110258,False
110259,False
110260,False
110261,False
110262,False
110263,False
110264,False
110265,False
110266,False
110267,True
110268,False
110269,False
110270,False
110271,False
110272,False
110273,False
110274,False
110275,False
110276,True
110277,True
110278,False
110279,True
110280,False
110281,False
110282,False
110283,False
110284,True
110285,False
110286,False
110287,False
110288,False
110289,False
110290,True
110291,False
110292,False
110293,False
110294,False
110295,False
110296,True
110297,False
110298,False
110299,True
110300,True
110301,True
110302,True
110303,True
110304,True
110305,False
110306,True
110307,True
110308,True
110309,True
110310,True
110311,False
110312,False
110313,False
110314,True
110315,False
110316,False
110317,False
110318,False
110319,False
110320,False
110321,False
110322,False
110323,True
110324,True
110325,True
110326,False
110327,False
110328,False
110329,False
110330,False
110331,False
110332,False
110333,False
110334,False
110335,True
110336,False
110337,False
110338,False
110339,False
110340,False
110341,True
110342,True
110343,False
110344,False
110345,False
110346,False
110347,False
110348,True
110349,False
110350,False
110351,False
110352,False
110353,False
110354,True
110355,False
110356,False
110357,False
110358,True
110359,False
110360,False
110361,False
110362,True
110363,False
110364,False
110365,True
110366,False
110367,False
110368,False
110369,True
110370,True
110371,False
110372,False
110373,False
110374,False
110375,False
110376,False
110377,False
110378,False
110379,False
110380,False
110381,False
110382,False
110383,True
110384,False
110385,False
110386,True
110387,False
110388,True
110389,False
110390,True
110391,False
110392,True
110393,False
110394,False
110395,False
110396,False
110397,False
110398,True
110399,True
110400,False
110401,False
110402,False
110403,False
110404,False
110405,False
110406,False
110407,False
110408,True
110409,False
110410,True
110411,False
110412,False
110413,False
110414,False
110415,False
110416,False
110417,True
110418,True
110419,False
110420,False
110421,False
110422,False
110423,False
110424,False
110425,False
110426,False
110427,True
110428,False
110429,False
110430,True
110431,False
110432,True
110433,False
110434,False
110435,False
110436,False
110437,False
110438,True
110439,False
110440,False
110441,True
110442,False
110443,False
110444,False
110445,True
110446,True
110447,False
110448,False
110449,False
110450,False
110451,False
110452,True
110453,True
110454,True
110455,True
110456,True
110457,False
110458,False
110459,True
110460,True
110461,False
110462,False
110463,False
110464,True
110465,True
110466,True
110467,True
110468,True
110469,True
110470,False
110471,False
110472,True
110473,False
110474,False
110475,False
110476,False
110477,False
110478,False
110479,False
110480,True
110481,True
110482,False
110483,True
110484,False
110485,False
110486,False
110487,True
110488,True
110489,False
110490,True
110491,False
110492,False
110493,False
110494,False
110495,False
110496,False
110497,False
110498,False
110499,False
110500,False
110501,True
110502,False
110503,True
110504,False
110505,False
110506,True
110507,True
110508,False
110509,False
110510,False
110511,False
110512,False
110513,False
110514,False
110515,False
110516,False
110517,True
110518,False
110519,False
110520,False
110521,False
110522,False
110523,True
110524,False
110525,False
110526,True
110527,False
110528,True
110529,True
110530,True
110531,True
110532,True
110533,True
110534,False
110535,False
110536,False
110537,False
110538,False
110539,False
110540,True
110541,False
110542,True
110543,False
110544,True
110545,False
110546,False
110547,False
110548,True
110549,True
110550,True
110551,True
110552,False
110553,True
110554,False
110555,True
110556,True
110557,False
110558,False
110559,False
110560,False
110561,True
110562,False
110563,True
110564,True
110565,False
110566,False
110567,False
110568,False
110569,True
110570,False
110571,False
110572,True
110573,False
110574,False
110575,True
110576,True
110577,False
110578,False
110579,False
110580,False
110581,False
110582,False
110583,False
110584,False
110585,False
110586,True
110587,False
110588,True
110589,False
110590,False
110591,False
110592,True
110593,False
110594,False
110595,False
110596,False
110597,False
110598,False
110599,False
110600,False
110601,False
110602,False
110603,False
110604,True
110605,False
110606,False
110607,True
110608,True
110609,True
110610,False
110611,False
110612,True
110613,False
110614,False
110615,False
110616,True
110617,False
110618,False
110619,False
110620,False
110621,False
110622,False
110623,False
110624,True
110625,False
110626,False
110627,False
110628,False
110629,True
110630,True
110631,True
110632,False
110633,False
110634,True
110635,False
110636,False
110637,False
110638,False
110639,False
110640,False
110641,True
110642,False
110643,False
110644,False
110645,False
110646,False
110647,True
110648,True
110649,False
110650,True
110651,True
110652,True
110653,False
110654,True
110655,False
110656,True
110657,False
110658,True
110659,True
110660,True
110661,True
110662,True
110663,True
110664,True
110665,True
110666,False
110667,False
110668,False
110669,False
110670,False
110671,True
110672,False
110673,True
110674,False
110675,True
110676,True
110677,True
110678,False
110679,False
110680,False
110681,False
110682,False
110683,False
110684,False
110685,True
110686,False
110687,False
110688,False
110689,True
110690,False
110691,True
110692,True
110693,False
110694,False
110695,False
110696,True
110697,True
110698,True
110699,False
110700,False
110701,True
110702,True
110703,False
110704,True
110705,False
110706,False
110707,False
110708,False
110709,False
110710,True
110711,True
110712,False
110713,True
110714,False
110715,False
110716,True
110717,False
110718,False
110719,False
110720,False
110721,False
110722,False
110723,False
110724,True
110725,False
110726,False
110727,True
110728,False
110729,True
110730,True
110731,False
110732,False
110733,False
110734,False
110735,True
110736,True
110737,False
110738,True
110739,False
110740,False
110741,False
110742,True
110743,True
110744,False
110745,False
110746,False
110747,False
110748,False
110749,True
110750,True
110751,False
110752,False
110753,False
110754,False
110755,True
110756,False
110757,False
110758,False
110759,False
110760,False
110761,False
110762,True
110763,True
110764,True
110765,False
110766,False
110767,True
110768,True
110769,False
110770,False
110771,True
110772,False
110773,False
110774,False
110775,True
110776,False
110777,False
110778,False
110779,False
110780,True
110781,False
110782,False
110783,True
110784,False
110785,True
110786,False
110787,False
110788,True
110789,False
110790,True
110791,False
110792,True
110793,False
110794,False
110795,False
110796,False
110797,True
110798,False
110799,False
110800,True
110801,False
110802,True
110803,True
110804,False
110805,False
110806,True
110807,True
110808,False
110809,False
110810,True
110811,False
110812,True
110813,False
110814,True
110815,False
110816,False
110817,False
110818,False
110819,False
110820,False
110821,False
110822,False
110823,False
110824,True
110825,True
110826,False
110827,False
110828,True
110829,False
110830,True
110831,False
110832,False
110833,False
110834,True
110835,False
110836,False
110837,False
110838,False
110839,True
110840,True
110841,True
110842,True
110843,True
110844,False
110845,False
110846,False
110847,False
110848,False
110849,True
110850,False
110851,False
110852,False
110853,False
110854,False
110855,False
110856,True
110857,False
110858,False
110859,True
110860,False
110861,True
110862,False
110863,False
110864,False
110865,False
110866,False
110867,True
110868,False
110869,False
110870,False
110871,True
110872,False
110873,False
110874,False
110875,False
110876,False
110877,False
110878,False
110879,False
110880,False
110881,True
110882,False
110883,False
110884,False
110885,False
110886,True
110887,False
110888,True
110889,True
110890,False
110891,True
110892,True
110893,False
110894,True
110895,False
110896,True
110897,False
110898,False
110899,True
110900,False
110901,False
110902,True
110903,False
110904,False
110905,True
110906,True
110907,True
110908,False
110909,False
110910,False
110911,False
110912,True
110913,False
110914,True
110915,True
110916,False
110917,False
110918,False
110919,False
110920,True
110921,True
110922,False
110923,False
110924,False
110925,False
110926,False
110927,False
110928,False
110929,False
110930,False
110931,False
110932,False
110933,False
110934,False
110935,False
110936,False
110937,True
110938,True
110939,False
110940,False
110941,False
110942,False
110943,False
110944,True
110945,False
110946,False
110947,False
110948,True
110949,True
110950,False
110951,False
110952,True
110953,True
110954,True
110955,False
110956,False
110957,True
110958,False
110959,True
110960,True
110961,False
110962,False
110963,False
110964,False
110965,False
110966,False
110967,False
110968,False
110969,False
110970,True
110971,False
110972,False
110973,True
110974,True
110975,False
110976,False
110977,True
110978,False
110979,False
110980,False
110981,False
110982,True
110983,True
110984,False
110985,False
110986,False
110987,True
110988,False
110989,True
110990,False
110991,True
110992,False
110993,False
110994,False
110995,False
110996,True
110997,False
110998,False
110999,False
111000,False
111001,False
111002,False
111003,False
111004,False
111005,True
111006,True
111007,False
111008,True
111009,False
111010,True
111011,True
111012,False
111013,True
111014,False
111015,False
111016,True
111017,False
111018,False
111019,True
111020,False
111021,False
111022,False
111023,False
111024,False
111025,False
111026,False
111027,False
111028,False
111029,False
111030,False
111031,False
111032,False
111033,False
111034,True
111035,False
111036,False
111037,False
111038,True
111039,False
111040,False
111041,False
111042,False
111043,False
111044,False
111045,True
111046,False
111047,False
111048,False
111049,False
111050,True
111051,False
111052,True
111053,False
111054,True
111055,False
111056,True
111057,True
111058,False
111059,True
111060,True
111061,False
111062,False
111063,True
111064,False
111065,False
111066,False
111067,False
111068,False
111069,False
111070,False
111071,False
111072,False
111073,False
111074,True
111075,False
111076,True
111077,False
111078,True
111079,True
111080,False
111081,False
111082,False
111083,False
111084,False
111085,False
111086,True
111087,False
111088,False
111089,False
111090,False
111091,False
111092,False
111093,False
111094,False
111095,True
111096,False
111097,False
111098,True
111099,False
111100,False
111101,False
111102,False
111103,False
111104,True
111105,True
111106,False
111107,True
111108,True
111109,False
111110,False
111111,False
111112,False
111113,False
111114,False
111115,False
111116,True
111117,False
111118,False
111119,True
111120,False
111121,True
111122,False
111123,False
111124,True
111125,False
111126,False
111127,False
111128,False
111129,False
111130,False
111131,True
111132,True
111133,False
111134,True
111135,True
111136,False
111137,False
111138,False
111139,True
111140,True
111141,False
111142,False
111143,False
111144,False
111145,True
111146,False
111147,True
111148,True
111149,True
111150,True
111151,False
111152,True
111153,False
111154,False
111155,False
111156,False
111157,True
111158,True
111159,False
111160,False
111161,False
111162,False
111163,True
111164,False
111165,True
111166,True
111167,False
111168,False
111169,False
111170,True
111171,False
111172,True
111173,False
111174,False
111175,True
111176,True
111177,False
111178,False
111179,False
111180,False
111181,False
111182,False
111183,False
111184,False
111185,True
111186,False
111187,False
111188,False
111189,False
111190,False
111191,True
111192,False
111193,True
111194,False
111195,False
111196,False
111197,True
111198,True
111199,True
111200,False
111201,True
111202,False
111203,False
111204,True
111205,True
111206,False
111207,False
111208,False
111209,False
111210,False
111211,False
111212,False
111213,False
111214,True
111215,False
111216,False
111217,False
111218,True
111219,False
111220,False
111221,False
111222,False
111223,False
111224,False
111225,False
111226,False
111227,True
111228,False
111229,False
111230,False
111231,True
111232,True
111233,False
111234,False
111235,True
111236,False
111237,False
111238,True
111239,False
111240,False
111241,True
111242,False
111243,False
111244,False
111245,False
111246,False
111247,False
111248,False
111249,False
111250,False
111251,False
111252,True
111253,False
111254,True
111255,False
111256,True
111257,False
111258,False
111259,False
111260,True
111261,True
111262,True
111263,False
111264,True
111265,False
111266,False
111267,False
111268,False
111269,False
111270,True
111271,False
111272,False
111273,False
111274,True
111275,False
111276,True
111277,True
111278,False
111279,True
111280,False
111281,False
111282,True
111283,True
111284,True
111285,True
111286,False
111287,True
111288,True
111289,False
111290,False
111291,False
111292,False
111293,False
111294,False
111295,True
111296,False
111297,False
111298,False
111299,False
111300,False
111301,True
111302,True
111303,True
111304,False
111305,True
111306,False
111307,False
111308,True
111309,False
111310,False
111311,True
111312,False
111313,False
111314,False
111315,False
111316,False
111317,False
111318,False
111319,False
111320,True
111321,False
111322,False
111323,True
111324,True
111325,True
111326,True
111327,False
111328,True
111329,False
111330,False
111331,True
111332,False
111333,True
111334,False
111335,False
111336,False
111337,True
111338,False
111339,False
111340,False
111341,True
111342,True
111343,False
111344,False
111345,False
111346,False
111347,False
111348,False
111349,False
111350,False
111351,True
111352,False
111353,True
111354,False
111355,False
111356,False
111357,False
111358,True
111359,True
111360,False
111361,False
111362,False
111363,False
111364,False
111365,False
111366,True
111367,True
111368,False
111369,False
111370,False
111371,False
111372,True
111373,True
111374,True
111375,True
111376,False
111377,True
111378,False
111379,False
111380,True
111381,True
111382,False
111383,True
111384,False
111385,False
111386,False
111387,False
111388,True
111389,False
111390,False
111391,False
111392,False
111393,True
111394,False
111395,False
111396,True
111397,True
111398,False
111399,False
111400,False
111401,True
111402,True
111403,False
111404,False
111405,False
111406,False
111407,True
111408,False
111409,False
111410,True
111411,False
111412,False
111413,True
111414,False
111415,False
111416,False
111417,True
111418,True
111419,True
111420,True
111421,False
111422,True
111423,False
111424,False
111425,False
111426,False
111427,False
111428,False
111429,True
111430,False
111431,False
111432,False
111433,True
111434,False
111435,False
111436,False
111437,False
111438,False
111439,False
111440,True
111441,False
111442,False
111443,False
111444,True
111445,False
111446,False
111447,True
111448,False
111449,True
111450,False
111451,True
111452,False
111453,False
111454,False
111455,False
111456,False
111457,False
111458,True
111459,True
111460,False
111461,True
111462,False
111463,False
111464,True
111465,False
111466,False
111467,False
111468,False
111469,False
111470,False
111471,False
111472,True
111473,True
111474,False
111475,True
111476,False
111477,False
111478,False
111479,True
111480,False
111481,False
111482,False
111483,False
111484,False
111485,False
111486,False
111487,False
111488,False
111489,False
111490,False
111491,False
111492,False
111493,False
111494,False
111495,False
111496,True
111497,False
111498,False
111499,False
111500,False
111501,True
111502,True
111503,False
111504,False
111505,False
111506,True
111507,False
111508,True
111509,True
111510,False
111511,False
111512,False
111513,True
111514,False
111515,False
111516,False
111517,False
111518,False
111519,True
111520,True
111521,False
111522,False
111523,False
111524,False
111525,False
111526,True
111527,True
111528,False
111529,True
111530,False
111531,False
111532,True
111533,True
111534,False
111535,True
111536,True
111537,False
111538,False
111539,True
111540,True
111541,True
111542,False
111543,True
111544,False
111545,False
111546,False
111547,False
111548,False
111549,True
111550,True
111551,False
111552,False
111553,False
111554,False
111555,False
111556,False
111557,False
111558,True
111559,True
111560,False
111561,False
111562,False
111563,True
111564,False
111565,False
111566,False
111567,False
111568,False
111569,True
111570,False
111571,False
111572,False
111573,True
111574,False
111575,True
111576,True
111577,True
111578,False
111579,False
111580,True
111581,True
111582,False
111583,False
111584,True
111585,True
111586,False
111587,False
111588,True
111589,False
111590,False
111591,True
111592,False
111593,False
111594,True
111595,False
111596,False
111597,False
111598,True
111599,True
111600,False
111601,False
111602,True
111603,False
111604,False
111605,False
111606,False
111607,False
111608,False
111609,False
111610,True
111611,False
111612,True
111613,False
111614,True
111615,False
111616,False
111617,False
111618,True
111619,False
111620,False
111621,True
111622,True
111623,False
111624,False
111625,True
111626,True
111627,True
111628,False
111629,True
111630,False
111631,False
111632,True
111633,False
111634,True
111635,True
111636,True
111637,False
111638,True
111639,False
111640,True
111641,True
111642,True
111643,False
111644,False
111645,False
111646,False
111647,False
111648,True
111649,False
111650,False
111651,False
111652,True
111653,True
111654,False
111655,True
111656,False
111657,False
111658,True
111659,False
111660,False
111661,False
111662,False
111663,True
111664,False
111665,False
111666,False
111667,False
111668,False
111669,True
111670,False
111671,False
111672,False
111673,False
111674,False
111675,True
111676,False
111677,True
111678,True
111679,True
111680,False
111681,False
111682,True
111683,False
111684,False
111685,True
111686,True
111687,False
111688,True
111689,True
111690,False
111691,False
111692,False
111693,False
111694,True
111695,True
111696,False
111697,False
111698,False
111699,False
111700,False
111701,False
111702,False
111703,True
111704,True
111705,False
111706,True
111707,False
111708,True
111709,False
111710,True
111711,False
111712,False
111713,False
111714,False
111715,True
111716,True
111717,True
111718,True
111719,True
111720,False
111721,False
111722,False
111723,True
111724,True
111725,False
111726,False
111727,True
111728,False
111729,True
111730,False
111731,True
111732,True
111733,False
111734,True
111735,False
111736,False
111737,True
111738,False
111739,False
111740,False
111741,False
111742,False
111743,False
111744,False
111745,True
111746,False
111747,False
111748,False
111749,False
111750,False
111751,False
111752,False
111753,False
111754,False
111755,True
111756,True
111757,False
111758,True
111759,False
111760,True
111761,False
111762,False
111763,True
111764,True
111765,False
111766,True
111767,False
111768,False
111769,True
111770,True
111771,False
111772,True
111773,True
111774,False
111775,False
111776,True
111777,False
111778,False
111779,False
111780,False
111781,True
111782,False
111783,False
111784,False
111785,False
111786,False
111787,True
111788,False
111789,False
111790,False
111791,True
111792,False
111793,True
111794,False
111795,False
111796,False
111797,False
111798,False
111799,False
111800,False
111801,False
111802,False
111803,True
111804,True
111805,False
111806,False
111807,False
111808,False
111809,False
111810,False
111811,False
111812,True
111813,False
111814,True
111815,False
111816,True
111817,False
111818,True
111819,False
111820,False
111821,True
111822,True
111823,False
111824,False
111825,False
111826,False
111827,True
111828,False
111829,True
111830,False
111831,False
111832,False
111833,True
111834,False
111835,True
111836,False
111837,False
111838,False
111839,False
111840,False
111841,False
111842,True
111843,False
111844,False
111845,True
111846,False
111847,False
111848,False
111849,False
111850,False
111851,False
111852,True
111853,False
111854,True
111855,False
111856,False
111857,False
111858,False
111859,True
111860,False
111861,False
111862,False
111863,False
111864,True
111865,False
111866,False
111867,True
111868,False
111869,False
111870,False
111871,True
111872,False
111873,False
111874,False
111875,True
111876,True
111877,True
111878,True
111879,False
111880,True
111881,True
111882,True
111883,False
111884,True
111885,True
111886,False
111887,False
111888,True
111889,False
111890,True
111891,True
111892,True
111893,True
111894,False
111895,False
111896,True
111897,False
111898,False
111899,False
111900,False
111901,False
111902,False
111903,False
111904,False
111905,False
111906,False
111907,True
111908,False
111909,True
111910,True
111911,False
111912,False
111913,False
111914,False
111915,False
111916,False
111917,True
111918,False
111919,True
111920,False
111921,False
111922,True
111923,False
111924,True
111925,False
111926,True
111927,True
111928,True
111929,True
111930,True
111931,False
111932,True
111933,True
111934,False
111935,True
111936,False
111937,False
111938,True
111939,False
111940,False
111941,True
111942,False
111943,False
111944,True
111945,False
111946,False
111947,False
111948,True
111949,True
111950,True
111951,False
111952,False
111953,False
111954,False
111955,True
111956,False
111957,True
111958,True
111959,False
111960,False
111961,False
111962,False
111963,False
111964,False
111965,False
111966,True
111967,True
111968,False
111969,False
111970,False
111971,False
111972,False
111973,True
111974,False
111975,True
111976,False
111977,True
111978,False
111979,False
111980,False
111981,False
111982,False
111983,False
111984,False
111985,False
111986,False
111987,False
111988,False
111989,False
111990,False
111991,True
111992,True
111993,True
111994,True
111995,False
111996,False
111997,False
111998,True
111999,False
112000,False
112001,False
112002,True
112003,False
112004,True
112005,False
112006,False
112007,False
112008,False
112009,True
112010,False
112011,True
112012,False
112013,False
112014,True
112015,False
112016,False
112017,False
112018,False
112019,False
112020,True
112021,True
112022,True
112023,True
112024,True
112025,False
112026,True
112027,True
112028,True
112029,True
112030,False
112031,False
112032,False
112033,False
112034,False
112035,False
112036,False
112037,False
112038,False
112039,False
112040,True
112041,True
112042,True
112043,False
112044,False
112045,False
112046,False
112047,True
112048,False
112049,False
112050,True
112051,False
112052,True
112053,False
112054,False
112055,False
112056,False
112057,False
112058,False
112059,True
112060,False
112061,True
112062,False
112063,False
112064,False
112065,False
112066,True
112067,False
112068,True
112069,False
112070,False
112071,True
112072,False
112073,False
112074,False
112075,False
112076,True
112077,False
112078,False
112079,True
112080,True
112081,False
112082,True
112083,False
112084,False
112085,True
112086,False
112087,False
112088,False
112089,False
112090,False
112091,False
112092,True
112093,False
112094,False
112095,True
112096,False
112097,True
112098,False
112099,True
112100,True
112101,True
112102,False
112103,False
112104,False
112105,False
112106,True
112107,False
112108,False
112109,False
112110,True
112111,False
112112,True
112113,True
112114,True
112115,False
112116,True
112117,False
112118,False
112119,False
112120,False
112121,True
112122,False
112123,False
112124,False
112125,False
112126,False
112127,False
112128,False
112129,False
112130,True
112131,True
112132,False
112133,False
112134,False
112135,False
112136,False
112137,False
112138,True
112139,True
112140,True
112141,False
112142,False
112143,True
112144,False
112145,False
112146,False
112147,False
112148,True
112149,False
112150,False
112151,True
112152,False
112153,True
112154,True
112155,False
112156,False
112157,False
112158,False
112159,False
112160,False
112161,False
112162,False
112163,False
112164,False
112165,True
112166,False
112167,False
112168,False
112169,False
112170,False
112171,True
112172,True
112173,True
112174,True
112175,False
112176,False
112177,False
112178,False
112179,True
112180,False
112181,True
112182,False
112183,True
112184,False
112185,False
112186,False
112187,False
112188,True
112189,True
112190,False
112191,True
112192,True
112193,True
112194,True
112195,False
112196,True
112197,False
112198,False
112199,False
112200,False
112201,False
112202,False
112203,False
112204,False
112205,False
112206,False
112207,False
112208,False
112209,False
112210,False
112211,True
112212,True
112213,True
112214,False
112215,False
112216,False
112217,False
112218,True
112219,False
112220,False
112221,False
112222,False
112223,True
112224,True
112225,False
112226,False
112227,True
112228,True
112229,True
112230,False
112231,True
112232,False
112233,False
112234,True
112235,True
112236,False
112237,False
112238,False
112239,True
112240,True
112241,False
112242,True
112243,False
112244,True
112245,True
112246,False
112247,False
112248,False
112249,True
112250,False
112251,False
112252,False
112253,True
112254,False
112255,False
112256,False
112257,False
112258,True
112259,False
112260,False
112261,True
112262,False
112263,False
112264,True
112265,False
112266,False
112267,False
112268,False
112269,False
112270,False
112271,False
112272,True
112273,True
112274,False
112275,True
112276,False
112277,False
112278,True
112279,False
112280,False
112281,False
112282,False
112283,False
112284,True
112285,True
112286,True
112287,False
112288,True
112289,False
112290,True
112291,False
112292,True
112293,False
112294,False
112295,True
112296,False
112297,True
112298,True
112299,False
112300,False
112301,False
112302,True
112303,True
112304,True
112305,False
112306,False
112307,False
112308,False
112309,False
112310,False
112311,True
112312,False
112313,True
112314,False
112315,False
112316,False
112317,False
112318,True
112319,False
112320,False
112321,True
112322,False
112323,True
112324,True
112325,False
112326,False
112327,False
112328,True
112329,False
112330,False
112331,True
112332,True
112333,True
112334,False
112335,False
112336,False
112337,True
112338,True
112339,True
112340,False
112341,True
112342,True
112343,True
112344,False
112345,False
112346,False
112347,True
112348,False
112349,False
112350,True
112351,True
112352,True
112353,False
112354,True
112355,True
112356,True
112357,False
112358,True
112359,False
112360,False
112361,False
112362,False
112363,False
112364,True
112365,False
112366,False
112367,False
112368,False
112369,False
112370,True
112371,False
112372,True
112373,False
112374,False
112375,False
112376,False
112377,True
112378,False
112379,True
112380,False
112381,False
112382,True
112383,False
112384,True
112385,False
112386,False
112387,False
112388,False
112389,False
112390,False
112391,True
112392,False
112393,True
112394,True
112395,False
112396,False
112397,False
112398,False
112399,True
112400,False
112401,False
112402,False
112403,False
112404,False
112405,False
112406,True
112407,True
112408,False
112409,False
112410,False
112411,False
112412,True
112413,False
112414,False
112415,True
112416,True
112417,True
112418,False
112419,False
112420,False
112421,True
112422,True
112423,False
112424,False
112425,True
112426,True
112427,True
112428,False
112429,False
112430,False
112431,False
112432,False
112433,False
112434,False
112435,True
112436,False
112437,False
112438,False
112439,False
112440,False
112441,True
112442,True
112443,False
112444,False
112445,True
112446,False
112447,False
112448,False
112449,False
112450,True
112451,True
112452,True
112453,False
112454,False
112455,False
112456,False
112457,False
112458,False
112459,True
112460,True
112461,False
112462,False
112463,True
112464,True
112465,True
112466,True
112467,False
112468,False
112469,False
112470,False
112471,True
112472,False
112473,False
112474,False
112475,False
112476,True
112477,False
112478,False
112479,False
112480,True
112481,False
112482,True
112483,False
112484,False
112485,False
112486,False
112487,False
112488,True
112489,True
112490,False
112491,False
112492,True
112493,True
112494,True
112495,True
112496,False
112497,False
112498,False
112499,False
112500,False
112501,False
112502,True
112503,True
112504,False
112505,False
112506,False
112507,False
112508,False
112509,False
112510,False
112511,True
112512,True
112513,False
112514,False
112515,False
112516,False
112517,False
112518,True
112519,False
112520,True
112521,False
112522,False
112523,False
112524,False
112525,True
112526,False
112527,True
112528,False
112529,False
112530,False
112531,True
112532,True
112533,True
112534,False
112535,True
112536,True
112537,False
112538,False
112539,False
112540,True
112541,False
112542,False
112543,True
112544,False
112545,False
112546,True
112547,False
112548,True
112549,True
112550,True
112551,False
112552,False
112553,False
112554,False
112555,True
112556,True
112557,False
112558,False
112559,False
112560,True
112561,True
112562,True
112563,True
112564,True
112565,False
112566,False
112567,True
112568,False
112569,True
112570,False
112571,False
112572,True
112573,False
112574,False
112575,False
112576,True
112577,False
112578,False
112579,False
112580,False
112581,False
112582,True
112583,False
112584,False
112585,False
112586,True
112587,True
112588,False
112589,False
112590,True
112591,True
112592,True
112593,False
112594,False
112595,False
112596,False
112597,False
112598,False
112599,False
112600,False
112601,False
112602,False
112603,True
112604,False
112605,True
112606,False
112607,False
112608,False
112609,False
112610,False
112611,False
112612,False
112613,True
112614,False
112615,False
112616,False
112617,True
112618,False
112619,True
112620,False
112621,True
112622,False
112623,True
112624,False
112625,True
112626,False
112627,True
112628,False
112629,False
112630,False
112631,True
112632,False
112633,True
112634,False
112635,True
112636,False
112637,False
112638,True
112639,False
112640,True
112641,False
112642,False
112643,True
112644,True
112645,True
112646,False
112647,False
112648,True
112649,True
112650,True
112651,False
112652,False
112653,True
112654,False
112655,False
112656,False
112657,False
112658,False
112659,True
112660,True
112661,False
112662,False
112663,False
112664,False
112665,False
112666,False
112667,False
112668,False
112669,False
112670,False
112671,False
112672,False
112673,True
112674,True
112675,True
112676,True
112677,False
112678,False
112679,False
112680,False
112681,True
112682,False
112683,False
112684,False
112685,False
112686,False
112687,True
112688,False
112689,False
112690,False
112691,False
112692,False
112693,True
112694,False
112695,True
112696,False
112697,False
112698,False
112699,False
112700,False
112701,True
112702,False
112703,False
112704,True
112705,True
112706,False
112707,False
112708,True
112709,False
112710,False
112711,False
112712,True
112713,False
112714,False
112715,False
112716,False
112717,False
112718,False
112719,False
112720,False
112721,False
112722,False
112723,True
112724,False
112725,False
112726,True
112727,False
112728,False
112729,True
112730,False
112731,False
112732,False
112733,False
112734,True
112735,True
112736,False
112737,True
112738,True
112739,True
112740,False
112741,False
112742,False
112743,False
112744,False
112745,False
112746,False
112747,True
112748,False
112749,False
112750,False
112751,True
112752,False
112753,False
112754,False
112755,True
112756,False
112757,False
112758,False
112759,False
112760,False
112761,False
112762,True
112763,False
112764,False
112765,True
112766,True
112767,True
112768,False
112769,False
112770,True
112771,False
112772,False
112773,True
112774,False
112775,False
112776,True
112777,False
112778,True
112779,False
112780,False
112781,True
112782,False
112783,False
112784,False
112785,True
112786,True
112787,False
112788,False
112789,True
112790,True
112791,True
112792,False
112793,False
112794,True
112795,False
112796,False
112797,True
112798,False
112799,False
112800,False
112801,False
112802,False
112803,False
112804,True
112805,True
112806,False
112807,True
112808,True
112809,True
112810,True
112811,False
112812,False
112813,False
112814,False
112815,False
112816,False
112817,False
112818,False
112819,False
112820,False
112821,True
112822,False
112823,True
112824,True
112825,True
112826,True
112827,False
112828,True
112829,False
112830,False
112831,True
112832,False
112833,False
112834,True
112835,True
112836,False
112837,False
112838,False
112839,True
112840,False
112841,True
112842,True
112843,True
112844,False
112845,True
112846,False
112847,False
112848,False
112849,False
112850,True
112851,True
112852,False
112853,True
112854,False
112855,False
112856,False
112857,False
112858,False
112859,False
112860,False
112861,False
112862,False
112863,True
112864,True
112865,False
112866,False
112867,False
112868,True
112869,True
112870,False
112871,False
112872,False
112873,True
112874,False
112875,False
112876,True
112877,False
112878,True
112879,True
112880,False
112881,False
112882,True
112883,True
112884,False
112885,False
112886,False
112887,True
112888,False
112889,True
112890,True
112891,False
112892,False
112893,False
112894,False
112895,False
112896,True
112897,False
112898,True
112899,True
112900,False
112901,True
112902,False
112903,True
112904,False
112905,False
112906,True
112907,False
112908,False
112909,False
112910,True
112911,True
112912,False
112913,False
112914,False
112915,False
112916,False
112917,False
112918,False
112919,True
112920,True
112921,False
112922,False
112923,True
112924,False
112925,False
112926,True
112927,False
112928,False
112929,False
112930,True
112931,False
112932,False
112933,True
112934,True
112935,False
112936,False
112937,False
112938,False
112939,False
112940,False
112941,True
112942,False
112943,False
112944,True
112945,False
112946,True
112947,False
112948,True
112949,False
112950,True
112951,False
112952,True
112953,False
112954,False
112955,False
112956,True
112957,False
112958,False
112959,False
112960,False
112961,False
112962,False
112963,True
112964,True
112965,True
112966,False
112967,False
112968,False
112969,False
112970,False
112971,False
112972,False
112973,False
112974,False
112975,False
112976,False
112977,True
112978,False
112979,False
112980,False
112981,True
112982,False
112983,False
112984,False
112985,False
112986,False
112987,False
112988,False
112989,False
112990,True
112991,False
112992,True
112993,True
112994,True
112995,False
112996,True
112997,True
112998,False
112999,False
113000,True
113001,False
113002,False
113003,False
113004,False
113005,False
113006,True
113007,False
113008,False
113009,True
113010,True
113011,False
113012,False
113013,False
113014,False
113015,True
113016,False
113017,True
113018,False
113019,True
113020,False
113021,True
113022,False
113023,False
113024,False
113025,False
113026,False
113027,True
113028,True
113029,True
113030,True
113031,True
113032,False
113033,True
113034,True
113035,False
113036,False
113037,False
113038,True
113039,True
113040,False
113041,False
113042,False
113043,False
113044,False
113045,False
113046,False
113047,False
113048,True
113049,True
113050,False
113051,True
113052,True
113053,False
113054,False
113055,False
113056,True
113057,False
113058,True
113059,True
113060,False
113061,True
113062,False
113063,False
113064,True
113065,False
113066,False
113067,False
113068,True
113069,False
113070,False
113071,False
113072,True
113073,True
113074,True
113075,True
113076,True
113077,False
113078,True
113079,True
113080,False
113081,False
113082,False
113083,False
113084,True
113085,True
113086,False
113087,False
113088,True
113089,False
113090,False
113091,False
113092,False
113093,True
113094,True
113095,False
113096,True
113097,True
113098,False
113099,False
113100,False
113101,True
113102,True
113103,False
113104,True
113105,False
113106,False
113107,False
113108,False
113109,False
113110,False
113111,False
113112,False
113113,False
113114,False
113115,True
113116,False
113117,False
113118,True
113119,False
113120,False
113121,False
113122,True
113123,False
113124,False
113125,False
113126,True
113127,True
113128,False
113129,True
113130,True
113131,False
113132,True
113133,False
113134,False
113135,False
113136,True
113137,True
113138,False
113139,True
113140,False
113141,True
113142,False
113143,False
113144,True
113145,True
113146,False
113147,False
113148,False
113149,False
113150,False
113151,False
113152,False
113153,False
113154,False
113155,False
113156,False
113157,False
113158,True
113159,False
113160,False
113161,False
113162,False
113163,False
113164,False
113165,False
113166,False
113167,False
113168,True
113169,False
113170,False
113171,True
113172,True
113173,False
113174,True
113175,False
113176,False
113177,False
113178,False
113179,True
113180,True
113181,False
113182,False
113183,False
113184,False
113185,False
113186,True
113187,False
113188,True
113189,False
113190,True
113191,False
113192,False
113193,False
113194,False
113195,True
113196,False
113197,False
113198,True
113199,False
113200,False
113201,True
113202,False
113203,False
113204,False
113205,False
113206,True
113207,True
113208,False
113209,True
113210,False
113211,False
113212,False
113213,True
113214,True
113215,False
113216,True
113217,False
113218,False
113219,False
113220,True
113221,False
113222,False
113223,False
113224,False
113225,True
113226,False
113227,True
113228,False
113229,False
113230,False
113231,True
113232,False
113233,False
113234,False
113235,False
113236,False
113237,False
113238,True
113239,False
113240,True
113241,False
113242,True
113243,False
113244,True
113245,False
113246,False
113247,False
113248,False
113249,False
113250,False
113251,True
113252,True
113253,False
113254,False
113255,False
113256,True
113257,False
113258,False
113259,False
113260,True
113261,True
113262,False
113263,True
113264,False
113265,False
113266,True
113267,True
113268,True
113269,False
113270,False
113271,False
113272,False
113273,False
113274,False
113275,False
113276,True
113277,True
113278,False
113279,False
113280,True
113281,False
113282,False
113283,False
113284,True
113285,True
113286,False
113287,False
113288,True
113289,False
113290,False
113291,False
113292,False
113293,False
113294,True
113295,False
113296,False
113297,False
113298,True
113299,False
113300,False
113301,False
113302,False
113303,True
113304,False
113305,False
113306,False
113307,True
113308,False
113309,True
113310,False
113311,True
113312,False
113313,False
113314,True
113315,True
113316,False
113317,True
113318,False
113319,False
113320,False
113321,False
113322,False
113323,True
113324,False
113325,False
113326,False
113327,False
113328,True
113329,False
113330,True
113331,True
113332,True
113333,False
113334,False
113335,False
113336,False
113337,False
113338,False
113339,False
113340,False
113341,False
113342,False
113343,False
113344,False
113345,True
113346,False
113347,False
113348,False
113349,False
113350,False
113351,False
113352,False
113353,False
113354,False
113355,False
113356,False
113357,False
113358,False
113359,False
113360,False
113361,False
113362,False
113363,False
113364,False
113365,False
113366,False
113367,True
113368,False
113369,True
113370,True
113371,True
113372,True
113373,True
113374,True
113375,True
113376,False
113377,True
113378,True
113379,False
113380,False
113381,True
113382,False
113383,False
113384,False
113385,False
113386,True
113387,False
113388,False
113389,False
113390,True
113391,False
113392,False
113393,False
113394,True
113395,True
113396,True
113397,False
113398,False
113399,False
113400,False
113401,True
113402,False
113403,False
113404,False
113405,False
113406,False
113407,False
113408,False
113409,False
113410,False
113411,False
113412,False
113413,False
113414,False
113415,True
113416,False
113417,False
113418,False
113419,True
113420,False
113421,False
113422,True
113423,True
113424,False
113425,True
113426,True
113427,False
113428,True
113429,False
113430,False
113431,False
113432,False
113433,False
113434,True
113435,False
113436,False
113437,False
113438,False
113439,True
113440,False
113441,True
113442,False
113443,False
113444,False
113445,True
113446,False
113447,False
113448,False
113449,False
113450,False
113451,False
113452,False
113453,False
113454,False
113455,True
113456,True
113457,False
113458,False
113459,False
113460,True
113461,False
113462,True
113463,False
113464,True
113465,False
113466,False
113467,False
113468,True
113469,False
113470,True
113471,True
113472,False
113473,True
113474,False
113475,False
113476,False
113477,False
113478,True
113479,False
113480,False
113481,False
113482,False
113483,False
113484,True
113485,True
113486,True
113487,True
113488,True
113489,True
113490,False
113491,False
113492,True
113493,False
113494,False
113495,False
113496,False
113497,True
113498,False
113499,False
113500,False
113501,True
113502,True
113503,True
113504,False
113505,True
113506,False
113507,True
113508,False
113509,False
113510,False
113511,False
113512,True
113513,False
113514,False
113515,False
113516,True
113517,False
113518,False
113519,True
113520,False
113521,True
113522,False
113523,True
113524,True
113525,True
113526,True
113527,True
113528,False
113529,False
113530,False
113531,False
113532,False
113533,False
113534,True
113535,False
113536,False
113537,True
113538,False
113539,False
113540,False
113541,True
113542,True
113543,False
113544,False
113545,False
113546,False
113547,True
113548,False
113549,False
113550,True
113551,False
113552,False
113553,False
113554,False
113555,False
113556,False
113557,True
113558,False
113559,False
113560,True
113561,False
113562,True
113563,False
113564,False
113565,False
113566,False
113567,False
113568,False
113569,False
113570,False
113571,False
113572,False
113573,False
113574,False
113575,False
113576,False
113577,False
113578,True
113579,True
113580,False
113581,False
113582,True
113583,True
113584,False
113585,False
113586,False
113587,False
113588,True
113589,False
113590,False
113591,True
113592,False
113593,True
113594,False
113595,True
113596,True
113597,True
113598,False
113599,False
113600,True
113601,True
113602,True
113603,True
113604,False
113605,False
113606,False
113607,True
113608,False
113609,False
113610,False
113611,True
113612,False
113613,False
113614,False
113615,False
113616,True
113617,True
113618,False
113619,False
113620,True
113621,True
113622,False
113623,False
113624,False
113625,False
113626,False
113627,False
113628,False
113629,False
113630,False
113631,True
113632,False
113633,False
113634,False
113635,False
113636,True
113637,True
113638,False
113639,False
113640,True
113641,False
113642,False
113643,False
113644,False
113645,False
113646,False
113647,False
113648,False
113649,True
113650,False
113651,False
113652,False
113653,False
113654,False
113655,True
113656,True
113657,True
113658,False
113659,False
113660,False
113661,True
113662,False
113663,True
113664,True
113665,True
113666,False
113667,False
113668,False
113669,True
113670,False
113671,False
113672,False
113673,True
113674,True
113675,False
113676,False
113677,True
113678,True
113679,True
113680,False
113681,False
113682,False
113683,True
113684,True
113685,True
113686,False
113687,False
113688,False
113689,False
113690,False
113691,False
113692,True
113693,False
113694,False
113695,False
113696,True
113697,False
113698,False
113699,True
113700,False
113701,False
113702,False
113703,True
113704,False
113705,True
113706,True
113707,False
113708,False
113709,False
113710,True
113711,False
113712,False
113713,False
113714,True
113715,True
113716,True
113717,False
113718,False
113719,False
113720,False
113721,True
113722,False
113723,False
113724,False
113725,True
113726,True
113727,True
113728,False
113729,True
113730,False
113731,False
113732,False
113733,True
113734,False
113735,True
113736,False
113737,False
113738,False
113739,True
113740,True
113741,False
113742,False
113743,True
113744,True
113745,False
113746,True
113747,True
113748,False
113749,False
113750,False
113751,True
113752,True
113753,False
113754,False
113755,True
113756,True
113757,False
113758,False
113759,False
113760,True
113761,False
113762,True
113763,False
113764,True
113765,True
113766,False
113767,False
113768,False
113769,False
113770,True
113771,False
113772,True
113773,False
113774,True
113775,True
113776,False
113777,False
113778,False
113779,False
113780,True
113781,True
113782,False
113783,True
113784,False
113785,False
113786,False
113787,False
113788,False
113789,False
113790,True
113791,True
113792,True
113793,False
113794,False
113795,False
113796,True
113797,False
113798,False
113799,True
113800,False
113801,False
113802,False
113803,True
113804,True
113805,False
113806,True
113807,True
113808,False
113809,True
113810,True
113811,False
113812,False
113813,False
113814,True
113815,True
113816,False
113817,False
113818,False
113819,False
113820,False
113821,True
113822,True
113823,False
113824,True
113825,False
113826,False
113827,True
113828,True
113829,False
113830,False
113831,False
113832,False
113833,True
113834,False
113835,True
113836,True
113837,True
113838,False
113839,False
113840,False
113841,True
113842,False
113843,False
113844,False
113845,True
113846,False
113847,True
113848,True
113849,True
113850,False
113851,False
113852,False
113853,False
113854,False
113855,False
113856,True
113857,False
113858,False
113859,True
113860,False
113861,False
113862,True
113863,False
113864,False
113865,False
113866,False
113867,False
113868,False
113869,False
113870,False
113871,True
113872,False
113873,False
113874,False
113875,False
113876,False
113877,True
113878,True
113879,False
113880,False
113881,True
113882,True
113883,False
113884,False
113885,False
113886,False
113887,False
113888,False
113889,False
113890,False
113891,False
113892,True
113893,True
113894,False
113895,False
113896,False
113897,False
113898,False
113899,True
113900,False
113901,False
113902,True
113903,True
113904,False
113905,False
113906,True
113907,True
113908,False
113909,False
113910,False
113911,True
113912,True
113913,False
113914,True
113915,False
113916,True
113917,False
113918,False
113919,False
113920,True
113921,False
113922,False
113923,False
113924,False
113925,False
113926,False
113927,True
113928,False
113929,False
113930,True
113931,True
113932,True
113933,False
113934,False
113935,True
113936,True
113937,False
113938,True
113939,False
113940,True
113941,True
113942,False
113943,True
113944,False
113945,False
113946,False
113947,False
113948,False
113949,True
113950,False
113951,True
113952,True
113953,False
113954,True
113955,True
113956,False
113957,False
113958,False
113959,False
113960,True
113961,True
113962,True
113963,True
113964,True
113965,False
113966,True
113967,False
113968,False
113969,False
113970,True
113971,False
113972,False
113973,False
113974,False
113975,False
113976,True
113977,False
113978,True
113979,False
113980,False
113981,False
113982,True
113983,False
113984,True
113985,False
113986,False
113987,False
113988,False
113989,True
113990,False
113991,True
113992,True
113993,False
113994,False
113995,False
113996,True
113997,True
113998,True
113999,True
114000,False
114001,False
114002,False
114003,False
114004,False
114005,False
114006,False
114007,False
114008,False
114009,False
114010,True
114011,False
114012,True
114013,False
114014,True
114015,False
114016,False
114017,True
114018,False
114019,True
114020,True
114021,True
114022,True
114023,False
114024,False
114025,False
114026,False
114027,False
114028,False
114029,False
114030,False
114031,False
114032,False
114033,False
114034,True
114035,False
114036,True
114037,False
114038,False
114039,True
114040,False
114041,True
114042,True
114043,False
114044,True
114045,False
114046,True
114047,True
114048,False
114049,True
114050,False
114051,False
114052,True
114053,False
114054,True
114055,False
114056,False
114057,False
114058,False
114059,False
114060,False
114061,False
114062,False
114063,False
114064,False
114065,True
114066,True
114067,True
114068,False
114069,False
114070,True
114071,False
114072,False
114073,False
114074,False
114075,False
114076,False
114077,False
114078,False
114079,False
114080,True
114081,False
114082,True
114083,False
114084,True
114085,False
114086,True
114087,False
114088,True
114089,True
114090,False
114091,False
114092,True
114093,False
114094,True
114095,True
114096,True
114097,True
114098,True
114099,False
114100,False
114101,False
114102,False
114103,True
114104,False
114105,False
114106,False
114107,False
114108,True
114109,True
114110,True
114111,False
114112,False
114113,True
114114,False
114115,False
114116,True
114117,False
114118,False
114119,False
114120,True
114121,False
114122,False
114123,False
114124,False
114125,False
114126,False
114127,False
114128,True
114129,False
114130,False
114131,False
114132,False
114133,False
114134,False
114135,False
114136,False
114137,True
114138,True
114139,True
114140,False
114141,True
114142,False
114143,False
114144,False
114145,False
114146,False
114147,False
114148,False
114149,False
114150,False
114151,False
114152,False
114153,False
114154,False
114155,True
114156,False
114157,False
114158,False
114159,False
114160,True
114161,False
114162,False
114163,False
114164,True
114165,False
114166,True
114167,True
114168,False
114169,False
114170,False
114171,False
114172,False
114173,False
114174,False
114175,False
114176,False
114177,False
114178,True
114179,True
114180,False
114181,False
114182,False
114183,False
114184,False
114185,True
114186,True
114187,True
114188,True
114189,False
114190,False
114191,True
114192,False
114193,False
114194,False
114195,False
114196,True
114197,False
114198,True
114199,False
114200,True
114201,False
114202,False
114203,False
114204,False
114205,False
114206,False
114207,False
114208,False
114209,False
114210,False
114211,False
114212,True
114213,False
114214,False
114215,False
114216,False
114217,True
114218,False
114219,True
114220,False
114221,False
114222,False
114223,False
114224,True
114225,False
114226,False
114227,False
114228,True
114229,False
114230,False
114231,False
114232,False
114233,False
114234,False
114235,True
114236,False
114237,True
114238,False
114239,False
114240,False
114241,True
114242,False
114243,True
114244,False
114245,False
114246,False
114247,True
114248,False
114249,False
114250,False
114251,False
114252,False
114253,True
114254,False
114255,True
114256,False
114257,True
114258,False
114259,False
114260,True
114261,False
114262,False
114263,False
114264,True
114265,False
114266,False
114267,True
114268,False
114269,False
114270,False
114271,True
114272,True
114273,True
114274,False
114275,True
114276,False
114277,True
114278,True
114279,False
114280,False
114281,False
114282,False
114283,True
114284,False
114285,False
114286,False
114287,False
114288,True
114289,False
114290,False
114291,True
114292,False
114293,False
114294,False
114295,False
114296,False
114297,False
114298,False
114299,False
114300,False
114301,False
114302,True
114303,True
114304,True
114305,True
114306,False
114307,False
114308,False
114309,False
114310,False
114311,True
114312,True
114313,False
114314,False
114315,True
114316,True
114317,False
114318,True
114319,False
114320,False
114321,False
114322,False
114323,False
114324,False
114325,False
114326,False
114327,True
114328,False
114329,False
114330,False
114331,False
114332,False
114333,False
114334,True
114335,False
114336,False
114337,False
114338,False
114339,True
114340,False
114341,True
114342,False
114343,False
114344,True
114345,False
114346,True
114347,False
114348,False
114349,False
114350,False
114351,False
114352,True
114353,False
114354,False
114355,True
114356,False
114357,True
114358,False
114359,False
114360,False
114361,True
114362,True
114363,False
114364,True
114365,False
114366,True
114367,False
114368,False
114369,False
114370,False
114371,False
114372,False
114373,False
114374,False
114375,False
114376,False
114377,False
114378,False
114379,True
114380,False
114381,False
114382,True
114383,False
114384,True
114385,False
114386,False
114387,False
114388,False
114389,False
114390,False
114391,False
114392,False
114393,False
114394,False
114395,False
114396,False
114397,False
114398,False
114399,True
114400,False
114401,True
114402,False
114403,False
114404,False
114405,False
114406,True
114407,False
114408,True
114409,False
114410,True
114411,True
114412,True
114413,True
114414,False
114415,True
114416,False
114417,False
114418,False
114419,False
114420,False
114421,True
114422,False
114423,True
114424,False
114425,False
114426,False
114427,False
114428,True
114429,False
114430,True
114431,False
114432,True
114433,False
114434,True
114435,False
114436,False
114437,False
114438,True
114439,False
114440,False
114441,False
114442,True
114443,False
114444,True
114445,False
114446,False
114447,False
114448,False
114449,False
114450,False
114451,True
114452,False
114453,False
114454,False
114455,True
114456,False
114457,False
114458,False
114459,False
114460,False
114461,True
114462,False
114463,False
114464,True
114465,True
114466,False
114467,True
114468,False
114469,False
114470,False
114471,True
114472,False
114473,True
114474,False
114475,False
114476,True
114477,True
114478,False
114479,True
114480,False
114481,False
114482,False
114483,False
114484,True
114485,True
114486,False
114487,True
114488,False
114489,False
114490,True
114491,False
114492,False
114493,False
114494,False
114495,True
114496,True
114497,False
114498,False
114499,True
114500,True
114501,False
114502,False
114503,False
114504,False
114505,True
114506,False
114507,False
114508,False
114509,False
114510,False
114511,False
114512,True
114513,False
114514,False
114515,True
114516,False
114517,True
114518,True
114519,False
114520,True
114521,False
114522,False
114523,True
114524,True
114525,False
114526,True
114527,True
114528,False
114529,False
114530,False
114531,False
114532,False
114533,False
114534,False
114535,True
114536,True
114537,True
114538,False
114539,False
114540,False
114541,False
114542,False
114543,True
114544,True
114545,True
114546,False
114547,False
114548,False
114549,False
114550,False
114551,True
114552,True
114553,False
114554,False
114555,False
114556,False
114557,False
114558,True
114559,True
114560,True
114561,False
114562,False
114563,False
114564,False
114565,False
114566,False
114567,False
114568,True
114569,False
114570,False
114571,False
114572,True
114573,False
114574,False
114575,True
114576,True
114577,False
114578,True
114579,False
114580,True
114581,False
114582,False
114583,False
114584,False
114585,True
114586,True
114587,True
114588,False
114589,False
114590,False
114591,False
114592,False
114593,False
114594,True
114595,False
114596,False
114597,False
114598,False
114599,False
114600,False
114601,False
114602,True
114603,False
114604,False
114605,False
114606,True
114607,True
114608,False
114609,False
114610,True
114611,False
114612,False
114613,False
114614,False
114615,False
114616,False
114617,False
114618,True
114619,False
114620,False
114621,False
114622,True
114623,False
114624,True
114625,True
114626,False
114627,False
114628,True
114629,False
114630,False
114631,False
114632,False
114633,False
114634,False
114635,True
114636,True
114637,False
114638,False
114639,True
114640,False
114641,False
114642,False
114643,False
114644,True
114645,False
114646,True
114647,True
114648,True
114649,False
114650,True
114651,False
114652,True
114653,False
114654,False
114655,False
114656,False
114657,True
114658,False
114659,False
114660,True
114661,True
114662,False
114663,False
114664,False
114665,True
114666,True
114667,False
114668,False
114669,False
114670,True
114671,True
114672,False
114673,False
114674,False
114675,False
114676,True
114677,False
114678,False
114679,True
114680,True
114681,True
114682,False
114683,True
114684,True
114685,True
114686,False
114687,False
114688,False
114689,False
114690,False
114691,False
114692,True
114693,False
114694,False
114695,True
114696,True
114697,False
114698,False
114699,True
114700,True
114701,True
114702,False
114703,True
114704,True
114705,False
114706,False
114707,False
114708,True
114709,True
114710,False
114711,True
114712,True
114713,False
114714,True
114715,True
114716,False
114717,False
114718,False
114719,False
114720,True
114721,False
114722,False
114723,False
114724,True
114725,False
114726,False
114727,False
114728,False
114729,False
114730,False
114731,False
114732,True
114733,True
114734,False
114735,True
114736,False
114737,False
114738,True
114739,False
114740,False
114741,False
114742,True
114743,False
114744,False
114745,False
114746,True
114747,True
114748,False
114749,True
114750,False
114751,False
114752,True
114753,False
114754,True
114755,False
114756,True
114757,True
114758,True
114759,False
114760,True
114761,False
114762,True
114763,False
114764,False
114765,True
114766,True
114767,False
114768,False
114769,False
114770,False
114771,True
114772,False
114773,False
114774,False
114775,True
114776,True
114777,True
114778,True
114779,False
114780,False
114781,False
114782,True
114783,False
114784,False
114785,False
114786,False
114787,True
114788,False
114789,False
114790,False
114791,False
114792,True
114793,False
114794,False
114795,False
114796,False
114797,False
114798,False
114799,True
114800,True
114801,False
114802,False
114803,False
114804,True
114805,False
114806,False
114807,True
114808,True
114809,False
114810,True
114811,True
114812,False
114813,True
114814,False
114815,True
114816,False
114817,False
114818,False
114819,True
114820,False
114821,False
114822,False
114823,False
114824,False
114825,False
114826,True
114827,False
114828,True
114829,False
114830,False
114831,False
114832,False
114833,True
114834,True
114835,True
114836,False
114837,False
114838,True
114839,False
114840,True
114841,False
114842,True
114843,False
114844,False
114845,True
114846,False
114847,False
114848,False
114849,False
114850,False
114851,False
114852,False
114853,False
114854,False
114855,False
114856,False
114857,False
114858,False
114859,False
114860,True
114861,True
114862,True
114863,False
114864,False
114865,False
114866,False
114867,False
114868,True
114869,False
114870,True
114871,False
114872,False
114873,False
114874,False
114875,False
114876,False
114877,False
114878,False
114879,False
114880,True
114881,False
114882,True
114883,True
114884,True
114885,False
114886,False
114887,False
114888,True
114889,False
114890,False
114891,False
114892,True
114893,True
114894,True
114895,True
114896,False
114897,False
114898,False
114899,False
114900,False
114901,False
114902,False
114903,False
114904,True
114905,False
114906,True
114907,True
114908,False
114909,False
114910,False
114911,True
114912,False
114913,True
114914,False
114915,True
114916,False
114917,False
114918,True
114919,False
114920,False
114921,False
114922,False
114923,False
114924,False
114925,False
114926,False
114927,True
114928,False
114929,True
114930,False
114931,False
114932,False
114933,True
114934,False
114935,False
114936,False
114937,True
114938,True
114939,True
114940,False
114941,True
114942,True
114943,False
114944,True
114945,False
114946,False
114947,False
114948,False
114949,False
114950,True
114951,True
114952,False
114953,True
114954,False
114955,True
114956,True
114957,True
114958,False
114959,False
114960,False
114961,False
114962,False
114963,False
114964,True
114965,True
114966,False
114967,False
114968,False
114969,True
114970,True
114971,False
114972,False
114973,False
114974,False
114975,False
114976,False
114977,False
114978,False
114979,True
114980,False
114981,False
114982,True
114983,False
114984,True
114985,False
114986,False
114987,True
114988,True
114989,False
114990,False
114991,True
114992,False
114993,True
114994,True
114995,False
114996,True
114997,False
114998,False
114999,False
115000,True
115001,False
115002,True
115003,False
115004,True
115005,False
115006,False
115007,False
115008,True
115009,True
115010,False
115011,True
115012,False
115013,True
115014,False
115015,False
115016,False
115017,False
115018,False
115019,True
115020,True
115021,True
115022,False
115023,True
115024,True
115025,True
115026,False
115027,False
115028,True
115029,False
115030,True
115031,False
115032,False
115033,False
115034,True
115035,True
115036,True
115037,True
115038,False
115039,True
115040,True
115041,True
115042,False
115043,False
115044,False
115045,True
115046,False
115047,True
115048,False
115049,False
115050,False
115051,False
115052,False
115053,False
115054,True
115055,False
115056,False
115057,True
115058,False
115059,True
115060,False
115061,False
115062,True
115063,False
115064,True
115065,False
115066,False
115067,False
115068,False
115069,False
115070,False
115071,True
115072,True
115073,False
115074,False
115075,False
115076,True
115077,True
115078,False
115079,True
115080,True
115081,False
115082,False
115083,True
115084,False
115085,False
115086,False
115087,True
115088,True
115089,True
115090,False
115091,False
115092,True
115093,False
115094,False
115095,False
115096,True
115097,False
115098,False
115099,True
115100,False
115101,True
115102,False
115103,False
115104,False
115105,True
115106,False
115107,False
115108,True
115109,False
115110,False
115111,True
115112,False
115113,True
115114,False
115115,False
115116,False
115117,False
115118,True
115119,False
115120,False
115121,True
115122,True
115123,False
115124,False
115125,True
115126,False
115127,True
115128,False
115129,False
115130,True
115131,False
115132,False
115133,False
115134,True
115135,True
115136,False
115137,True
115138,False
115139,False
115140,False
115141,False
115142,True
115143,True
115144,False
115145,False
115146,True
115147,True
115148,True
115149,False
115150,False
115151,False
115152,True
115153,True
115154,False
115155,False
115156,False
115157,True
115158,False
115159,True
115160,False
115161,False
115162,False
115163,False
115164,False
115165,False
115166,False
115167,True
115168,False
115169,False
115170,True
115171,False
115172,False
115173,False
115174,False
115175,False
115176,False
115177,False
115178,False
115179,True
115180,False
115181,False
115182,False
115183,False
115184,False
115185,False
115186,True
115187,True
115188,True
115189,False
115190,False
115191,False
115192,False
115193,False
115194,False
115195,False
115196,False
115197,False
115198,False
115199,False
115200,False
115201,False
115202,False
115203,False
115204,True
115205,True
115206,False
115207,False
115208,False
115209,False
115210,False
115211,True
115212,True
115213,True
115214,False
115215,False
115216,False
115217,True
115218,True
115219,False
115220,False
115221,False
115222,False
115223,False
115224,True
115225,True
115226,False
115227,False
115228,True
115229,False
115230,False
115231,False
115232,True
115233,True
115234,False
115235,False
115236,False
115237,False
115238,True
115239,True
115240,False
115241,True
115242,False
115243,False
115244,True
115245,False
115246,False
115247,False
115248,False
115249,False
115250,False
115251,False
115252,True
115253,True
115254,False
115255,False
115256,False
115257,True
115258,False
115259,False
115260,False
115261,True
115262,True
115263,False
115264,False
115265,False
115266,True
115267,True
115268,False
115269,True
115270,False
115271,False
115272,True
115273,True
115274,False
115275,False
115276,False
115277,False
115278,False
115279,True
115280,True
115281,True
115282,False
115283,True
115284,False
115285,True
115286,False
115287,False
115288,True
115289,True
115290,True
115291,True
115292,True
115293,False
115294,True
115295,True
115296,True
115297,True
115298,False
115299,False
115300,False
115301,False
115302,True
115303,True
115304,True
115305,False
115306,False
115307,False
115308,False
115309,False
115310,False
115311,True
115312,False
115313,False
115314,True
115315,False
115316,True
115317,False
115318,False
115319,True
115320,False
115321,True
115322,False
115323,False
115324,False
115325,False
115326,False
115327,True
115328,False
115329,True
115330,True
115331,False
115332,False
115333,False
115334,False
115335,False
115336,False
115337,False
115338,True
115339,False
115340,False
115341,False
115342,True
115343,False
115344,False
115345,True
115346,False
115347,False
115348,False
115349,False
115350,True
115351,True
115352,False
115353,False
115354,True
115355,False
115356,False
115357,False
115358,False
115359,False
115360,True
115361,True
115362,True
115363,False
115364,False
115365,False
115366,False
115367,True
115368,False
115369,False
115370,False
115371,False
115372,False
115373,False
115374,False
115375,False
115376,True
115377,False
115378,False
115379,False
115380,True
115381,False
115382,False
115383,True
115384,False
115385,False
115386,False
115387,True
115388,False
115389,False
115390,True
115391,False
115392,True
115393,True
115394,False
115395,False
115396,False
115397,True
115398,False
115399,True
115400,False
115401,True
115402,False
115403,False
115404,True
115405,False
115406,False
115407,True
115408,False
115409,False
115410,True
115411,False
115412,False
115413,True
115414,False
115415,False
115416,True
115417,False
115418,True
115419,False
115420,False
115421,True
115422,False
115423,False
115424,False
115425,False
115426,False
115427,False
115428,True
115429,False
115430,False
115431,True
115432,False
115433,False
115434,False
115435,False
115436,True
115437,True
115438,False
115439,False
115440,True
115441,False
115442,True
115443,False
115444,False
115445,False
115446,False
115447,True
115448,True
115449,False
115450,True
115451,False
115452,False
115453,True
115454,False
115455,True
115456,False
115457,True
115458,False
115459,False
115460,False
115461,False
115462,False
115463,False
115464,False
115465,True
115466,False
115467,False
115468,False
115469,False
115470,False
115471,False
115472,False
115473,False
115474,True
115475,False
115476,False
115477,False
115478,False
115479,True
115480,False
115481,False
115482,False
115483,False
115484,False
115485,True
115486,False
115487,False
115488,False
115489,False
115490,False
115491,False
115492,False
115493,True
115494,False
115495,False
115496,False
115497,False
115498,False
115499,False
115500,False
115501,False
115502,True
115503,True
115504,True
115505,True
115506,False
115507,False
115508,False
115509,True
115510,True
115511,True
115512,True
115513,False
115514,True
115515,True
115516,False
115517,False
115518,False
115519,True
115520,False
115521,True
115522,False
115523,False
115524,True
115525,False
115526,False
115527,False
115528,True
115529,False
115530,False
115531,False
115532,False
115533,True
115534,False
115535,True
115536,True
115537,False
115538,True
115539,False
115540,False
115541,False
115542,True
115543,True
115544,False
115545,False
115546,True
115547,False
115548,False
115549,False
115550,True
115551,False
115552,False
115553,False
115554,True
115555,True
115556,True
115557,False
115558,True
115559,False
115560,False
115561,False
115562,False
115563,False
115564,False
115565,False
115566,True
115567,True
115568,False
115569,False
115570,False
115571,False
115572,True
115573,False
115574,False
115575,False
115576,False
115577,False
115578,True
115579,False
115580,False
115581,False
115582,False
115583,False
115584,False
115585,False
115586,True
115587,False
115588,False
115589,True
115590,True
115591,False
115592,False
115593,False
115594,False
115595,True
115596,True
115597,False
115598,False
115599,False
115600,False
115601,False
115602,False
115603,False
115604,False
115605,False
115606,True
115607,True
115608,False
115609,True
115610,False
115611,False
115612,False
115613,True
115614,False
115615,False
115616,False
115617,True
115618,False
115619,False
115620,True
115621,False
115622,False
115623,False
115624,True
115625,True
115626,False
115627,False
115628,False
115629,False
115630,False
115631,False
115632,True
115633,True
115634,True
115635,False
115636,False
115637,True
115638,False
115639,False
115640,True
115641,False
115642,True
115643,False
115644,True
115645,False
115646,False
115647,True
115648,True
115649,False
115650,True
115651,True
115652,True
115653,False
115654,False
115655,False
115656,False
115657,False
115658,False
115659,False
115660,True
115661,False
115662,False
115663,False
115664,True
115665,False
115666,False
115667,False
115668,True
115669,True
115670,False
115671,False
115672,False
115673,False
115674,True
115675,False
115676,True
115677,True
115678,True
115679,False
115680,False
115681,False
115682,False
115683,False
115684,True
115685,False
115686,False
115687,True
115688,False
115689,True
115690,False
115691,True
115692,True
115693,True
115694,False
115695,False
115696,False
115697,True
115698,False
115699,False
115700,False
115701,False
115702,False
115703,False
115704,False
115705,False
115706,False
115707,True
115708,True
115709,False
115710,False
115711,False
115712,False
115713,False
115714,False
115715,False
115716,True
115717,False
115718,False
115719,False
115720,True
115721,True
115722,True
115723,False
115724,False
115725,True
115726,True
115727,True
115728,True
115729,True
115730,True
115731,False
115732,False
115733,False
115734,False
115735,False
115736,False
115737,False
115738,False
115739,True
115740,True
115741,False
115742,False
115743,False
115744,False
115745,False
115746,False
115747,False
115748,True
115749,False
115750,False
115751,True
115752,True
115753,False
115754,True
115755,False
115756,False
115757,False
115758,False
115759,False
115760,True
115761,False
115762,False
115763,True
115764,False
115765,True
115766,False
115767,False
115768,False
115769,False
115770,False
115771,False
115772,True
115773,False
115774,True
115775,False
115776,False
115777,False
115778,False
115779,True
115780,True
115781,True
115782,True
115783,False
115784,True
115785,False
115786,True
115787,False
115788,False
115789,False
115790,False
115791,True
115792,True
115793,False
115794,True
115795,False
115796,True
115797,False
115798,False
115799,False
115800,True
115801,True
115802,True
115803,False
115804,False
115805,False
115806,False
115807,False
115808,False
115809,True
115810,False
115811,False
115812,False
115813,False
115814,False
115815,False
115816,True
115817,True
115818,False
115819,False
115820,True
115821,True
115822,True
115823,False
115824,False
115825,False
115826,True
115827,False
115828,True
115829,False
115830,False
115831,False
115832,True
115833,False
115834,True
115835,True
115836,False
115837,False
115838,True
115839,True
115840,False
115841,False
115842,True
115843,True
115844,False
115845,True
115846,False
115847,False
115848,False
115849,False
115850,False
115851,False
115852,True
115853,True
115854,True
115855,False
115856,True
115857,False
115858,True
115859,False
115860,False
115861,True
115862,False
115863,False
115864,True
115865,False
115866,False
115867,True
115868,True
115869,False
115870,False
115871,True
115872,False
115873,True
115874,True
115875,True
115876,False
115877,False
115878,False
115879,True
115880,False
115881,True
115882,True
115883,False
115884,False
115885,False
115886,True
115887,False
115888,False
115889,True
115890,True
115891,True
115892,False
115893,True
115894,True
115895,False
115896,False
115897,True
115898,False
115899,False
115900,True
115901,True
115902,False
115903,False
115904,False
115905,True
115906,False
115907,False
115908,False
115909,False
115910,False
115911,False
115912,False
115913,False
115914,True
115915,False
115916,True
115917,False
115918,True
115919,True
115920,False
115921,False
115922,False
115923,False
115924,True
115925,False
115926,False
115927,False
115928,False
115929,False
115930,False
115931,False
115932,True
115933,False
115934,True
115935,False
115936,False
115937,False
115938,True
115939,False
115940,False
115941,False
115942,False
115943,False
115944,False
115945,False
115946,True
115947,True
115948,False
115949,False
115950,True
115951,False
115952,True
115953,False
115954,False
115955,False
115956,True
115957,True
115958,False
115959,True
115960,False
115961,False
115962,False
115963,False
115964,False
115965,False
115966,False
115967,True
115968,False
115969,True
115970,False
115971,False
115972,True
115973,False
115974,False
115975,False
115976,False
115977,False
115978,False
115979,True
115980,False
115981,False
115982,False
115983,False
115984,False
115985,False
115986,True
115987,True
115988,True
115989,True
115990,False
115991,True
115992,False
115993,False
115994,False
115995,False
115996,False
115997,False
115998,False
115999,False
116000,True
116001,False
116002,False
116003,True
116004,False
116005,False
116006,True
116007,False
116008,True
116009,False
116010,False
116011,False
116012,False
116013,False
116014,False
116015,False
116016,False
116017,True
116018,True
116019,True
116020,True
116021,False
116022,False
116023,False
116024,False
116025,False
116026,False
116027,False
116028,False
116029,False
116030,False
116031,True
116032,False
116033,True
116034,True
116035,True
116036,True
116037,True
116038,False
116039,False
116040,True
116041,False
116042,True
116043,False
116044,True
116045,True
116046,False
116047,False
116048,False
116049,False
116050,False
116051,False
116052,False
116053,False
116054,False
116055,False
116056,False
116057,True
116058,False
116059,True
116060,False
116061,True
116062,False
116063,False
116064,False
116065,True
116066,True
116067,False
116068,True
116069,False
116070,True
116071,True
116072,False
116073,True
116074,False
116075,False
116076,False
116077,False
116078,False
116079,False
116080,True
116081,False
116082,False
116083,True
116084,False
116085,False
116086,False
116087,True
116088,True
116089,False
116090,False
116091,True
116092,False
116093,False
116094,False
116095,True
116096,False
116097,True
116098,False
116099,False
116100,False
116101,True
116102,False
116103,False
116104,False
116105,False
116106,True
116107,False
116108,False
116109,False
116110,True
116111,False
116112,True
116113,False
116114,False
116115,False
116116,False
116117,False
116118,False
116119,False
116120,False
116121,True
116122,False
116123,False
116124,True
116125,True
116126,False
116127,False
116128,False
116129,False
116130,True
116131,False
116132,False
116133,True
116134,False
116135,False
116136,False
116137,False
116138,True
116139,True
116140,False
116141,False
116142,True
116143,True
116144,False
116145,False
116146,True
116147,False
116148,False
116149,False
116150,True
116151,False
116152,False
116153,False
116154,True
116155,False
116156,False
116157,True
116158,True
116159,True
116160,False
116161,False
116162,True
116163,True
116164,False
116165,False
116166,False
116167,True
116168,True
116169,False
116170,False
116171,False
116172,True
116173,True
116174,True
116175,True
116176,True
116177,False
116178,True
116179,True
116180,False
116181,True
116182,True
116183,False
116184,False
116185,True
116186,False
116187,False
116188,False
116189,True
116190,False
116191,False
116192,True
116193,False
116194,True
116195,False
116196,False
116197,False
116198,False
116199,False
116200,False
116201,True
116202,False
116203,False
116204,False
116205,True
116206,True
116207,False
116208,False
116209,False
116210,False
116211,False
116212,False
116213,True
116214,False
116215,False
116216,False
116217,False
116218,True
116219,False
116220,False
116221,False
116222,False
116223,False
116224,False
116225,False
116226,True
116227,True
116228,False
116229,False
116230,False
116231,True
116232,False
116233,True
116234,True
116235,True
116236,True
116237,False
116238,False
116239,False
116240,False
116241,False
116242,True
116243,True
116244,False
116245,False
116246,False
116247,False
116248,True
116249,False
116250,False
116251,False
116252,False
116253,True
116254,False
116255,False
116256,False
116257,True
116258,False
116259,True
116260,True
116261,False
116262,False
116263,True
116264,True
116265,False
116266,False
116267,False
116268,False
116269,True
116270,False
116271,True
116272,True
116273,False
116274,True
116275,False
116276,True
116277,True
116278,True
116279,False
116280,False
116281,True
116282,False
116283,False
116284,True
116285,False
116286,True
116287,False
116288,False
116289,False
116290,False
116291,False
116292,True
116293,False
116294,True
116295,False
116296,False
116297,False
116298,True
116299,False
116300,False
116301,False
116302,False
116303,False
116304,False
116305,True
116306,False
116307,False
116308,False
116309,True
116310,False
116311,False
116312,True
116313,False
116314,False
116315,True
116316,True
116317,True
116318,True
116319,False
116320,False
116321,False
116322,True
116323,False
116324,False
116325,False
116326,True
116327,False
116328,False
116329,True
116330,True
116331,True
116332,False
116333,False
116334,False
116335,False
116336,False
116337,True
116338,True
116339,False
116340,True
116341,False
116342,True
116343,False
116344,True
116345,False
116346,False
116347,True
116348,False
116349,False
116350,False
116351,False
116352,False
116353,False
116354,False
116355,False
116356,True
116357,False
116358,True
116359,False
116360,False
116361,False
116362,False
116363,False
116364,True
116365,False
116366,True
116367,True
116368,False
116369,False
116370,False
116371,False
116372,True
116373,True
116374,False
116375,False
116376,False
116377,False
116378,False
116379,False
116380,False
116381,False
116382,False
116383,False
116384,False
116385,False
116386,False
116387,True
116388,False
116389,True
116390,True
116391,False
116392,True
116393,True
116394,False
116395,True
116396,True
116397,True
116398,False
116399,True
116400,False
116401,False
116402,False
116403,False
116404,False
116405,True
116406,True
116407,True
116408,False
116409,False
116410,False
116411,True
116412,False
116413,False
116414,True
116415,False
116416,False
116417,False
116418,False
116419,True
116420,False
116421,False
116422,True
116423,False
116424,False
116425,False
116426,False
116427,False
116428,True
116429,True
116430,False
116431,True
116432,True
116433,False
116434,False
116435,False
116436,True
116437,True
116438,False
116439,True
116440,False
116441,False
116442,False
116443,False
116444,False
116445,False
116446,False
116447,True
116448,False
116449,True
116450,False
116451,True
116452,False
116453,False
116454,True
116455,False
116456,False
116457,False
116458,True
116459,True
116460,True
116461,False
116462,False
116463,False
116464,False
116465,False
116466,False
116467,False
116468,True
116469,False
116470,True
116471,False
116472,False
116473,False
116474,False
116475,False
116476,False
116477,False
116478,True
116479,True
116480,True
116481,False
116482,False
116483,False
116484,False
116485,False
116486,False
116487,True
116488,False
116489,False
116490,False
116491,True
116492,False
116493,False
116494,True
116495,False
116496,False
116497,False
116498,False
116499,False
116500,True
116501,True
116502,False
116503,False
116504,False
116505,False
116506,False
116507,False
116508,True
116509,False
116510,False
116511,False
116512,False
116513,False
116514,False
116515,True
116516,True
116517,False
116518,True
116519,False
116520,False
116521,False
116522,False
116523,True
116524,False
116525,False
116526,False
116527,False
116528,False
116529,False
116530,False
116531,True
116532,False
116533,True
116534,True
116535,True
116536,True
116537,False
116538,True
116539,False
116540,False
116541,False
116542,False
116543,False
116544,False
116545,False
116546,False
116547,True
116548,True
116549,True
116550,False
116551,False
116552,False
116553,False
116554,False
116555,False
116556,False
116557,True
116558,False
116559,False
116560,False
116561,False
116562,False
116563,False
116564,False
116565,True
116566,False
116567,False
116568,False
116569,False
116570,False
116571,True
116572,False
116573,False
116574,False
116575,False
116576,True
116577,False
116578,True
116579,False
116580,False
116581,False
116582,False
116583,True
116584,False
116585,True
116586,True
116587,True
116588,False
116589,False
116590,False
116591,False
116592,True
116593,False
116594,True
116595,False
116596,True
116597,True
116598,False
116599,False
116600,False
116601,False
116602,False
116603,False
116604,True
116605,False
116606,False
116607,False
116608,False
116609,False
116610,False
116611,False
116612,False
116613,True
116614,False
116615,True
116616,True
116617,False
116618,False
116619,False
116620,False
116621,True
116622,False
116623,False
116624,False
116625,False
116626,False
116627,True
116628,False
116629,False
116630,False
116631,False
116632,True
116633,False
116634,False
116635,False
116636,True
116637,False
116638,False
116639,False
116640,True
116641,False
116642,False
116643,False
116644,False
116645,False
116646,True
116647,False
116648,True
116649,True
116650,True
116651,False
116652,False
116653,False
116654,True
116655,True
116656,False
116657,False
116658,False
116659,True
116660,False
116661,True
116662,False
116663,False
116664,True
116665,True
116666,False
116667,True
116668,False
116669,True
116670,True
116671,False
116672,False
116673,False
116674,False
116675,False
116676,True
116677,False
116678,False
116679,False
116680,True
116681,False
116682,False
116683,False
116684,True
116685,True
116686,True
116687,False
116688,True
116689,True
116690,False
116691,False
116692,False
116693,False
116694,True
116695,True
116696,False
116697,False
116698,False
116699,False
116700,False
116701,False
116702,False
116703,True
116704,False
116705,False
116706,False
116707,False
116708,False
116709,False
116710,False
116711,False
116712,True
116713,False
116714,True
116715,False
116716,True
116717,False
116718,True
116719,False
116720,False
116721,True
116722,False
116723,False
116724,False
116725,False
116726,False
116727,False
116728,False
116729,False
116730,True
116731,True
116732,False
116733,True
116734,False
116735,False
116736,False
116737,True
116738,False
116739,False
116740,False
116741,False
116742,False
116743,False
116744,False
116745,True
116746,True
116747,False
116748,False
116749,False
116750,False
116751,True
116752,False
116753,False
116754,True
116755,True
116756,False
116757,False
116758,True
116759,False
116760,True
116761,True
116762,True
116763,True
116764,True
116765,True
116766,True
116767,True
116768,False
116769,False
116770,False
116771,False
116772,True
116773,False
116774,False
116775,False
116776,False
116777,True
116778,True
116779,False
116780,False
116781,False
116782,False
116783,False
116784,False
116785,False
116786,True
116787,False
116788,False
116789,True
116790,False
116791,False
116792,False
116793,True
116794,True
116795,True
116796,True
116797,False
116798,False
116799,False
116800,False
116801,False
116802,True
116803,True
116804,False
116805,False
116806,True
116807,False
116808,True
116809,True
116810,True
116811,False
116812,True
116813,True
116814,False
116815,False
116816,False
116817,True
116818,True
116819,False
116820,False
116821,True
116822,False
116823,False
116824,False
116825,True
116826,True
116827,True
116828,False
116829,False
116830,True
116831,False
116832,False
116833,False
116834,False
116835,False
116836,False
116837,False
116838,True
116839,False
116840,False
116841,False
116842,False
116843,True
116844,True
116845,False
116846,False
116847,False
116848,False
116849,False
116850,False
116851,True
116852,True
116853,False
116854,False
116855,True
116856,True
116857,False
116858,False
116859,False
116860,False
116861,False
116862,True
116863,False
116864,False
116865,True
116866,False
116867,False
116868,False
116869,True
116870,False
116871,False
116872,True
116873,False
116874,True
116875,True
116876,True
116877,False
116878,True
116879,False
116880,False
116881,False
116882,False
116883,False
116884,False
116885,False
116886,False
116887,False
116888,False
116889,False
116890,True
116891,True
116892,False
116893,False
116894,False
116895,False
116896,False
116897,False
116898,False
116899,False
116900,False
116901,False
116902,False
116903,False
116904,False
116905,True
116906,False
116907,False
116908,False
116909,False
116910,False
116911,False
116912,False
116913,False
116914,True
116915,False
116916,False
116917,True
116918,True
116919,False
116920,False
116921,False
116922,False
116923,False
116924,True
116925,False
116926,True
116927,False
116928,True
116929,False
116930,True
116931,False
116932,False
116933,False
116934,False
116935,True
116936,False
116937,False
116938,True
116939,False
116940,False
116941,True
116942,False
116943,True
116944,False
116945,False
116946,False
116947,True
116948,False
116949,True
116950,True
116951,True
116952,False
116953,False
116954,False
116955,True
116956,False
116957,False
116958,True
116959,True
116960,True
116961,False
116962,False
116963,False
116964,False
116965,False
116966,False
116967,True
116968,True
116969,False
116970,True
116971,False
116972,True
116973,False
116974,True
116975,False
116976,False
116977,True
116978,True
116979,False
116980,True
116981,False
116982,True
116983,False
116984,True
116985,False
116986,False
116987,True
116988,False
116989,True
116990,False
116991,True
116992,True
116993,False
116994,False
116995,True
116996,False
116997,True
116998,True
116999,False
117000,False
117001,True
117002,True
117003,False
117004,False
117005,False
117006,False
117007,False
117008,False
117009,False
117010,True
117011,False
117012,True
117013,True
117014,False
117015,False
117016,False
117017,False
117018,True
117019,False
117020,False
117021,False
117022,False
117023,True
117024,False
117025,False
117026,True
117027,False
117028,False
117029,False
117030,False
117031,False
117032,False
117033,False
117034,False
117035,False
117036,False
117037,False
117038,True
117039,False
117040,True
117041,True
117042,False
117043,False
117044,False
117045,False
117046,True
117047,False
117048,True
117049,False
117050,False
117051,True
117052,False
117053,False
117054,False
117055,False
117056,False
117057,True
117058,True
117059,True
117060,False
117061,False
117062,False
117063,False
117064,True
117065,False
117066,True
117067,True
117068,False
117069,True
117070,False
117071,False
117072,True
117073,False
117074,False
117075,True
117076,False
117077,True
117078,False
117079,True
117080,False
117081,False
117082,True
117083,False
117084,False
117085,True
117086,True
117087,False
117088,False
117089,False
117090,False
117091,False
117092,False
117093,True
117094,True
117095,False
117096,False
117097,False
117098,False
117099,False
117100,False
117101,False
117102,False
117103,False
117104,True
117105,False
117106,False
117107,False
117108,False
117109,True
117110,True
117111,False
117112,False
117113,False
117114,False
117115,True
117116,False
117117,True
117118,True
117119,True
117120,True
117121,False
117122,True
117123,True
117124,False
117125,False
117126,True
117127,False
117128,True
117129,False
117130,False
117131,False
117132,True
117133,True
117134,True
117135,False
117136,False
117137,True
117138,True
117139,True
117140,False
117141,False
117142,False
117143,True
117144,False
117145,False
117146,False
117147,False
117148,True
117149,False
117150,False
117151,False
117152,False
117153,False
117154,True
117155,True
117156,True
117157,False
117158,False
117159,False
117160,True
117161,False
117162,False
117163,False
117164,False
117165,False
117166,True
117167,True
117168,False
117169,False
117170,True
117171,True
117172,False
117173,False
117174,False
117175,False
117176,False
117177,True
117178,False
117179,False
117180,False
117181,False
117182,False
117183,False
117184,False
117185,True
117186,True
117187,True
117188,True
117189,True
117190,False
117191,True
117192,False
117193,True
117194,False
117195,False
117196,False
117197,True
117198,True
117199,True
117200,False
117201,False
117202,False
117203,False
117204,False
117205,True
117206,True
117207,False
117208,True
117209,True
117210,False
117211,True
117212,False
117213,True
117214,False
117215,False
117216,True
117217,True
117218,True
117219,True
117220,False
117221,False
117222,False
117223,False
117224,False
117225,True
117226,False
117227,False
117228,False
117229,True
117230,True
117231,True
117232,False
117233,True
117234,False
117235,True
117236,False
117237,True
117238,False
117239,False
117240,False
117241,False
117242,False
117243,False
117244,True
117245,False
117246,False
117247,True
117248,False
117249,False
117250,False
117251,False
117252,True
117253,False
117254,False
117255,False
117256,False
117257,False
117258,False
117259,True
117260,True
117261,False
117262,False
117263,False
117264,False
117265,False
117266,False
117267,True
117268,False
117269,False
117270,True
117271,True
117272,False
117273,True
117274,False
117275,False
117276,False
117277,True
117278,False
117279,False
117280,False
117281,True
117282,False
117283,True
117284,True
117285,False
117286,False
117287,False
117288,True
117289,False
117290,True
117291,False
117292,False
117293,False
117294,True
117295,False
117296,False
117297,True
117298,False
117299,True
117300,True
117301,False
117302,False
117303,True
117304,False
117305,False
117306,False
117307,False
117308,False
117309,True
117310,False
117311,False
117312,False
117313,True
117314,False
117315,False
117316,False
117317,False
117318,True
117319,True
117320,False
117321,False
117322,False
117323,False
117324,False
117325,True
117326,True
117327,False
117328,False
117329,True
117330,False
117331,False
117332,True
117333,False
117334,True
117335,False
117336,False
117337,True
117338,True
117339,False
117340,False
117341,False
117342,False
117343,False
117344,False
117345,False
117346,True
117347,False
117348,True
117349,False
117350,False
117351,True
117352,False
117353,False
117354,True
117355,True
117356,True
117357,False
117358,False
117359,True
117360,False
117361,False
117362,False
117363,True
117364,False
117365,False
117366,False
117367,False
117368,True
117369,False
117370,True
117371,False
117372,False
117373,True
117374,False
117375,False
117376,True
117377,False
117378,False
117379,True
117380,True
117381,False
117382,True
117383,False
117384,False
117385,False
117386,False
117387,False
117388,False
117389,True
117390,True
117391,True
117392,True
117393,False
117394,False
117395,False
117396,True
117397,False
117398,True
117399,False
117400,True
117401,False
117402,False
117403,False
117404,True
117405,False
117406,True
117407,True
117408,True
117409,False
117410,False
117411,False
117412,False
117413,False
117414,True
117415,True
117416,False
117417,False
117418,False
117419,True
117420,False
117421,False
117422,False
117423,False
117424,False
117425,False
117426,False
117427,False
117428,False
117429,False
117430,False
117431,False
117432,True
117433,True
117434,True
117435,False
117436,False
117437,False
117438,True
117439,True
117440,False
117441,False
117442,True
117443,True
117444,True
117445,False
117446,True
117447,False
117448,False
117449,True
117450,True
117451,False
117452,False
117453,False
117454,False
117455,False
117456,False
117457,False
117458,False
117459,False
117460,False
117461,True
117462,False
117463,False
117464,False
117465,False
117466,False
117467,True
117468,False
117469,False
117470,True
117471,False
117472,False
117473,False
117474,True
117475,True
117476,False
117477,False
117478,False
117479,False
117480,False
117481,False
117482,True
117483,False
117484,True
117485,True
117486,False
117487,True
117488,False
117489,True
117490,False
117491,True
117492,True
117493,False
117494,False
117495,True
117496,False
117497,False
117498,False
117499,True
117500,True
117501,False
117502,False
117503,False
117504,False
117505,True
117506,False
117507,False
117508,False
117509,False
117510,True
117511,False
117512,False
117513,False
117514,True
117515,False
117516,False
117517,True
117518,False
117519,False
117520,False
117521,True
117522,False
117523,True
117524,False
117525,False
117526,False
117527,True
117528,True
117529,False
117530,True
117531,True
117532,False
117533,False
117534,True
117535,False
117536,False
117537,True
117538,False
117539,False
117540,True
117541,False
117542,False
117543,False
117544,False
117545,False
117546,True
117547,False
117548,False
117549,True
117550,True
117551,False
117552,False
117553,True
117554,False
117555,True
117556,True
117557,False
117558,False
117559,False
117560,False
117561,True
117562,False
117563,True
117564,False
117565,False
117566,False
117567,False
117568,False
117569,False
117570,False
117571,True
117572,True
117573,True
117574,False
117575,False
117576,True
117577,False
117578,False
117579,False
117580,False
117581,False
117582,False
117583,False
117584,False
117585,False
117586,False
117587,True
117588,False
117589,True
117590,False
117591,True
117592,True
117593,False
117594,False
117595,False
117596,False
117597,False
117598,True
117599,False
117600,True
117601,False
117602,False
117603,False
117604,True
117605,False
117606,False
117607,False
117608,True
117609,False
117610,False
117611,False
117612,True
117613,True
117614,True
117615,True
117616,False
117617,False
117618,False
117619,False
117620,False
117621,False
117622,False
117623,False
117624,True
117625,False
117626,True
117627,False
117628,False
117629,False
117630,False
117631,True
117632,False
117633,False
117634,False
117635,True
117636,False
117637,False
117638,False
117639,False
117640,False
117641,False
117642,True
117643,False
117644,False
117645,True
117646,False
117647,False
117648,False
117649,True
117650,False
117651,False
117652,True
117653,False
117654,False
117655,True
117656,False
117657,True
117658,False
117659,True
117660,True
117661,True
117662,True
117663,True
117664,False
117665,False
117666,False
117667,True
117668,False
117669,False
117670,False
117671,False
117672,False
117673,False
117674,True
117675,True
117676,False
117677,False
117678,False
117679,False
117680,True
117681,True
117682,False
117683,False
117684,True
117685,True
117686,False
117687,False
117688,False
117689,False
117690,False
117691,False
117692,False
117693,False
117694,False
117695,False
117696,True
117697,False
117698,False
117699,False
117700,True
117701,True
117702,False
117703,False
117704,True
117705,False
117706,False
117707,False
117708,False
117709,False
117710,False
117711,True
117712,False
117713,False
117714,False
117715,True
117716,False
117717,False
117718,False
117719,False
117720,False
117721,False
117722,True
117723,False
117724,True
117725,True
117726,False
117727,False
117728,True
117729,True
117730,False
117731,False
117732,False
117733,True
117734,False
117735,True
117736,True
117737,True
117738,True
117739,False
117740,False
117741,False
117742,False
117743,False
117744,False
117745,True
117746,False
117747,False
117748,True
117749,True
117750,False
117751,False
117752,True
117753,False
117754,False
117755,False
117756,False
117757,False
117758,True
117759,False
117760,False
117761,False
117762,False
117763,False
117764,False
117765,True
117766,True
117767,False
117768,False
117769,False
117770,False
117771,False
117772,False
117773,False
117774,True
117775,True
117776,True
117777,False
117778,False
117779,False
117780,True
117781,True
117782,True
117783,False
117784,False
117785,True
117786,True
117787,False
117788,False
117789,False
117790,False
117791,True
117792,False
117793,True
117794,True
117795,True
117796,True
117797,False
117798,True
117799,False
117800,False
117801,False
117802,False
117803,True
117804,True
117805,True
117806,True
117807,True
117808,False
117809,True
117810,False
117811,False
117812,True
117813,True
117814,True
117815,True
117816,True
117817,False
117818,False
117819,True
117820,False
117821,False
117822,True
117823,False
117824,False
117825,False
117826,False
117827,False
117828,True
117829,False
117830,False
117831,False
117832,False
117833,False
117834,True
117835,False
117836,False
117837,True
117838,False
117839,True
117840,True
117841,False
117842,True
117843,False
117844,False
117845,False
117846,False
117847,False
117848,False
117849,False
117850,False
117851,False
117852,True
117853,False
117854,True
117855,False
117856,False
117857,False
117858,True
117859,True
117860,False
117861,False
117862,False
117863,True
117864,False
117865,False
117866,True
117867,True
117868,False
117869,True
117870,False
117871,True
117872,True
117873,False
117874,True
117875,False
117876,True
117877,False
117878,False
117879,False
117880,False
117881,False
117882,True
117883,False
117884,False
117885,False
117886,False
117887,False
117888,False
117889,False
117890,False
117891,False
117892,True
117893,False
117894,False
117895,False
117896,True
117897,False
117898,False
117899,True
117900,False
117901,True
117902,False
117903,False
117904,False
117905,False
117906,False
117907,True
117908,True
117909,False
117910,False
117911,False
117912,False
117913,True
117914,True
117915,False
117916,False
117917,True
117918,False
117919,False
117920,True
117921,True
117922,False
117923,False
117924,True
117925,True
117926,False
117927,False
117928,False
117929,True
117930,True
117931,True
117932,False
117933,False
117934,False
117935,True
117936,False
117937,False
117938,False
117939,False
117940,True
117941,True
117942,True
117943,False
117944,False
117945,True
117946,True
117947,False
117948,True
117949,False
117950,False
117951,True
117952,True
117953,False
117954,False
117955,True
117956,False
117957,False
117958,False
117959,True
117960,False
117961,False
117962,False
117963,False
117964,True
117965,True
117966,False
117967,False
117968,True
117969,False
117970,False
117971,False
117972,True
117973,True
117974,False
117975,False
117976,True
117977,False
117978,False
117979,False
117980,False
117981,False
117982,False
117983,True
117984,True
117985,False
117986,True
117987,False
117988,False
117989,False
117990,False
117991,False
117992,False
117993,False
117994,False
117995,False
117996,False
117997,False
117998,True
117999,False
118000,True
118001,False
118002,False
118003,False
118004,False
118005,False
118006,False
118007,True
118008,False
118009,False
118010,False
118011,False
118012,False
118013,True
118014,False
118015,False
118016,False
118017,True
118018,True
118019,False
118020,True
118021,False
118022,False
118023,False
118024,True
118025,False
118026,True
118027,False
118028,True
118029,True
118030,False
118031,False
118032,False
118033,True
118034,True
118035,False
118036,False
118037,False
118038,False
118039,False
118040,False
118041,False
118042,False
118043,True
118044,False
118045,False
118046,True
118047,True
118048,False
118049,True
118050,False
118051,True
118052,False
118053,False
118054,True
118055,True
118056,False
118057,False
118058,True
118059,True
118060,False
118061,False
118062,False
118063,False
118064,False
118065,False
118066,False
118067,False
118068,False
118069,False
118070,True
118071,True
118072,False
118073,False
118074,True
118075,True
118076,False
118077,True
118078,False
118079,False
118080,True
118081,True
118082,True
118083,False
118084,False
118085,False
118086,False
118087,False
118088,False
118089,False
118090,False
118091,False
118092,False
118093,False
118094,True
118095,False
118096,True
118097,False
118098,True
118099,False
118100,True
118101,False
118102,False
118103,False
118104,False
118105,False
118106,False
118107,False
118108,True
118109,True
118110,False
118111,False
118112,False
118113,False
118114,False
118115,False
118116,True
118117,False
118118,True
118119,True
118120,False
118121,False
118122,True
118123,True
118124,True
118125,True
118126,True
118127,True
118128,True
118129,False
118130,False
118131,True
118132,False
118133,True
118134,False
118135,True
118136,False
118137,True
118138,True
118139,True
118140,False
118141,False
118142,False
118143,False
118144,True
118145,False
118146,False
118147,False
118148,True
118149,True
118150,False
118151,True
118152,False
118153,False
118154,False
118155,False
118156,False
118157,False
118158,False
118159,False
118160,True
118161,False
118162,False
118163,False
118164,True
118165,False
118166,True
118167,False
118168,True
118169,False
118170,True
118171,False
118172,True
118173,False
118174,True
118175,False
118176,False
118177,False
118178,False
118179,True
118180,False
118181,False
118182,False
118183,True
118184,True
118185,True
118186,False
118187,True
118188,True
118189,True
118190,True
118191,True
118192,False
118193,False
118194,False
118195,False
118196,False
118197,True
118198,False
118199,False
118200,False
118201,False
118202,True
118203,False
118204,False
118205,False
118206,True
118207,True
118208,True
118209,False
118210,False
118211,False
118212,False
118213,False
118214,True
118215,True
118216,True
118217,True
118218,False
118219,True
118220,False
118221,False
118222,False
118223,False
118224,True
118225,False
118226,False
118227,False
118228,False
118229,False
118230,False
118231,False
118232,True
118233,False
118234,False
118235,False
118236,False
118237,False
118238,False
118239,False
118240,False
118241,False
118242,False
118243,False
118244,False
118245,False
118246,True
118247,False
118248,True
118249,True
118250,False
118251,False
118252,True
118253,False
118254,True
118255,False
118256,False
118257,False
118258,True
118259,False
118260,False
118261,True
118262,True
118263,False
118264,False
118265,False
118266,True
118267,True
118268,True
118269,True
118270,False
118271,False
118272,True
118273,False
118274,True
118275,True
118276,False
118277,False
118278,True
118279,False
118280,True
118281,False
118282,True
118283,True
118284,False
118285,False
118286,False
118287,True
118288,False
118289,False
118290,True
118291,True
118292,False
118293,True
118294,False
118295,False
118296,False
118297,False
118298,False
118299,False
118300,True
118301,False
118302,True
118303,False
118304,False
118305,False
118306,False
118307,False
118308,False
118309,True
118310,False
118311,True
118312,False
118313,False
118314,False
118315,True
118316,False
118317,False
118318,False
118319,True
118320,False
118321,False
118322,False
118323,False
118324,False
118325,False
118326,False
118327,False
118328,False
118329,False
118330,True
118331,False
118332,False
118333,False
118334,False
118335,True
118336,False
118337,True
118338,True
118339,True
118340,False
118341,False
118342,False
118343,True
118344,False
118345,True
118346,False
118347,True
118348,True
118349,False
118350,False
118351,False
118352,True
118353,False
118354,True
118355,False
118356,False
118357,False
118358,False
118359,False
118360,False
118361,False
118362,False
118363,False
118364,False
118365,False
118366,False
118367,True
118368,False
118369,False
118370,True
118371,False
118372,True
118373,False
118374,False
118375,False
118376,False
118377,True
118378,True
118379,False
118380,True
118381,False
118382,False
118383,False
118384,False
118385,False
118386,False
118387,False
118388,False
118389,False
118390,False
118391,False
118392,True
118393,True
118394,False
118395,False
118396,True
118397,False
118398,False
118399,True
118400,False
118401,False
118402,False
118403,True
118404,True
118405,True
118406,False
118407,False
118408,False
118409,False
118410,False
118411,False
118412,False
118413,True
118414,False
118415,True
118416,True
118417,True
118418,True
118419,False
118420,True
118421,True
118422,True
118423,False
118424,True
118425,False
118426,True
118427,True
118428,True
118429,False
118430,True
118431,False
118432,False
118433,False
118434,False
118435,True
118436,False
118437,False
118438,True
118439,False
118440,True
118441,True
118442,False
118443,False
118444,False
118445,False
118446,False
118447,False
118448,False
118449,False
118450,False
118451,False
118452,True
118453,False
118454,False
118455,True
118456,False
118457,True
118458,True
118459,True
118460,True
118461,False
118462,False
118463,True
118464,False
118465,False
118466,True
118467,False
118468,False
118469,False
118470,True
118471,True
118472,False
118473,False
118474,True
118475,False
118476,False
118477,False
118478,True
118479,False
118480,False
118481,False
118482,True
118483,False
118484,True
118485,False
118486,True
118487,True
118488,False
118489,True
118490,False
118491,False
118492,False
118493,False
118494,False
118495,False
118496,True
118497,False
118498,True
118499,True
118500,True
118501,False
118502,False
118503,False
118504,False
118505,False
118506,False
118507,True
118508,True
118509,True
118510,False
118511,False
118512,True
118513,True
118514,True
118515,False
118516,True
118517,False
118518,True
118519,False
118520,False
118521,True
118522,False
118523,True
118524,True
118525,False
118526,True
118527,False
118528,False
118529,False
118530,True
118531,False
118532,True
118533,True
118534,True
118535,True
118536,False
118537,True
118538,False
118539,False
118540,False
118541,False
118542,False
118543,False
118544,True
118545,False
118546,True
118547,False
118548,True
118549,True
118550,True
118551,False
118552,False
118553,False
118554,False
118555,False
118556,True
118557,False
118558,False
118559,False
118560,False
118561,False
118562,True
118563,False
118564,False
118565,False
118566,False
118567,False
118568,False
118569,False
118570,False
118571,False
118572,False
118573,False
118574,False
118575,True
118576,True
118577,True
118578,True
118579,False
118580,True
118581,False
118582,False
118583,False
118584,False
118585,False
118586,False
118587,True
118588,False
118589,False
118590,False
118591,False
118592,False
118593,False
118594,False
118595,True
118596,False
118597,False
118598,False
118599,False
118600,False
118601,False
118602,False
118603,False
118604,False
118605,True
118606,False
118607,True
118608,False
118609,True
118610,True
118611,False
118612,True
118613,False
118614,False
118615,True
118616,True
118617,False
118618,False
118619,False
118620,True
118621,False
118622,False
118623,False
118624,False
118625,False
118626,True
118627,True
118628,True
118629,False
118630,False
118631,False
118632,False
118633,True
118634,False
118635,True
118636,True
118637,False
118638,False
118639,False
118640,False
118641,False
118642,True
118643,True
118644,False
118645,False
118646,False
118647,True
118648,False
118649,True
118650,False
118651,True
118652,False
118653,False
118654,False
118655,False
118656,False
118657,False
118658,False
118659,False
118660,True
118661,True
118662,False
118663,False
118664,False
118665,True
118666,True
118667,False
118668,False
118669,False
118670,True
118671,False
118672,False
118673,False
118674,False
118675,False
118676,True
118677,False
118678,False
118679,True
118680,False
118681,False
118682,True
118683,True
118684,False
118685,True
118686,True
118687,True
118688,False
118689,False
118690,True
118691,True
118692,False
118693,True
118694,False
118695,False
118696,False
118697,False
118698,False
118699,True
118700,False
118701,False
118702,True
118703,False
118704,False
118705,True
118706,False
118707,True
118708,False
118709,True
118710,True
118711,False
118712,False
118713,False
118714,False
118715,False
118716,False
118717,True
118718,True
118719,False
118720,False
118721,False
118722,True
118723,False
118724,True
118725,True
118726,False
118727,False
118728,True
118729,False
118730,False
118731,False
118732,False
118733,False
118734,False
118735,False
118736,False
118737,False
118738,False
118739,True
118740,False
118741,False
118742,False
118743,False
118744,False
118745,False
118746,True
118747,False
118748,True
118749,True
118750,True
118751,False
118752,False
118753,True
118754,True
118755,False
118756,True
118757,True
118758,False
118759,False
118760,False
118761,False
118762,True
118763,True
118764,True
118765,False
118766,False
118767,True
118768,False
118769,True
118770,False
118771,False
118772,False
118773,True
118774,False
118775,True
118776,False
118777,False
118778,False
118779,False
118780,False
118781,True
118782,True
118783,False
118784,True
118785,False
118786,False
118787,True
118788,False
118789,False
118790,True
118791,False
118792,False
118793,False
118794,True
118795,False
118796,True
118797,True
118798,True
118799,True
118800,False
118801,False
118802,False
118803,True
118804,False
118805,False
118806,True
118807,False
118808,True
118809,False
118810,True
118811,True
118812,False
118813,False
118814,False
118815,False
118816,False
118817,False
118818,True
118819,False
118820,True
118821,True
118822,False
118823,True
118824,True
118825,False
118826,False
118827,True
118828,True
118829,False
118830,False
118831,True
118832,True
118833,False
118834,False
118835,True
118836,False
118837,False
118838,False
118839,False
118840,False
118841,False
118842,True
118843,False
118844,False
118845,True
118846,True
118847,False
118848,False
118849,False
118850,False
118851,True
118852,True
118853,True
118854,True
118855,False
118856,True
118857,False
118858,False
118859,True
118860,False
118861,False
118862,False
118863,False
118864,True
118865,False
118866,False
118867,False
118868,False
118869,True
118870,True
118871,False
118872,False
118873,True
118874,True
118875,True
118876,False
118877,False
118878,False
118879,False
118880,True
118881,True
118882,False
118883,False
118884,False
118885,False
118886,False
118887,False
118888,True
118889,False
118890,False
118891,False
118892,False
118893,False
118894,True
118895,False
118896,False
118897,True
118898,False
118899,False
118900,False
118901,False
118902,True
118903,False
118904,False
118905,True
118906,False
118907,True
118908,True
118909,False
118910,False
118911,False
118912,True
118913,True
118914,True
118915,True
118916,False
118917,False
118918,True
118919,False
118920,True
118921,False
118922,True
118923,False
118924,False
118925,False
118926,False
118927,False
118928,False
118929,False
118930,True
118931,True
118932,True
118933,True
118934,False
118935,True
118936,False
118937,True
118938,False
118939,False
118940,False
118941,True
118942,False
118943,False
118944,True
118945,True
118946,True
118947,True
118948,True
118949,False
118950,False
118951,False
118952,False
118953,True
118954,False
118955,False
118956,False
118957,True
118958,False
118959,False
118960,True
118961,False
118962,False
118963,False
118964,True
118965,False
118966,False
118967,False
118968,True
118969,False
118970,False
118971,False
118972,True
118973,True
118974,True
118975,False
118976,False
118977,False
118978,True
118979,True
118980,True
118981,True
118982,False
118983,False
118984,False
118985,False
118986,False
118987,True
118988,False
118989,False
118990,False
118991,False
118992,False
118993,True
118994,True
118995,True
118996,False
118997,False
118998,False
118999,False
119000,True
119001,True
119002,False
119003,False
119004,False
119005,False
119006,False
119007,False
119008,False
119009,True
119010,True
119011,False
119012,False
119013,False
119014,True
119015,False
119016,False
119017,False
119018,False
119019,False
119020,False
119021,True
119022,True
119023,False
119024,True
119025,False
119026,False
119027,True
119028,False
119029,False
119030,False
119031,False
119032,False
119033,False
119034,False
119035,True
119036,True
119037,True
119038,True
119039,False
119040,False
119041,False
119042,False
119043,False
119044,True
119045,True
119046,True
119047,False
119048,True
119049,True
119050,False
119051,False
119052,False
119053,False
119054,False
119055,False
119056,False
119057,False
119058,True
119059,False
119060,False
119061,False
119062,False
119063,False
119064,False
119065,False
119066,True
119067,False
119068,True
119069,False
119070,False
119071,False
119072,True
119073,False
119074,False
119075,False
119076,False
119077,False
119078,False
119079,True
119080,False
119081,True
119082,True
119083,False
119084,False
119085,True
119086,True
119087,False
119088,False
119089,False
119090,False
119091,True
119092,False
119093,True
119094,True
119095,False
119096,False
119097,True
119098,False
119099,False
119100,False
119101,False
119102,False
119103,False
119104,False
119105,False
119106,False
119107,True
119108,False
119109,False
119110,True
119111,True
119112,False
119113,False
119114,False
119115,False
119116,True
119117,True
119118,False
119119,False
119120,False
119121,False
119122,True
119123,True
119124,True
119125,True
119126,True
119127,False
119128,False
119129,True
119130,True
119131,False
119132,False
119133,False
119134,False
119135,False
119136,True
119137,False
119138,False
119139,False
119140,True
119141,False
119142,True
119143,True
119144,False
119145,False
119146,False
119147,True
119148,False
119149,True
119150,False
119151,True
119152,False
119153,True
119154,True
119155,True
119156,False
119157,True
119158,False
119159,True
119160,False
119161,False
119162,True
119163,False
119164,True
119165,False
119166,False
119167,False
119168,True
119169,False
119170,False
119171,False
119172,False
119173,False
119174,False
119175,True
119176,False
119177,False
119178,True
119179,False
119180,False
119181,False
119182,False
119183,False
119184,False
119185,False
119186,True
119187,True
119188,True
119189,True
119190,True
119191,True
119192,True
119193,True
119194,True
119195,False
119196,True
119197,False
119198,True
119199,False
119200,False
119201,False
119202,False
119203,True
119204,True
119205,False
119206,False
119207,True
119208,True
119209,True
119210,False
119211,False
119212,True
119213,False
119214,False
119215,False
119216,True
119217,False
119218,True
119219,False
119220,False
119221,True
119222,False
119223,False
119224,False
119225,False
119226,False
119227,True
119228,False
119229,False
119230,True
119231,True
119232,False
119233,False
119234,False
119235,False
119236,True
119237,True
119238,True
119239,True
119240,False
119241,False
119242,False
119243,False
119244,False
119245,False
119246,False
119247,False
119248,False
119249,False
119250,False
119251,False
119252,False
119253,True
119254,False
119255,True
119256,False
119257,False
119258,True
119259,True
119260,False
119261,False
119262,True
119263,False
119264,False
119265,False
119266,False
119267,False
119268,False
119269,False
119270,False
119271,False
119272,True
119273,False
119274,False
119275,False
119276,False
119277,True
119278,False
119279,False
119280,False
119281,True
119282,True
119283,False
119284,False
119285,True
119286,False
119287,False
119288,True
119289,False
119290,True
119291,True
119292,False
119293,False
119294,False
119295,False
119296,False
119297,False
119298,True
119299,True
119300,False
119301,False
119302,False
119303,True
119304,False
119305,True
119306,False
119307,False
119308,True
119309,True
119310,True
119311,False
119312,False
119313,False
119314,False
119315,True
119316,True
119317,False
119318,True
119319,False
119320,False
119321,True
119322,True
119323,False
119324,False
119325,False
119326,False
119327,False
119328,True
119329,True
119330,False
119331,False
119332,False
119333,False
119334,False
119335,False
119336,True
119337,False
119338,False
119339,False
119340,False
119341,False
119342,False
119343,True
119344,True
119345,True
119346,True
119347,False
119348,False
119349,False
119350,False
119351,True
119352,False
119353,False
119354,True
119355,True
119356,False
119357,True
119358,True
119359,False
119360,False
119361,False
119362,False
119363,False
119364,False
119365,False
119366,False
119367,False
119368,False
119369,True
119370,False
119371,False
119372,False
119373,False
119374,False
119375,True
119376,False
119377,True
119378,True
119379,True
119380,True
119381,False
119382,False
119383,True
119384,False
119385,True
119386,True
119387,False
119388,False
119389,False
119390,False
119391,True
119392,False
119393,False
119394,True
119395,True
119396,False
119397,True
119398,False
119399,False
119400,False
119401,False
119402,False
119403,True
119404,False
119405,True
119406,True
119407,True
119408,False
119409,False
119410,False
119411,False
119412,False
119413,True
119414,False
119415,False
119416,True
119417,True
119418,True
119419,False
119420,False
119421,False
119422,True
119423,False
119424,True
119425,True
119426,True
119427,False
119428,False
119429,True
119430,False
119431,True
119432,True
119433,False
119434,False
119435,False
119436,True
119437,False
119438,True
119439,False
119440,False
119441,True
119442,True
119443,True
119444,False
119445,False
119446,True
119447,False
119448,True
119449,False
119450,False
119451,False
119452,False
119453,False
119454,False
119455,False
119456,False
119457,False
119458,True
119459,False
119460,False
119461,True
119462,False
119463,False
119464,False
119465,True
119466,False
119467,True
119468,True
119469,False
119470,False
119471,True
119472,False
119473,True
119474,True
119475,False
119476,True
119477,False
119478,False
119479,False
119480,False
119481,False
119482,False
119483,True
119484,True
119485,False
119486,True
119487,False
119488,False
119489,True
119490,True
119491,False
119492,False
119493,False
119494,False
119495,False
119496,False
119497,False
119498,False
119499,False
119500,False
119501,False
119502,True
119503,False
119504,False
119505,False
119506,False
119507,False
119508,False
119509,False
119510,False
119511,True
119512,False
119513,False
119514,False
119515,True
119516,True
119517,False
119518,False
119519,False
119520,False
119521,False
119522,False
119523,False
119524,False
119525,True
119526,True
119527,False
119528,False
119529,True
119530,False
119531,True
119532,False
119533,False
119534,False
119535,True
119536,False
119537,False
119538,False
119539,False
119540,False
119541,False
119542,False
119543,True
119544,False
119545,False
119546,True
119547,True
119548,False
119549,False
119550,False
119551,False
119552,False
119553,False
119554,False
119555,True
119556,False
119557,False
119558,True
119559,False
119560,True
119561,False
119562,True
119563,False
119564,False
119565,True
119566,False
119567,True
119568,False
119569,True
119570,True
119571,True
119572,False
119573,True
119574,True
119575,True
119576,False
119577,False
119578,False
119579,False
119580,False
119581,False
119582,False
119583,True
119584,False
119585,True
119586,False
119587,True
119588,True
119589,False
119590,True
119591,True
119592,False
119593,False
119594,True
119595,False
119596,True
119597,False
119598,False
119599,False
119600,True
119601,True
119602,False
119603,True
119604,True
119605,False
119606,False
119607,False
119608,False
119609,False
119610,True
119611,False
119612,True
119613,False
119614,False
119615,True
119616,True
119617,False
119618,False
119619,False
119620,False
119621,False
119622,False
119623,False
119624,True
119625,True
119626,True
119627,False
119628,False
119629,True
119630,False
119631,True
119632,False
119633,False
119634,False
119635,True
119636,False
119637,False
119638,True
119639,False
119640,False
119641,False
119642,True
119643,False
119644,True
119645,False
119646,True
119647,False
119648,False
119649,True
119650,False
119651,True
119652,False
119653,True
119654,False
119655,False
119656,False
119657,False
119658,False
119659,True
119660,False
119661,False
119662,False
119663,True
119664,False
119665,False
119666,False
119667,False
119668,False
119669,False
119670,True
119671,False
119672,False
119673,False
119674,False
119675,False
119676,True
119677,False
119678,False
119679,False
119680,True
119681,False
119682,True
119683,False
119684,True
119685,True
119686,False
119687,False
119688,True
119689,False
119690,True
119691,False
119692,True
119693,True
119694,True
119695,True
119696,True
119697,False
119698,True
119699,True
119700,False
119701,False
119702,True
119703,False
119704,False
119705,False
119706,False
119707,False
119708,False
119709,True
119710,False
119711,False
119712,False
119713,False
119714,True
119715,True
119716,True
119717,False
119718,True
119719,False
119720,False
119721,False
119722,False
119723,False
119724,False
119725,True
119726,True
119727,True
119728,False
119729,False
119730,False
119731,False
119732,False
119733,True
119734,True
119735,True
119736,False
119737,True
119738,True
119739,True
119740,False
119741,True
119742,False
119743,False
119744,False
119745,False
119746,False
119747,True
119748,True
119749,True
119750,False
119751,False
119752,False
119753,False
119754,False
119755,False
119756,True
119757,True
119758,True
119759,False
119760,True
119761,False
119762,True
119763,True
119764,True
119765,False
119766,False
119767,False
119768,False
119769,False
119770,False
119771,False
119772,False
119773,False
119774,False
119775,False
119776,False
119777,True
119778,True
119779,False
119780,False
119781,True
119782,True
119783,False
119784,False
119785,False
119786,False
119787,False
119788,False
119789,False
119790,False
119791,False
119792,False
119793,False
119794,True
119795,False
119796,True
119797,False
119798,False
119799,False
119800,False
119801,False
119802,False
119803,False
119804,False
119805,False
119806,True
119807,False
119808,True
119809,True
119810,False
119811,False
119812,False
119813,True
119814,False
119815,True
119816,True
119817,False
119818,False
119819,False
119820,False
119821,True
119822,False
119823,False
119824,False
119825,False
119826,False
119827,True
119828,True
119829,False
119830,False
119831,False
119832,True
119833,True
119834,False
119835,False
119836,True
119837,False
119838,False
119839,True
119840,True
119841,False
119842,False
119843,True
119844,True
119845,False
119846,True
119847,False
119848,True
119849,False
119850,False
119851,False
119852,True
119853,False
119854,True
119855,True
119856,False
119857,True
119858,False
119859,True
119860,False
119861,False
119862,False
119863,False
119864,True
119865,False
119866,True
119867,True
119868,True
119869,False
119870,False
119871,True
119872,True
119873,False
119874,False
119875,True
119876,False
119877,False
119878,False
119879,True
119880,False
119881,False
119882,True
119883,False
119884,False
119885,True
119886,False
119887,True
119888,False
119889,False
119890,False
119891,True
119892,False
119893,False
119894,True
119895,False
119896,True
119897,False
119898,False
119899,True
119900,True
119901,True
119902,False
119903,True
119904,False
119905,True
119906,False
119907,False
119908,False
119909,False
119910,False
119911,False
119912,False
119913,True
119914,False
119915,False
119916,False
119917,False
119918,False
119919,False
119920,True
119921,False
119922,True
119923,False
119924,False
119925,False
119926,False
119927,True
119928,False
119929,False
119930,False
119931,False
119932,True
119933,False
119934,False
119935,True
119936,False
119937,False
119938,False
119939,True
119940,False
119941,False
119942,False
119943,False
119944,True
119945,True
119946,False
119947,False
119948,False
119949,True
119950,False
119951,False
119952,False
119953,False
119954,False
119955,False
119956,False
119957,False
119958,False
119959,False
119960,True
119961,False
119962,False
119963,True
119964,True
119965,False
119966,False
119967,False
119968,True
119969,False
119970,False
119971,False
119972,True
119973,False
119974,False
119975,False
119976,False
119977,False
119978,False
119979,False
119980,False
119981,False
119982,False
119983,True
119984,True
119985,False
119986,True
119987,False
119988,False
119989,False
119990,False
119991,True
119992,True
119993,False
119994,True
119995,False
119996,True
119997,True
119998,False
119999,True
120000,False
120001,False
120002,True
120003,False
120004,False
120005,True
120006,False
120007,False
120008,True
120009,True
120010,True
120011,False
120012,True
120013,False
120014,False
120015,True
120016,False
120017,True
120018,True
120019,False
120020,False
120021,True
120022,True
120023,False
120024,False
120025,False
120026,False
120027,False
120028,False
120029,True
120030,False
120031,False
120032,True
120033,True
120034,True
120035,True
120036,False
120037,True
120038,True
120039,False
120040,True
120041,False
120042,True
120043,True
120044,False
120045,False
120046,False
120047,True
120048,True
120049,False
120050,False
120051,False
120052,True
120053,False
120054,False
120055,False
120056,False
120057,False
120058,False
120059,True
120060,False
120061,True
120062,False
120063,False
120064,True
120065,False
120066,True
120067,False
120068,True
120069,False
120070,False
120071,False
120072,False
120073,True
120074,True
120075,True
120076,False
120077,False
120078,False
120079,False
120080,False
120081,False
120082,True
120083,False
120084,False
120085,False
120086,True
120087,True
120088,False
120089,False
120090,False
120091,True
120092,True
120093,False
120094,False
120095,True
120096,False
120097,True
120098,False
120099,False
120100,False
120101,False
120102,False
120103,False
120104,True
120105,False
120106,False
120107,False
120108,True
120109,True
120110,True
120111,True
120112,False
120113,False
120114,True
120115,False
120116,False
120117,False
120118,False
120119,False
120120,True
120121,False
120122,True
120123,False
120124,False
120125,False
120126,True
120127,False
120128,True
120129,False
120130,False
120131,False
120132,True
120133,True
120134,False
120135,True
120136,False
120137,True
120138,True
120139,False
120140,False
120141,False
120142,True
120143,False
120144,False
120145,False
120146,True
120147,True
120148,False
120149,False
120150,False
120151,False
120152,False
120153,True
120154,False
120155,False
120156,True
120157,False
120158,False
120159,False
120160,False
120161,False
120162,True
120163,True
120164,False
120165,False
120166,False
120167,False
120168,False
120169,True
120170,True
120171,False
120172,True
120173,False
120174,False
120175,False
120176,True
120177,False
120178,False
120179,False
120180,True
120181,False
120182,True
120183,False
120184,False
120185,True
120186,False
120187,True
120188,True
120189,False
120190,False
120191,False
120192,False
120193,False
120194,False
120195,False
120196,True
120197,True
120198,True
120199,True
120200,False
120201,True
120202,False
120203,True
120204,True
120205,False
120206,False
120207,False
120208,True
120209,False
120210,True
120211,True
120212,False
120213,False
120214,False
120215,False
120216,False
120217,False
120218,False
120219,False
120220,False
120221,False
120222,True
120223,False
120224,False
120225,True
120226,False
120227,False
120228,True
120229,False
120230,True
120231,True
120232,False
120233,True
120234,False
120235,False
120236,True
120237,True
120238,True
120239,True
120240,False
120241,True
120242,True
120243,False
120244,False
120245,True
120246,True
120247,False
120248,True
120249,True
120250,True
120251,False
120252,False
120253,False
120254,False
120255,True
120256,True
120257,True
120258,False
120259,False
120260,False
120261,False
120262,False
120263,True
120264,True
120265,False
120266,False
120267,False
120268,False
120269,False
120270,False
120271,True
120272,True
120273,False
120274,True
120275,False
120276,False
120277,True
120278,False
120279,False
120280,True
120281,False
120282,False
120283,False
120284,False
120285,True
120286,False
120287,True
120288,False
120289,True
120290,False
120291,False
120292,False
120293,True
120294,False
120295,False
120296,True
120297,False
120298,False
120299,True
120300,False
120301,True
120302,False
120303,True
120304,False
120305,False
120306,False
120307,False
120308,False
120309,True
120310,False
120311,True
120312,False
120313,False
120314,False
120315,False
120316,False
120317,True
120318,False
120319,True
120320,True
120321,False
120322,False
120323,False
120324,False
120325,False
120326,False
120327,False
120328,True
120329,True
120330,False
120331,False
120332,True
120333,False
120334,False
120335,True
120336,False
120337,False
120338,True
120339,False
120340,True
120341,False
120342,True
120343,False
120344,False
120345,False
120346,False
120347,False
120348,False
120349,False
120350,True
120351,False
120352,False
120353,False
120354,True
120355,False
120356,True
120357,False
120358,False
120359,False
120360,False
120361,False
120362,False
120363,False
120364,False
120365,False
120366,False
120367,False
120368,True
120369,True
120370,True
120371,False
120372,False
120373,False
120374,False
120375,False
120376,True
120377,False
120378,True
120379,True
120380,False
120381,False
120382,False
120383,True
120384,False
120385,False
120386,False
120387,True
120388,True
120389,False
120390,False
120391,False
120392,False
120393,False
120394,False
120395,True
120396,False
120397,False
120398,True
120399,True
120400,False
120401,False
120402,True
120403,True
120404,True
120405,True
120406,False
120407,False
120408,False
120409,False
120410,False
120411,False
120412,True
120413,True
120414,False
120415,False
120416,False
120417,False
120418,True
120419,False
120420,False
120421,True
120422,True
120423,False
120424,False
120425,True
120426,False
120427,True
120428,True
120429,True
120430,True
120431,False
120432,True
120433,False
120434,False
120435,True
120436,True
120437,False
120438,False
120439,False
120440,True
120441,True
120442,True
120443,False
120444,True
120445,False
120446,False
120447,True
120448,False
120449,False
120450,True
120451,False
120452,False
120453,False
120454,False
120455,False
120456,True
120457,False
120458,True
120459,False
120460,False
120461,False
120462,False
120463,False
120464,True
120465,True
120466,True
120467,False
120468,False
120469,False
120470,True
120471,False
120472,False
120473,False
120474,False
120475,False
120476,False
120477,True
120478,True
120479,False
120480,False
120481,False
120482,True
120483,False
120484,False
120485,True
120486,False
120487,False
120488,False
120489,False
120490,True
120491,False
120492,False
120493,False
120494,True
120495,False
120496,False
120497,True
120498,False
120499,False
120500,True
120501,True
120502,False
120503,False
120504,False
120505,True
120506,True
120507,False
120508,False
120509,False
120510,True
120511,True
120512,False
120513,False
120514,False
120515,True
120516,True
120517,True
120518,True
120519,False
120520,False
120521,True
120522,True
120523,False
120524,True
120525,False
120526,False
120527,False
120528,False
120529,False
120530,False
120531,False
120532,True
120533,False
120534,False
120535,False
120536,True
120537,False
120538,False
120539,False
120540,True
120541,False
120542,False
120543,True
120544,False
120545,False
120546,True
120547,False
120548,False
120549,False
120550,True
120551,False
120552,False
120553,False
120554,True
120555,False
120556,False
120557,False
120558,False
120559,False
120560,False
120561,False
120562,False
120563,False
120564,True
120565,True
120566,True
120567,True
120568,False
120569,False
120570,True
120571,False
120572,False
120573,False
120574,False
120575,False
120576,True
120577,True
120578,True
120579,False
120580,False
120581,False
120582,False
120583,False
120584,True
120585,False
120586,False
120587,False
120588,False
120589,True
120590,True
120591,True
120592,False
120593,False
120594,True
120595,True
120596,False
120597,True
120598,False
120599,True
120600,False
120601,False
120602,True
120603,True
120604,False
120605,False
120606,False
120607,False
120608,True
120609,False
120610,True
120611,False
120612,False
120613,False
120614,True
120615,False
120616,False
120617,False
120618,True
120619,False
120620,False
120621,False
120622,True
120623,False
120624,False
120625,True
120626,False
120627,True
120628,False
120629,False
120630,False
120631,False
120632,False
120633,False
120634,True
120635,False
120636,False
120637,True
120638,False
120639,False
120640,False
120641,True
120642,True
120643,False
120644,False
120645,False
120646,True
120647,False
120648,False
120649,True
120650,False
120651,True
120652,True
120653,True
120654,False
120655,False
120656,False
120657,False
120658,True
120659,False
120660,True
120661,False
120662,False
120663,True
120664,True
120665,True
120666,False
120667,False
120668,False
120669,True
120670,False
120671,True
120672,True
120673,False
120674,False
120675,False
120676,False
120677,True
120678,True
120679,False
120680,True
120681,True
120682,False
120683,False
120684,True
120685,False
120686,False
120687,False
120688,False
120689,False
120690,False
120691,False
120692,True
120693,False
120694,False
120695,False
120696,False
120697,True
120698,False
120699,True
120700,False
120701,False
120702,False
120703,False
120704,True
120705,True
120706,False
120707,False
120708,False
120709,False
120710,True
120711,True
120712,False
120713,False
120714,False
120715,True
120716,False
120717,False
120718,False
120719,True
120720,True
120721,True
120722,False
120723,False
120724,False
120725,False
120726,False
120727,True
120728,True
120729,False
120730,False
120731,True
120732,True
120733,False
120734,False
120735,False
120736,True
120737,False
120738,True
120739,False
120740,True
120741,False
120742,False
120743,False
120744,False
120745,True
120746,False
120747,False
120748,True
120749,False
120750,False
120751,False
120752,True
120753,False
120754,False
120755,False
120756,False
120757,False
120758,False
120759,False
120760,False
120761,False
120762,True
120763,False
120764,True
120765,True
120766,False
120767,False
120768,False
120769,False
120770,True
120771,False
120772,True
120773,False
120774,True
120775,False
120776,True
120777,False
120778,False
120779,True
120780,True
120781,False
120782,True
120783,True
120784,True
120785,False
120786,False
120787,True
120788,True
120789,False
120790,True
120791,False
120792,False
120793,False
120794,True
120795,True
120796,False
120797,False
120798,False
120799,False
120800,False
120801,False
120802,False
120803,True
120804,False
120805,True
120806,True
120807,False
120808,False
120809,True
120810,False
120811,False
120812,False
120813,False
120814,False
120815,False
120816,False
120817,True
120818,False
120819,False
120820,False
120821,True
120822,True
120823,False
120824,True
120825,True
120826,False
120827,False
120828,False
120829,False
120830,True
120831,True
120832,False
120833,False
120834,False
120835,True
120836,False
120837,True
120838,True
120839,True
120840,False
120841,True
120842,True
120843,False
120844,False
120845,True
120846,False
120847,True
120848,False
120849,False
120850,True
120851,False
120852,False
120853,False
120854,False
120855,False
120856,False
120857,False
120858,False
120859,False
120860,False
120861,False
120862,False
120863,False
120864,False
120865,True
120866,False
120867,True
120868,False
120869,False
120870,True
120871,True
120872,False
120873,False
120874,False
120875,False
120876,True
120877,True
120878,False
120879,True
120880,False
120881,True
120882,True
120883,True
120884,False
120885,False
120886,True
120887,False
120888,True
120889,False
120890,False
120891,True
120892,False
120893,True
120894,True
120895,False
120896,True
120897,False
120898,True
120899,False
120900,False
120901,True
120902,False
120903,False
120904,False
120905,True
120906,False
120907,False
120908,False
120909,True
120910,False
120911,False
120912,False
120913,False
120914,True
120915,True
120916,False
120917,True
120918,True
120919,False
120920,True
120921,True
120922,False
120923,True
120924,False
120925,False
120926,False
120927,True
120928,False
120929,False
120930,True
120931,False
120932,False
120933,False
120934,True
120935,False
120936,False
120937,True
120938,True
120939,False
120940,True
120941,True
120942,False
120943,False
120944,False
120945,False
120946,True
120947,False
120948,False
120949,False
120950,False
120951,True
120952,False
120953,False
120954,True
120955,True
120956,True
120957,False
120958,False
120959,True
120960,True
120961,True
120962,False
120963,False
120964,True
120965,False
120966,True
120967,False
120968,False
120969,False
120970,False
120971,True
120972,True
120973,False
120974,False
120975,True
120976,False
120977,True
120978,False
120979,False
120980,True
120981,True
120982,True
120983,False
120984,True
120985,False
120986,False
120987,False
120988,True
120989,False
120990,True
120991,False
120992,True
120993,True
120994,False
120995,False
120996,False
120997,False
120998,False
120999,False
121000,False
121001,False
121002,False
121003,False
121004,True
121005,False
121006,False
121007,False
121008,False
121009,True
121010,True
121011,True
121012,False
121013,False
121014,True
121015,True
121016,False
121017,False
121018,True
121019,False
121020,False
121021,False
121022,True
121023,True
121024,True
121025,True
121026,False
121027,False
121028,False
121029,False
121030,False
121031,True
121032,False
121033,False
121034,False
121035,False
121036,True
121037,True
121038,True
121039,False
121040,False
121041,True
121042,True
121043,False
121044,True
121045,True
121046,False
121047,True
121048,False
121049,True
121050,False
121051,False
121052,False
121053,True
121054,False
121055,True
121056,True
121057,False
121058,False
121059,False
121060,True
121061,False
121062,False
121063,False
121064,False
121065,False
121066,False
121067,False
121068,True
121069,False
121070,False
121071,False
121072,False
121073,False
121074,False
121075,True
121076,True
121077,True
121078,True
121079,True
121080,True
121081,True
121082,False
121083,False
121084,True
121085,False
121086,False
121087,True
121088,True
121089,False
121090,False
121091,True
121092,False
121093,True
121094,False
121095,False
121096,False
121097,False
121098,True
121099,False
121100,True
121101,False
121102,True
121103,False
121104,False
121105,False
121106,False
121107,False
121108,False
121109,True
121110,False
121111,False
121112,False
121113,False
121114,False
121115,False
121116,True
121117,False
121118,True
121119,False
121120,False
121121,False
121122,False
121123,True
121124,False
121125,False
121126,False
121127,False
121128,False
121129,True
121130,False
121131,False
121132,True
121133,False
121134,False
121135,True
121136,True
121137,False
121138,False
121139,False
121140,False
121141,False
121142,False
121143,True
121144,False
121145,False
121146,False
121147,False
121148,True
121149,False
121150,False
121151,True
121152,False
121153,False
121154,False
121155,True
121156,True
121157,False
121158,False
121159,False
121160,False
121161,False
121162,False
121163,False
121164,False
121165,False
121166,False
121167,False
121168,False
121169,True
121170,False
121171,True
121172,False
121173,False
121174,False
121175,True
121176,False
121177,True
121178,True
121179,True
121180,False
121181,False
121182,True
121183,False
121184,False
121185,False
121186,False
121187,False
121188,False
121189,True
121190,False
121191,True
121192,False
121193,True
121194,True
121195,False
121196,True
121197,False
121198,False
121199,False
121200,True
121201,False
121202,False
121203,True
121204,True
121205,False
121206,False
121207,False
121208,False
121209,False
121210,False
121211,True
121212,False
121213,False
121214,False
121215,False
121216,False
121217,False
121218,False
121219,True
121220,True
121221,False
121222,True
121223,False
121224,False
121225,True
121226,False
121227,False
121228,True
121229,False
121230,False
121231,True
121232,False
121233,False
121234,False
121235,True
121236,False
121237,False
121238,False
121239,False
121240,True
121241,False
121242,False
121243,True
121244,True
121245,True
121246,False
121247,False
121248,False
121249,False
121250,False
121251,False
121252,False
121253,False
121254,True
121255,False
121256,False
121257,False
121258,False
121259,False
121260,False
121261,False
121262,False
121263,False
121264,False
121265,False
121266,True
121267,False
121268,True
121269,False
121270,False
121271,True
121272,True
121273,False
121274,False
121275,True
121276,False
121277,False
121278,False
121279,True
121280,False
121281,True
121282,False
121283,True
121284,True
121285,False
121286,True
121287,False
121288,False
121289,True
121290,False
121291,False
121292,False
121293,False
121294,True
121295,True
121296,False
121297,True
121298,True
121299,False
121300,False
121301,False
121302,False
121303,False
121304,False
121305,False
121306,False
121307,False
121308,False
121309,False
121310,False
121311,True
121312,False
121313,False
121314,True
121315,False
121316,True
121317,False
121318,True
121319,False
121320,False
121321,False
121322,False
121323,False
121324,False
121325,False
121326,True
121327,True
121328,True
121329,False
121330,False
121331,True
121332,True
121333,True
121334,False
121335,False
121336,False
121337,False
121338,False
121339,False
121340,True
121341,False
121342,True
121343,False
121344,False
121345,False
121346,False
121347,True
121348,False
121349,True
121350,True
121351,True
121352,False
121353,False
121354,False
121355,True
121356,True
121357,True
121358,True
121359,False
121360,False
121361,False
121362,False
121363,False
121364,False
121365,True
121366,False
121367,False
121368,False
121369,True
121370,False
121371,True
121372,False
121373,False
121374,False
121375,False
121376,False
121377,False
121378,False
121379,False
121380,False
121381,False
121382,True
121383,False
121384,False
121385,False
121386,False
121387,False
121388,False
121389,False
121390,False
121391,False
121392,False
121393,False
121394,False
121395,False
121396,False
121397,False
121398,False
121399,False
121400,True
121401,False
121402,True
121403,False
121404,True
121405,False
121406,True
121407,False
121408,False
121409,True
121410,False
121411,False
121412,False
121413,False
121414,True
121415,False
121416,True
121417,False
121418,False
121419,False
121420,False
121421,False
121422,True
121423,False
121424,False
121425,False
121426,False
121427,True
121428,False
121429,False
121430,True
121431,True
121432,False
121433,False
121434,True
121435,False
121436,False
121437,False
121438,False
121439,True
121440,False
121441,False
121442,False
121443,False
121444,True
121445,False
121446,False
121447,False
121448,True
121449,False
121450,False
121451,False
121452,False
121453,False
121454,True
121455,False
121456,False
121457,True
121458,True
121459,False
121460,False
121461,False
121462,False
121463,False
121464,False
121465,False
121466,True
121467,True
121468,False
121469,False
121470,True
121471,False
121472,False
121473,True
121474,True
121475,True
121476,False
121477,False
121478,False
121479,True
121480,True
121481,False
121482,True
121483,True
121484,False
121485,True
121486,True
121487,False
121488,False
121489,False
121490,True
121491,True
121492,False
121493,False
121494,False
121495,True
121496,True
121497,True
121498,False
121499,True
121500,True
121501,True
121502,False
121503,True
121504,False
121505,False
121506,True
121507,True
121508,True
121509,True
121510,False
121511,False
121512,False
121513,False
121514,False
121515,True
121516,False
121517,True
121518,False
121519,False
121520,True
121521,False
121522,False
121523,False
121524,True
121525,False
121526,False
121527,True
121528,False
121529,False
121530,True
121531,False
121532,False
121533,True
121534,False
121535,False
121536,False
121537,False
121538,False
121539,True
121540,True
121541,False
121542,False
121543,False
121544,True
121545,False
121546,False
121547,False
121548,True
121549,False
121550,False
121551,True
121552,False
121553,False
121554,False
121555,False
121556,False
121557,False
121558,True
121559,False
121560,True
121561,False
121562,False
121563,False
121564,False
121565,False
121566,False
121567,False
121568,False
121569,True
121570,False
121571,False
121572,False
121573,True
121574,False
121575,False
121576,False
121577,True
121578,False
121579,True
121580,False
121581,True
121582,False
121583,False
121584,True
121585,False
121586,False
121587,True
121588,False
121589,False
121590,False
121591,True
121592,False
121593,False
121594,False
121595,False
121596,False
121597,True
121598,True
121599,True
121600,True
121601,False
121602,False
121603,False
121604,False
121605,False
121606,False
121607,True
121608,True
121609,False
121610,True
121611,True
121612,True
121613,False
121614,False
121615,False
121616,True
121617,False
121618,False
121619,True
121620,False
121621,False
121622,True
121623,False
121624,True
121625,False
121626,False
121627,False
121628,True
121629,False
121630,False
121631,True
121632,False
121633,False
121634,False
121635,False
121636,False
121637,False
121638,True
121639,True
121640,False
121641,False
121642,True
121643,True
121644,True
121645,True
121646,True
121647,False
121648,True
121649,True
121650,True
121651,False
121652,False
121653,True
121654,False
121655,True
121656,False
121657,False
121658,False
121659,False
121660,True
121661,True
121662,True
121663,False
121664,False
121665,True
121666,False
121667,True
121668,False
121669,False
121670,False
121671,True
121672,False
121673,False
121674,True
121675,True
121676,False
121677,False
121678,False
121679,False
121680,False
121681,True
121682,False
121683,False
121684,True
121685,False
121686,False
121687,True
121688,False
121689,False
121690,False
121691,True
121692,True
121693,False
121694,True
121695,True
121696,True
121697,False
121698,True
121699,False
121700,True
121701,True
121702,False
121703,False
121704,True
121705,False
121706,True
121707,False
121708,False
121709,True
121710,False
121711,True
121712,True
121713,False
121714,False
121715,True
121716,False
121717,True
121718,True
121719,True
121720,False
121721,True
121722,False
121723,False
121724,True
121725,True
121726,False
121727,False
121728,False
121729,False
121730,True
121731,False
121732,False
121733,False
121734,False
121735,True
121736,True
121737,True
121738,True
121739,False
121740,False
121741,False
121742,False
121743,False
121744,False
121745,True
121746,True
121747,False
121748,False
121749,True
121750,False
121751,True
121752,True
121753,True
121754,True
121755,True
121756,True
121757,False
121758,False
121759,False
121760,False
121761,True
121762,False
121763,False
121764,True
121765,True
121766,True
121767,True
121768,False
121769,True
121770,False
121771,True
121772,False
121773,True
121774,False
121775,False
121776,False
121777,False
121778,False
121779,True
121780,True
121781,False
121782,False
121783,True
121784,False
121785,False
121786,False
121787,False
121788,True
121789,False
121790,True
121791,True
121792,False
121793,False
121794,True
121795,False
121796,False
121797,False
121798,True
121799,False
121800,False
121801,False
121802,False
121803,False
121804,False
121805,False
121806,False
121807,False
121808,False
121809,False
121810,False
121811,False
121812,True
121813,False
121814,False
121815,False
121816,True
121817,False
121818,False
121819,False
121820,False
121821,False
121822,True
121823,True
121824,True
121825,False
121826,False
121827,False
121828,True
121829,True
121830,False
121831,True
121832,False
121833,False
121834,False
121835,False
121836,True
121837,True
121838,False
121839,False
121840,False
121841,False
121842,True
121843,True
121844,False
121845,True
121846,False
121847,False
121848,True
121849,True
121850,False
121851,False
121852,False
121853,False
121854,False
121855,False
121856,False
121857,False
121858,True
121859,False
121860,True
121861,True
121862,True
121863,True
121864,False
121865,True
121866,False
121867,True
121868,False
121869,False
121870,False
121871,False
121872,True
121873,True
121874,False
121875,True
121876,False
121877,True
121878,False
121879,False
121880,False
121881,False
121882,False
121883,False
121884,True
121885,True
121886,True
121887,False
121888,False
121889,False
121890,True
121891,True
121892,False
121893,False
121894,False
121895,False
121896,False
121897,False
121898,False
121899,False
121900,False
121901,False
121902,True
121903,True
121904,False
121905,True
121906,False
121907,True
121908,True
121909,True
121910,False
121911,True
121912,False
121913,True
121914,True
121915,True
121916,False
121917,False
121918,False
121919,False
121920,False
121921,True
121922,True
121923,True
121924,True
121925,False
121926,True
121927,False
121928,False
121929,False
121930,False
121931,False
121932,False
121933,False
121934,False
121935,False
121936,True
121937,False
121938,False
121939,True
121940,False
121941,True
121942,False
121943,False
121944,True
121945,True
121946,False
121947,False
121948,False
121949,False
121950,False
121951,False
121952,False
121953,True
121954,False
121955,True
121956,False
121957,False
121958,False
121959,False
121960,False
121961,True
121962,False
121963,True
121964,False
121965,False
121966,True
121967,True
121968,False
121969,False
121970,False
121971,False
121972,False
121973,False
121974,False
121975,False
121976,False
121977,False
121978,True
121979,True
121980,True
121981,False
121982,True
121983,True
121984,False
121985,False
121986,False
121987,True
121988,False
121989,False
121990,False
121991,False
121992,False
121993,True
121994,False
121995,True
121996,False
121997,False
121998,False
121999,False
122000,True
122001,False
122002,False
122003,False
122004,True
122005,False
122006,False
122007,True
122008,True
122009,False
122010,True
122011,False
122012,True
122013,False
122014,True
122015,True
122016,False
122017,False
122018,True
122019,True
122020,False
122021,False
122022,False
122023,False
122024,False
122025,False
122026,False
122027,True
122028,False
122029,True
122030,False
122031,True
122032,False
122033,False
122034,False
122035,True
122036,False
122037,False
122038,False
122039,False
122040,True
122041,False
122042,False
122043,True
122044,True
122045,False
122046,False
122047,False
122048,False
122049,False
122050,True
122051,False
122052,True
122053,False
122054,False
122055,True
122056,False
122057,False
122058,False
122059,True
122060,True
122061,False
122062,False
122063,True
122064,False
122065,True
122066,True
122067,True
122068,False
122069,True
122070,False
122071,False
122072,True
122073,False
122074,False
122075,False
122076,True
122077,False
122078,False
122079,False
122080,False
122081,True
122082,True
122083,True
122084,False
122085,True
122086,True
122087,True
122088,False
122089,True
122090,True
122091,False
122092,False
122093,False
122094,False
122095,False
122096,False
122097,False
122098,False
122099,True
122100,False
122101,False
122102,False
122103,False
122104,False
122105,False
122106,False
122107,False
122108,True
122109,True
122110,False
122111,True
122112,True
122113,False
122114,True
122115,False
122116,False
122117,False
122118,False
122119,False
122120,False
122121,False
122122,True
122123,False
122124,True
122125,False
122126,True
122127,False
122128,True
122129,False
122130,False
122131,False
122132,False
122133,False
122134,False
122135,False
122136,False
122137,False
122138,False
122139,True
122140,True
122141,False
122142,False
122143,False
122144,False
122145,True
122146,True
122147,False
122148,False
122149,False
122150,True
122151,False
122152,False
122153,True
122154,True
122155,False
122156,True
122157,True
122158,False
122159,False
122160,True
122161,False
122162,False
122163,False
122164,False
122165,False
122166,False
122167,True
122168,False
122169,False
122170,True
122171,False
122172,False
122173,False
122174,False
122175,True
122176,True
122177,False
122178,False
122179,True
122180,False
122181,True
122182,True
122183,False
122184,True
122185,False
122186,False
122187,False
122188,False
122189,False
122190,False
122191,True
122192,False
122193,False
122194,True
122195,False
122196,True
122197,False
122198,False
122199,True
122200,False
122201,True
122202,False
122203,True
122204,True
122205,False
122206,False
122207,False
122208,True
122209,False
122210,False
122211,False
122212,False
122213,False
122214,True
122215,False
122216,False
122217,False
122218,False
122219,False
122220,False
122221,True
122222,False
122223,False
122224,False
122225,True
122226,False
122227,True
122228,True
122229,True
122230,False
122231,False
122232,True
122233,False
122234,False
122235,True
122236,False
122237,True
122238,True
122239,False
122240,False
122241,True
122242,False
122243,True
122244,False
122245,True
122246,False
122247,True
122248,False
122249,True
122250,False
122251,True
122252,True
122253,True
122254,False
122255,True
122256,True
122257,True
122258,False
122259,True
122260,False
122261,False
122262,False
122263,True
122264,True
122265,False
122266,False
122267,False
122268,True
122269,False
122270,False
122271,True
122272,True
122273,False
122274,False
122275,True
122276,True
122277,False
122278,False
122279,True
122280,True
122281,False
122282,False
122283,False
122284,False
122285,False
122286,False
122287,False
122288,False
122289,False
122290,True
122291,False
122292,False
122293,True
122294,False
122295,False
122296,False
122297,False
122298,True
122299,False
122300,False
122301,False
122302,False
122303,False
122304,False
122305,True
122306,False
122307,True
122308,False
122309,False
122310,False
122311,True
122312,False
122313,False
122314,False
122315,False
122316,False
122317,False
122318,False
122319,False
122320,False
122321,True
122322,False
122323,False
122324,True
122325,False
122326,True
122327,True
122328,False
122329,True
122330,True
122331,True
122332,False
122333,False
122334,False
122335,False
122336,False
122337,False
122338,True
122339,False
122340,False
122341,True
122342,False
122343,False
122344,False
122345,True
122346,False
122347,True
122348,False
122349,False
122350,True
122351,False
122352,False
122353,False
122354,False
122355,True
122356,False
122357,False
122358,True
122359,False
122360,False
122361,False
122362,False
122363,False
122364,False
122365,False
122366,False
122367,False
122368,True
122369,False
122370,False
122371,True
122372,False
122373,True
122374,False
122375,False
122376,False
122377,False
122378,False
122379,False
122380,True
122381,True
122382,True
122383,False
122384,False
122385,True
122386,False
122387,False
122388,False
122389,False
122390,True
122391,False
122392,False
122393,True
122394,False
122395,False
122396,False
122397,False
122398,False
122399,False
122400,False
122401,False
122402,True
122403,True
122404,False
122405,False
122406,False
122407,False
122408,False
122409,False
122410,False
122411,False
122412,True
122413,True
122414,False
122415,False
122416,True
122417,False
122418,True
122419,False
122420,True
122421,True
122422,True
122423,False
122424,False
122425,False
122426,False
122427,False
122428,True
122429,False
122430,True
122431,False
122432,False
122433,True
122434,False
122435,True
122436,False
122437,False
122438,False
122439,False
122440,False
122441,True
122442,False
122443,True
122444,False
122445,False
122446,False
122447,False
122448,True
122449,False
122450,False
122451,True
122452,False
122453,False
122454,False
122455,True
122456,False
122457,False
122458,False
122459,False
122460,True
122461,False
122462,False
122463,False
122464,False
122465,True
122466,False
122467,False
122468,False
122469,False
122470,True
122471,True
122472,False
122473,True
122474,True
122475,False
122476,False
122477,True
122478,False
122479,False
122480,True
122481,True
122482,False
122483,False
122484,True
122485,False
122486,False
122487,False
122488,False
122489,True
122490,False
122491,False
122492,False
122493,False
122494,False
122495,False
122496,False
122497,True
122498,False
122499,False
122500,True
122501,False
122502,False
122503,True
122504,True
122505,True
122506,True
122507,False
122508,True
122509,True
122510,True
122511,False
122512,False
122513,False
122514,True
122515,False
122516,False
122517,True
122518,True
122519,False
122520,False
122521,False
122522,False
122523,True
122524,False
122525,True
122526,False
122527,False
122528,False
122529,True
122530,False
122531,False
122532,True
122533,True
122534,True
122535,False
122536,False
122537,True
122538,False
122539,False
122540,True
122541,True
122542,False
122543,False
122544,True
122545,True
122546,True
122547,False
122548,False
122549,False
122550,True
122551,False
122552,False
122553,True
122554,True
122555,False
122556,False
122557,False
122558,True
122559,False
122560,False
122561,False
122562,True
122563,False
122564,False
122565,True
122566,True
122567,True
122568,False
122569,True
122570,False
122571,False
122572,False
122573,False
122574,False
122575,False
122576,False
122577,False
122578,False
122579,False
122580,False
122581,True
122582,False
122583,True
122584,True
122585,False
122586,False
122587,True
122588,False
122589,True
122590,False
122591,False
122592,False
122593,False
122594,True
122595,True
122596,True
122597,False
122598,True
122599,False
122600,True
122601,True
122602,False
122603,False
122604,False
122605,True
122606,True
122607,True
122608,True
122609,True
122610,False
122611,False
122612,False
122613,True
122614,True
122615,False
122616,True
122617,False
122618,False
122619,False
122620,False
122621,False
122622,True
122623,False
122624,True
122625,False
122626,False
122627,False
122628,False
122629,True
122630,True
122631,False
122632,True
122633,True
122634,False
122635,True
122636,False
122637,True
122638,False
122639,False
122640,False
122641,False
122642,True
122643,False
122644,False
122645,False
122646,True
122647,False
122648,False
122649,True
122650,False
122651,False
122652,False
122653,False
122654,False
122655,False
122656,True
122657,True
122658,False
122659,False
122660,False
122661,False
122662,True
122663,False
122664,False
122665,False
122666,False
122667,True
122668,False
122669,False
122670,True
122671,False
122672,False
122673,False
122674,False
122675,True
122676,True
122677,False
122678,False
122679,True
122680,False
122681,False
122682,False
122683,True
122684,True
122685,False
122686,False
122687,False
122688,True
122689,False
122690,False
122691,True
122692,False
122693,False
122694,False
122695,True
122696,True
122697,False
122698,False
122699,False
122700,False
122701,False
122702,False
122703,False
122704,False
122705,True
122706,True
122707,False
122708,False
122709,False
122710,False
122711,False
122712,True
122713,False
122714,False
122715,True
122716,False
122717,True
122718,False
122719,False
122720,False
122721,False
122722,False
122723,False
122724,False
122725,False
122726,True
122727,False
122728,False
122729,False
122730,True
122731,False
122732,False
122733,False
122734,False
122735,False
122736,False
122737,False
122738,False
122739,False
122740,False
122741,False
122742,False
122743,False
122744,True
122745,False
122746,False
122747,True
122748,False
122749,False
122750,False
122751,False
122752,True
122753,False
122754,False
122755,False
122756,True
122757,False
122758,False
122759,True
122760,True
122761,False
122762,True
122763,True
122764,False
122765,True
122766,False
122767,True
122768,False
122769,True
122770,False
122771,False
122772,False
122773,True
122774,True
122775,False
122776,False
122777,True
122778,True
122779,False
122780,False
122781,True
122782,False
122783,False
122784,False
122785,False
122786,False
122787,True
122788,True
122789,False
122790,False
122791,True
122792,False
122793,True
122794,False
122795,False
122796,False
122797,False
122798,True
122799,True
122800,True
122801,True
122802,False
122803,False
122804,False
122805,True
122806,False
122807,False
122808,False
122809,False
122810,False
122811,False
122812,True
122813,False
122814,False
122815,False
122816,True
122817,False
122818,False
122819,True
122820,False
122821,True
122822,True
122823,False
122824,True
122825,False
122826,False
122827,True
122828,True
122829,True
122830,False
122831,True
122832,True
122833,False
122834,True
122835,False
122836,False
122837,False
122838,False
122839,True
122840,True
122841,False
122842,False
122843,False
122844,False
122845,True
122846,True
122847,False
122848,False
122849,True
122850,False
122851,False
122852,False
122853,False
122854,False
122855,False
122856,True
122857,False
122858,False
122859,False
122860,False
122861,True
122862,False
122863,True
122864,True
122865,False
122866,True
122867,False
122868,False
122869,False
122870,False
122871,False
122872,False
122873,True
122874,True
122875,True
122876,True
122877,False
122878,True
122879,False
122880,True
122881,False
122882,True
122883,True
122884,False
122885,False
122886,False
122887,False
122888,False
122889,False
122890,False
122891,False
122892,False
122893,False
122894,False
122895,True
122896,True
122897,False
122898,False
122899,False
122900,True
122901,False
122902,False
122903,False
122904,True
122905,False
122906,False
122907,False
122908,False
122909,True
122910,True
122911,False
122912,True
122913,False
122914,False
122915,False
122916,True
122917,False
122918,False
122919,False
122920,False
122921,False
122922,False
122923,False
122924,False
122925,True
122926,True
122927,True
122928,True
122929,False
122930,True
122931,False
122932,False
122933,True
122934,False
122935,True
122936,False
122937,True
122938,False
122939,True
122940,True
122941,False
122942,False
122943,True
122944,False
122945,True
122946,False
122947,False
122948,False
122949,True
122950,False
122951,False
122952,True
122953,False
122954,False
122955,False
122956,True
122957,False
122958,True
122959,True
122960,True
122961,False
122962,False
122963,False
122964,False
122965,False
122966,False
122967,True
122968,False
122969,False
122970,False
122971,False
122972,False
122973,False
122974,True
122975,False
122976,True
122977,False
122978,False
122979,False
122980,False
122981,False
122982,True
122983,False
122984,False
122985,False
122986,False
122987,False
122988,False
122989,False
122990,True
122991,False
122992,False
122993,False
122994,False
122995,False
122996,False
122997,False
122998,True
122999,False
123000,False
123001,False
123002,False
123003,True
123004,True
123005,False
123006,False
123007,True
123008,False
123009,True
123010,True
123011,True
123012,False
123013,False
123014,False
123015,False
123016,False
123017,False
123018,False
123019,True
123020,False
123021,False
123022,True
123023,True
123024,False
123025,False
123026,False
123027,True
123028,False
123029,False
123030,False
123031,False
123032,False
123033,False
123034,True
123035,False
123036,False
123037,False
123038,False
123039,True
123040,False
123041,True
123042,False
123043,False
123044,True
123045,False
123046,False
123047,True
123048,False
123049,False
123050,False
123051,True
123052,False
123053,False
123054,False
123055,False
123056,False
123057,False
123058,False
123059,True
123060,False
123061,False
123062,True
123063,True
123064,True
123065,True
123066,True
123067,False
123068,False
123069,True
123070,False
123071,False
123072,True
123073,False
123074,False
123075,False
123076,True
123077,True
123078,True
123079,False
123080,False
123081,True
123082,False
123083,True
123084,False
123085,False
123086,False
123087,False
123088,False
123089,True
123090,False
123091,True
123092,False
123093,True
123094,False
123095,False
123096,False
123097,True
123098,True
123099,False
123100,True
123101,True
123102,False
123103,True
123104,False
123105,False
123106,False
123107,True
123108,False
123109,False
123110,True
123111,True
123112,False
123113,False
123114,True
123115,False
123116,False
123117,False
123118,True
123119,True
123120,False
123121,False
123122,True
123123,False
123124,False
123125,False
123126,False
123127,True
123128,False
123129,True
123130,False
123131,True
123132,False
123133,True
123134,False
123135,False
123136,False
123137,False
123138,True
123139,True
123140,False
123141,False
123142,False
123143,True
123144,False
123145,True
123146,False
123147,False
123148,False
123149,False
123150,False
123151,True
123152,False
123153,False
123154,True
123155,False
123156,False
123157,True
123158,True
123159,False
123160,False
123161,False
123162,False
123163,False
123164,False
123165,False
123166,True
123167,False
123168,True
123169,True
123170,False
123171,False
123172,True
123173,False
123174,False
123175,True
123176,False
123177,False
123178,False
123179,False
123180,False
123181,False
123182,True
123183,True
123184,False
123185,True
123186,False
123187,False
123188,False
123189,False
123190,True
123191,False
123192,False
123193,False
123194,False
123195,False
123196,True
123197,False
123198,True
123199,False
123200,True
123201,False
123202,False
123203,False
123204,False
123205,False
123206,True
123207,False
123208,True
123209,False
123210,False
123211,True
123212,False
123213,True
123214,True
123215,True
123216,False
123217,False
123218,False
123219,True
123220,True
123221,True
123222,False
123223,False
123224,True
123225,False
123226,True
123227,False
123228,False
123229,False
123230,True
123231,True
123232,False
123233,False
123234,True
123235,True
123236,False
123237,True
123238,True
123239,True
123240,False
123241,True
123242,False
123243,True
123244,False
123245,False
123246,False
123247,True
123248,True
123249,False
123250,True
123251,False
123252,True
123253,False
123254,False
123255,False
123256,False
123257,True
123258,False
123259,True
123260,False
123261,True
123262,False
123263,True
123264,False
123265,False
123266,False
123267,True
123268,False
123269,False
123270,False
123271,False
123272,False
123273,True
123274,False
123275,True
123276,True
123277,False
123278,False
123279,False
123280,True
123281,False
123282,False
123283,False
123284,False
123285,True
123286,False
123287,True
123288,False
123289,False
123290,True
123291,True
123292,True
123293,False
123294,False
123295,False
123296,False
123297,False
123298,True
123299,False
123300,True
123301,False
123302,True
123303,False
123304,False
123305,False
123306,False
123307,False
123308,True
123309,False
123310,False
123311,True
123312,False
123313,False
123314,False
123315,False
123316,False
123317,False
123318,True
123319,False
123320,True
123321,True
123322,False
123323,True
123324,True
123325,False
123326,False
123327,True
123328,False
123329,True
123330,False
123331,True
123332,True
123333,False
123334,False
123335,True
123336,True
123337,True
123338,False
123339,False
123340,False
123341,True
123342,True
123343,False
123344,True
123345,True
123346,False
123347,True
123348,False
123349,False
123350,True
123351,False
123352,False
123353,False
123354,False
123355,True
123356,False
123357,False
123358,False
123359,True
123360,True
123361,False
123362,False
123363,True
123364,False
123365,True
123366,False
123367,False
123368,False
123369,False
123370,False
123371,True
123372,False
123373,True
123374,True
123375,False
123376,True
123377,True
123378,False
123379,False
123380,True
123381,True
123382,False
123383,False
123384,False
123385,True
123386,True
123387,False
123388,False
123389,True
123390,True
123391,True
123392,True
123393,False
123394,False
123395,False
123396,False
123397,False
123398,False
123399,True
123400,False
123401,False
123402,False
123403,False
123404,True
123405,False
123406,False
123407,True
123408,True
123409,False
123410,False
123411,False
123412,False
123413,False
123414,False
123415,False
123416,False
123417,False
123418,False
123419,True
123420,False
123421,False
123422,False
123423,True
123424,False
123425,True
123426,True
123427,True
123428,True
123429,False
123430,False
123431,False
123432,True
123433,True
123434,True
123435,True
123436,False
123437,True
123438,False
123439,True
123440,False
123441,False
123442,True
123443,False
123444,False
123445,False
123446,False
123447,False
123448,False
123449,True
123450,False
123451,False
123452,False
123453,True
123454,False
123455,False
123456,True
123457,True
123458,True
123459,False
123460,False
123461,False
123462,False
123463,True
123464,False
123465,True
123466,False
123467,True
123468,False
123469,False
123470,True
123471,False
123472,False
123473,False
123474,False
123475,False
123476,True
123477,False
123478,False
123479,True
123480,False
123481,False
123482,False
123483,False
123484,True
123485,False
123486,False
123487,False
123488,False
123489,False
123490,True
123491,False
123492,False
123493,False
123494,True
123495,False
123496,False
123497,True
123498,False
123499,True
123500,False
123501,False
123502,False
123503,False
123504,False
123505,False
123506,False
123507,True
123508,True
123509,False
123510,True
123511,False
123512,True
123513,False
123514,True
123515,True
123516,True
123517,True
123518,False
123519,True
123520,False
123521,True
123522,True
123523,False
123524,False
123525,False
123526,False
123527,False
123528,True
123529,True
123530,False
123531,True
123532,True
123533,False
123534,True
123535,True
123536,False
123537,False
123538,False
123539,True
123540,False
123541,True
123542,False
123543,True
123544,True
123545,False
123546,True
123547,True
123548,True
123549,False
123550,True
123551,True
123552,False
123553,True
123554,True
123555,False
123556,True
123557,True
123558,False
123559,False
123560,False
123561,True
123562,False
123563,False
123564,False
123565,True
123566,False
123567,False
123568,False
123569,False
123570,False
123571,False
123572,True
123573,True
123574,False
123575,True
123576,True
123577,False
123578,False
123579,False
123580,True
123581,False
123582,False
123583,False
123584,False
123585,True
123586,False
123587,False
123588,False
123589,False
123590,True
123591,False
123592,False
123593,False
123594,False
123595,False
123596,False
123597,False
123598,False
123599,True
123600,False
123601,True
123602,True
123603,True
123604,False
123605,False
123606,False
123607,True
123608,False
123609,False
123610,True
123611,True
123612,False
123613,True
123614,False
123615,False
123616,False
123617,False
123618,False
123619,False
123620,False
123621,False
123622,True
123623,True
123624,True
123625,True
123626,True
123627,False
123628,False
123629,False
123630,False
123631,False
123632,False
123633,False
123634,True
123635,False
123636,True
123637,True
123638,False
123639,False
123640,False
123641,False
123642,False
123643,True
123644,True
123645,False
123646,False
123647,False
123648,False
123649,False
123650,False
123651,False
123652,False
123653,True
123654,True
123655,False
123656,False
123657,False
123658,False
123659,False
123660,False
123661,False
123662,False
123663,False
123664,False
123665,True
123666,False
123667,False
123668,True
123669,False
123670,False
123671,False
123672,False
123673,True
123674,True
123675,False
123676,True
123677,False
123678,False
123679,False
123680,False
123681,True
123682,True
123683,True
123684,False
123685,False
123686,False
123687,True
123688,False
123689,False
123690,False
123691,True
123692,False
123693,False
123694,True
123695,True
123696,False
123697,False
123698,False
123699,False
123700,False
123701,False
123702,False
123703,False
123704,False
123705,False
123706,True
123707,True
123708,True
123709,False
123710,False
123711,True
123712,True
123713,True
123714,False
123715,False
123716,False
123717,False
123718,True
123719,True
123720,True
123721,False
123722,False
123723,False
123724,False
123725,False
123726,False
123727,False
123728,True
123729,False
123730,False
123731,True
123732,False
123733,False
123734,False
123735,True
123736,False
123737,True
123738,True
123739,False
123740,True
123741,False
123742,False
123743,True
123744,True
123745,False
123746,True
123747,False
123748,False
123749,False
123750,True
123751,False
123752,False
123753,True
123754,False
123755,False
123756,False
123757,False
123758,False
123759,False
123760,False
123761,True
123762,True
123763,True
123764,False
123765,True
123766,False
123767,False
123768,False
123769,False
123770,False
123771,True
123772,False
123773,True
123774,True
123775,True
123776,True
123777,False
123778,False
123779,False
123780,False
123781,False
123782,True
123783,False
123784,True
123785,False
123786,False
123787,True
123788,True
123789,False
123790,False
123791,False
123792,False
123793,True
123794,False
123795,False
123796,False
123797,True
123798,True
123799,True
123800,False
123801,False
123802,False
123803,True
123804,True
123805,False
123806,False
123807,False
123808,False
123809,True
123810,False
123811,False
123812,True
123813,True
123814,True
123815,False
123816,False
123817,False
123818,False
123819,True
123820,True
123821,False
123822,False
123823,True
123824,False
123825,False
123826,False
123827,False
123828,True
123829,False
123830,False
123831,True
123832,True
123833,False
123834,True
123835,False
123836,False
123837,True
123838,False
123839,False
123840,False
123841,False
123842,False
123843,False
123844,True
123845,False
123846,True
123847,False
123848,False
123849,True
123850,False
123851,False
123852,True
123853,False
123854,False
123855,True
123856,False
123857,False
123858,False
123859,False
123860,False
123861,True
123862,False
123863,False
123864,True
123865,True
123866,False
123867,False
123868,False
123869,False
123870,True
123871,False
123872,False
123873,False
123874,False
123875,False
123876,True
123877,False
123878,False
123879,False
123880,False
123881,True
123882,False
123883,False
123884,True
123885,True
123886,False
123887,True
123888,False
123889,False
123890,False
123891,False
123892,True
123893,False
123894,False
123895,False
123896,False
123897,False
123898,True
123899,True
123900,False
123901,True
123902,False
123903,False
123904,False
123905,False
123906,False
123907,False
123908,True
123909,True
123910,False
123911,True
123912,True
123913,False
123914,False
123915,False
123916,False
123917,False
123918,False
123919,False
123920,True
123921,False
123922,True
123923,False
123924,False
123925,False
123926,True
123927,False
123928,True
123929,True
123930,True
123931,True
123932,False
123933,False
123934,True
123935,False
123936,False
123937,False
123938,True
123939,False
123940,False
123941,False
123942,True
123943,False
123944,True
123945,False
123946,False
123947,False
123948,False
123949,False
123950,False
123951,False
123952,False
123953,False
123954,False
123955,False
123956,True
123957,False
123958,False
123959,False
123960,False
123961,True
123962,False
123963,False
123964,False
123965,False
123966,False
123967,False
123968,False
123969,True
123970,False
123971,True
123972,False
123973,False
123974,False
123975,True
123976,False
123977,False
123978,False
123979,False
123980,True
123981,False
123982,True
123983,True
123984,False
123985,False
123986,False
123987,False
123988,False
123989,False
123990,False
123991,True
123992,True
123993,True
123994,False
123995,True
123996,False
123997,False
123998,False
123999,False
124000,False
124001,False
124002,False
124003,False
124004,False
124005,False
124006,False
124007,False
124008,False
124009,False
124010,True
124011,False
124012,True
124013,True
124014,False
124015,True
124016,False
124017,True
124018,True
124019,True
124020,False
124021,False
124022,True
124023,False
124024,False
124025,True
124026,False
124027,False
124028,True
124029,False
124030,False
124031,False
124032,False
124033,False
124034,False
124035,False
124036,False
124037,True
124038,False
124039,False
124040,False
124041,False
124042,False
124043,True
124044,False
124045,False
124046,True
124047,True
124048,True
124049,False
124050,False
124051,False
124052,True
124053,False
124054,False
124055,False
124056,False
124057,True
124058,False
124059,True
124060,False
124061,True
124062,True
124063,False
124064,False
124065,True
124066,False
124067,False
124068,True
124069,False
124070,True
124071,False
124072,False
124073,True
124074,True
124075,True
124076,False
124077,False
124078,False
124079,True
124080,True
124081,True
124082,False
124083,False
124084,False
124085,False
124086,True
124087,True
124088,False
124089,False
124090,False
124091,False
124092,True
124093,True
124094,False
124095,False
124096,True
124097,False
124098,False
124099,True
124100,False
124101,True
124102,True
124103,False
124104,True
124105,True
124106,False
124107,False
124108,False
124109,True
124110,False
124111,True
124112,True
124113,False
124114,True
124115,False
124116,False
124117,False
124118,True
124119,False
124120,False
124121,True
124122,False
124123,False
124124,False
124125,False
124126,False
124127,False
124128,False
124129,True
124130,False
124131,False
124132,True
124133,True
124134,False
124135,False
124136,True
124137,False
124138,False
124139,False
124140,True
124141,False
124142,True
124143,False
124144,False
124145,True
124146,False
124147,True
124148,False
124149,True
124150,True
124151,True
124152,True
124153,False
124154,True
124155,True
124156,True
124157,False
124158,False
124159,True
124160,False
124161,False
124162,True
124163,False
124164,True
124165,False
124166,False
124167,True
124168,False
124169,False
124170,False
124171,True
124172,True
124173,False
124174,False
124175,False
124176,False
124177,False
124178,False
124179,False
124180,True
124181,False
124182,True
124183,False
124184,False
124185,True
124186,False
124187,False
124188,False
124189,True
124190,False
124191,False
124192,False
124193,False
124194,False
124195,False
124196,False
124197,True
124198,True
124199,True
124200,False
124201,False
124202,True
124203,True
124204,True
124205,False
124206,True
124207,False
124208,True
124209,False
124210,False
124211,False
124212,False
124213,False
124214,False
124215,False
124216,True
124217,False
124218,False
124219,False
124220,False
124221,False
124222,True
124223,False
124224,False
124225,False
124226,True
124227,True
124228,False
124229,False
124230,False
124231,True
124232,True
124233,False
124234,False
124235,True
124236,False
124237,False
124238,True
124239,True
124240,False
124241,True
124242,False
124243,True
124244,False
124245,False
124246,True
124247,True
124248,False
124249,False
124250,True
124251,True
124252,False
124253,True
124254,True
124255,False
124256,True
124257,True
124258,False
124259,False
124260,False
124261,False
124262,True
124263,True
124264,False
124265,False
124266,True
124267,False
124268,False
124269,True
124270,False
124271,False
124272,False
124273,True
124274,False
124275,True
124276,True
124277,True
124278,True
124279,True
124280,True
124281,True
124282,True
124283,False
124284,False
124285,True
124286,False
124287,True
124288,True
124289,False
124290,False
124291,False
124292,True
124293,False
124294,True
124295,False
124296,False
124297,True
124298,False
124299,False
124300,True
124301,False
124302,False
124303,True
124304,False
124305,False
124306,True
124307,False
124308,False
124309,False
124310,False
124311,False
124312,True
124313,False
124314,False
124315,False
124316,True
124317,True
124318,False
124319,False
124320,False
124321,False
124322,False
124323,False
124324,False
124325,False
124326,False
124327,True
124328,False
124329,False
124330,False
124331,False
124332,True
124333,False
124334,True
124335,False
124336,True
124337,True
124338,False
124339,False
124340,False
124341,False
124342,True
124343,False
124344,False
124345,True
124346,True
124347,True
124348,True
124349,True
124350,True
124351,False
124352,False
124353,True
124354,False
124355,False
124356,False
124357,False
124358,False
124359,True
124360,False
124361,True
124362,False
124363,True
124364,False
124365,True
124366,False
124367,True
124368,False
124369,False
124370,False
124371,True
124372,False
124373,False
124374,False
124375,False
124376,False
124377,False
124378,False
124379,True
124380,True
124381,False
124382,True
124383,False
124384,True
124385,True
124386,False
124387,False
124388,False
124389,False
124390,False
124391,False
124392,False
124393,False
124394,True
124395,False
124396,False
124397,False
124398,True
124399,False
124400,False
124401,False
124402,True
124403,False
124404,False
124405,True
124406,False
124407,False
124408,True
124409,False
124410,False
124411,True
124412,True
124413,True
124414,False
124415,True
124416,False
124417,False
124418,False
124419,False
124420,True
124421,False
124422,False
124423,True
124424,False
124425,True
124426,False
124427,False
124428,False
124429,True
124430,True
124431,False
124432,False
124433,True
124434,False
124435,False
124436,False
124437,False
124438,False
124439,False
124440,False
124441,False
124442,False
124443,True
124444,False
124445,False
124446,False
124447,False
124448,False
124449,False
124450,False
124451,True
124452,False
124453,True
124454,False
124455,True
124456,False
124457,True
124458,True
124459,False
124460,False
124461,False
124462,False
124463,False
124464,False
124465,True
124466,False
124467,False
124468,False
124469,False
124470,False
124471,True
124472,True
124473,True
124474,False
124475,False
124476,True
124477,False
124478,False
124479,False
124480,False
124481,False
124482,False
124483,True
124484,True
124485,False
124486,True
124487,True
124488,False
124489,True
124490,False
124491,False
124492,False
124493,False
124494,False
124495,False
124496,False
124497,False
124498,True
124499,False
124500,False
124501,False
124502,False
124503,False
124504,True
124505,True
124506,False
124507,True
124508,False
124509,False
124510,False
124511,False
124512,True
124513,False
124514,False
124515,True
124516,False
124517,False
124518,True
124519,True
124520,False
124521,True
124522,False
124523,False
124524,False
124525,True
124526,False
124527,True
124528,False
124529,True
124530,False
124531,False
124532,True
124533,False
124534,False
124535,False
124536,True
124537,False
124538,False
124539,False
124540,True
124541,False
124542,False
124543,False
124544,False
124545,False
124546,True
124547,False
124548,True
124549,False
124550,True
124551,False
124552,False
124553,False
124554,False
124555,False
124556,False
124557,False
124558,False
124559,True
124560,False
124561,False
124562,False
124563,False
124564,False
124565,False
124566,False
124567,False
124568,False
124569,False
124570,False
124571,False
124572,False
124573,False
124574,True
124575,True
124576,False
124577,True
124578,True
124579,False
124580,False
124581,True
124582,True
124583,False
124584,True
124585,False
124586,False
124587,True
124588,False
124589,False
124590,False
124591,True
124592,False
124593,False
124594,False
124595,False
124596,False
124597,True
124598,True
124599,True
124600,True
124601,False
124602,False
124603,False
124604,False
124605,False
124606,False
124607,True
124608,False
124609,False
124610,False
124611,False
124612,False
124613,True
124614,False
124615,False
124616,True
124617,True
124618,True
124619,False
124620,True
124621,False
124622,True
124623,False
124624,False
124625,True
124626,False
124627,False
124628,True
124629,False
124630,True
124631,False
124632,False
124633,False
124634,False
124635,False
124636,False
124637,False
124638,True
124639,False
124640,True
124641,False
124642,True
124643,False
124644,False
124645,True
124646,False
124647,False
124648,True
124649,False
124650,False
124651,False
124652,False
124653,False
124654,True
124655,False
124656,False
124657,True
124658,False
124659,True
124660,False
124661,True
124662,True
124663,True
124664,False
124665,False
124666,False
124667,False
124668,False
124669,True
124670,True
124671,True
124672,True
124673,False
124674,False
124675,False
124676,True
124677,True
124678,True
124679,False
124680,False
124681,True
124682,False
124683,False
124684,True
124685,False
124686,False
124687,False
124688,True
124689,False
124690,False
124691,False
124692,False
124693,False
124694,True
124695,True
124696,False
124697,False
124698,False
124699,False
124700,False
124701,False
124702,False
124703,False
124704,False
124705,False
124706,True
124707,False
124708,True
124709,True
124710,False
124711,True
124712,True
124713,False
124714,False
124715,True
124716,False
124717,True
124718,True
124719,False
124720,False
124721,False
124722,False
124723,True
124724,False
124725,False
124726,True
124727,False
124728,False
124729,False
124730,False
124731,True
124732,True
124733,False
124734,False
124735,False
124736,True
124737,False
124738,True
124739,False
124740,False
124741,False
124742,False
124743,False
124744,True
124745,False
124746,True
124747,False
124748,False
124749,True
124750,False
124751,False
124752,True
124753,False
124754,False
124755,False
124756,False
124757,False
124758,False
124759,False
124760,False
124761,True
124762,False
124763,True
124764,False
124765,True
124766,False
124767,False
124768,True
124769,True
124770,False
124771,False
124772,False
124773,True
124774,False
124775,False
124776,True
124777,False
124778,True
124779,False
124780,False
124781,True
124782,False
124783,False
124784,False
124785,False
124786,True
124787,True
124788,True
124789,False
124790,True
124791,False
124792,True
124793,False
124794,False
124795,False
124796,True
124797,False
124798,True
124799,False
124800,False
124801,False
124802,False
124803,False
124804,False
124805,True
124806,True
124807,True
124808,False
124809,True
124810,False
124811,False
124812,True
124813,False
124814,False
124815,True
124816,True
124817,True
124818,False
124819,False
124820,False
124821,False
124822,False
124823,False
124824,False
124825,True
124826,False
124827,True
124828,False
124829,False
124830,False
124831,False
124832,True
124833,True
124834,False
124835,False
124836,False
124837,False
124838,False
124839,False
124840,True
124841,True
124842,False
124843,True
124844,False
124845,False
124846,False
124847,False
124848,True
124849,True
124850,False
124851,False
124852,False
124853,False
124854,False
124855,True
124856,False
124857,False
124858,False
124859,True
124860,False
124861,True
124862,False
124863,False
124864,False
124865,True
124866,True
124867,False
124868,True
124869,False
124870,False
124871,True
124872,True
124873,False
124874,False
124875,True
124876,False
124877,False
124878,False
124879,False
124880,True
124881,True
124882,False
124883,False
124884,False
124885,True
124886,True
124887,False
124888,False
124889,True
124890,True
124891,False
124892,True
124893,True
124894,False
124895,True
124896,False
124897,False
124898,True
124899,True
124900,True
124901,False
124902,True
124903,True
124904,True
124905,False
124906,True
124907,True
124908,False
124909,False
124910,False
124911,False
124912,False
124913,False
124914,True
124915,False
124916,False
124917,True
124918,False
124919,True
124920,False
124921,True
124922,False
124923,False
124924,False
124925,False
124926,False
124927,False
124928,False
124929,False
124930,False
124931,False
124932,False
124933,True
124934,False
124935,False
124936,False
124937,False
124938,False
124939,False
124940,True
124941,True
124942,False
124943,False
124944,False
124945,False
124946,False
124947,True
124948,False
124949,False
124950,False
124951,True
124952,True
124953,False
124954,False
124955,False
124956,True
124957,False
124958,False
124959,False
124960,False
124961,True
124962,False
124963,True
124964,False
124965,True
124966,True
124967,False
124968,False
124969,False
124970,True
124971,True
124972,True
124973,False
124974,False
124975,True
124976,False
124977,False
124978,False
124979,False
124980,False
124981,False
124982,True
124983,True
124984,True
124985,True
124986,True
124987,True
124988,True
124989,True
124990,False
124991,False
124992,False
124993,False
124994,True
124995,False
124996,False
124997,False
124998,True
124999,False
125000,True
125001,True
125002,False
125003,False
125004,False
125005,True
125006,False
125007,False
125008,True
125009,True
125010,False
125011,True
125012,False
125013,True
125014,False
125015,False
125016,True
125017,False
125018,True
125019,False
125020,False
125021,False
125022,False
125023,False
125024,False
125025,True
125026,False
125027,True
125028,False
125029,False
125030,False
125031,True
125032,False
125033,False
125034,False
125035,False
125036,False
125037,False
125038,False
125039,True
125040,False
125041,True
125042,False
125043,False
125044,False
125045,True
125046,False
125047,False
125048,False
125049,False
125050,True
125051,True
125052,True
125053,False
125054,False
125055,False
125056,False
125057,False
125058,False
125059,True
125060,False
125061,False
125062,True
125063,False
125064,True
125065,False
125066,False
125067,False
125068,True
125069,False
125070,False
125071,False
125072,True
125073,False
125074,False
125075,False
125076,False
125077,False
125078,False
125079,True
125080,True
125081,False
125082,True
125083,True
125084,False
125085,False
125086,True
125087,False
125088,False
125089,False
125090,False
125091,False
125092,False
125093,False
125094,False
125095,True
125096,True
125097,False
125098,False
125099,True
125100,False
125101,True
125102,True
125103,True
125104,False
125105,False
125106,True
125107,False
125108,False
125109,False
125110,False
125111,False
125112,False
125113,True
125114,False
125115,True
125116,True
125117,True
125118,False
125119,False
125120,False
125121,False
125122,False
125123,False
125124,False
125125,False
125126,True
125127,False
125128,False
125129,True
125130,False
125131,False
125132,False
125133,False
125134,False
125135,False
125136,False
125137,False
125138,True
125139,False
125140,True
125141,True
125142,False
125143,False
125144,False
125145,False
125146,True
125147,False
125148,True
125149,False
125150,True
125151,True
125152,False
125153,True
125154,False
125155,False
125156,False
125157,False
125158,True
125159,True
125160,False
125161,True
125162,False
125163,False
125164,False
125165,True
125166,False
125167,False
125168,False
125169,False
125170,False
125171,True
125172,False
125173,False
125174,True
125175,False
125176,True
125177,True
125178,False
125179,True
125180,True
125181,False
125182,True
125183,False
125184,True
125185,True
125186,False
125187,True
125188,True
125189,True
125190,False
125191,False
125192,True
125193,True
125194,False
125195,False
125196,False
125197,False
125198,True
125199,False
125200,False
125201,False
125202,False
125203,False
125204,True
125205,False
125206,False
125207,True
125208,False
125209,False
125210,True
125211,True
125212,True
125213,False
125214,False
125215,False
125216,False
125217,True
125218,True
125219,False
125220,True
125221,True
125222,False
125223,False
125224,False
125225,False
125226,True
125227,False
125228,False
125229,False
125230,True
125231,False
125232,True
125233,True
125234,False
125235,True
125236,False
125237,False
125238,False
125239,True
125240,False
125241,False
125242,True
125243,False
125244,True
125245,True
125246,False
125247,False
125248,True
125249,False
125250,False
125251,False
125252,False
125253,False
125254,False
125255,True
125256,True
125257,True
125258,False
125259,False
125260,False
125261,False
125262,False
125263,True
125264,False
125265,False
125266,False
125267,False
125268,False
125269,True
125270,True
125271,False
125272,True
125273,True
125274,True
125275,True
125276,False
125277,True
125278,False
125279,False
125280,False
125281,True
125282,False
125283,False
125284,True
125285,False
125286,False
125287,True
125288,False
125289,False
125290,False
125291,False
125292,False
125293,True
125294,True
125295,False
125296,True
125297,False
125298,False
125299,True
125300,False
125301,True
125302,True
125303,False
125304,False
125305,False
125306,True
125307,False
125308,True
125309,False
125310,False
125311,True
125312,True
125313,True
125314,True
125315,False
125316,False
125317,False
125318,False
125319,False
125320,False
125321,False
125322,False
125323,True
125324,True
125325,False
125326,False
125327,True
125328,False
125329,False
125330,False
125331,False
125332,False
125333,True
125334,False
125335,False
125336,True
125337,False
125338,True
125339,True
125340,False
125341,False
125342,True
125343,True
125344,True
125345,False
125346,False
125347,True
125348,False
125349,True
125350,True
125351,False
125352,False
125353,False
125354,False
125355,False
125356,False
125357,True
125358,True
125359,False
125360,False
125361,False
125362,True
125363,False
125364,False
125365,True
125366,False
125367,False
125368,False
125369,True
125370,False
125371,True
125372,True
125373,False
125374,True
125375,False
125376,True
125377,False
125378,False
125379,False
125380,True
125381,True
125382,False
125383,True
125384,True
125385,False
125386,True
125387,False
125388,True
125389,False
125390,False
125391,True
125392,False
125393,False
125394,True
125395,False
125396,False
125397,False
125398,False
125399,True
125400,False
125401,True
125402,True
125403,False
125404,False
125405,False
125406,False
125407,False
125408,True
125409,False
125410,False
125411,True
125412,True
125413,True
125414,False
125415,False
125416,False
125417,False
125418,True
125419,False
125420,False
125421,True
125422,False
125423,False
125424,False
125425,False
125426,True
125427,True
125428,True
125429,False
125430,False
125431,False
125432,False
125433,True
125434,False
125435,False
125436,True
125437,True
125438,False
125439,True
125440,False
125441,False
125442,False
125443,False
125444,True
125445,True
125446,False
125447,False
125448,False
125449,False
125450,False
125451,False
125452,True
125453,False
125454,False
125455,True
125456,False
125457,False
125458,False
125459,True
125460,False
125461,True
125462,False
125463,False
125464,True
125465,True
125466,False
125467,False
125468,False
125469,True
125470,True
125471,True
125472,False
125473,True
125474,False
125475,False
125476,True
125477,False
125478,False
125479,True
125480,False
125481,True
125482,False
125483,False
125484,False
125485,True
125486,True
125487,True
125488,False
125489,False
125490,True
125491,False
125492,True
125493,False
125494,True
125495,False
125496,True
125497,True
125498,True
125499,True
125500,False
125501,True
125502,False
125503,False
125504,False
125505,True
125506,True
125507,False
125508,True
125509,True
125510,False
125511,False
125512,True
125513,False
125514,False
125515,False
125516,False
125517,False
125518,False
125519,False
125520,False
125521,False
125522,False
125523,False
125524,True
125525,False
125526,True
125527,False
125528,False
125529,True
125530,False
125531,False
125532,False
125533,False
125534,False
125535,True
125536,True
125537,False
125538,True
125539,False
125540,False
125541,False
125542,True
125543,True
125544,True
125545,True
125546,False
125547,False
125548,False
125549,True
125550,True
125551,False
125552,True
125553,False
125554,True
125555,False
125556,True
125557,True
125558,False
125559,True
125560,False
125561,False
125562,False
125563,False
125564,True
125565,True
125566,False
125567,False
125568,False
125569,False
125570,False
125571,False
125572,True
125573,False
125574,False
125575,True
125576,True
125577,True
125578,False
125579,False
125580,True
125581,False
125582,True
125583,False
125584,False
125585,False
125586,True
125587,False
125588,True
125589,False
125590,False
125591,False
125592,False
125593,True
125594,False
125595,False
125596,False
125597,True
125598,False
125599,True
125600,False
125601,False
125602,True
125603,True
125604,True
125605,False
125606,False
125607,True
125608,False
125609,False
125610,False
125611,False
125612,True
125613,False
125614,True
125615,False
125616,True
125617,True
125618,True
125619,False
125620,True
125621,False
125622,False
125623,False
125624,True
125625,True
125626,True
125627,False
125628,False
125629,False
125630,False
125631,True
125632,True
125633,True
125634,True
125635,False
125636,True
125637,False
125638,True
125639,False
125640,False
125641,True
125642,False
125643,True
125644,True
125645,False
125646,False
125647,False
125648,True
125649,True
125650,True
125651,True
125652,False
125653,True
125654,False
125655,True
125656,False
125657,True
125658,False
125659,False
125660,True
125661,False
125662,False
125663,True
125664,True
125665,True
125666,False
125667,True
125668,False
125669,True
125670,True
125671,False
125672,False
125673,True
125674,False
125675,False
125676,False
125677,True
125678,True
125679,False
125680,True
125681,False
125682,False
125683,False
125684,False
125685,True
125686,False
125687,False
125688,True
125689,True
125690,False
125691,False
125692,False
125693,True
125694,False
125695,True
125696,False
125697,False
125698,False
125699,True
125700,False
125701,True
125702,False
125703,False
125704,True
125705,False
125706,True
125707,False
125708,True
125709,False
125710,True
125711,False
125712,True
125713,False
125714,False
125715,False
125716,True
125717,False
125718,True
125719,True
125720,False
125721,True
125722,True
125723,False
125724,True
125725,False
125726,True
125727,False
125728,False
125729,False
125730,True
125731,False
125732,False
125733,True
125734,False
125735,False
125736,False
125737,False
125738,True
125739,False
125740,False
125741,False
125742,False
125743,True
125744,False
125745,True
125746,True
125747,False
125748,False
125749,False
125750,True
125751,False
125752,True
125753,False
125754,True
125755,False
125756,False
125757,False
125758,False
125759,False
125760,False
125761,False
125762,True
125763,True
125764,False
125765,False
125766,False
125767,True
125768,False
125769,False
125770,True
125771,False
125772,True
125773,False
125774,True
125775,True
125776,False
125777,False
125778,False
125779,True
125780,False
125781,True
125782,False
125783,False
125784,False
125785,False
125786,False
125787,False
125788,False
125789,False
125790,False
125791,False
125792,False
125793,False
125794,True
125795,False
125796,False
125797,True
125798,False
125799,False
125800,False
125801,False
125802,False
125803,False
125804,True
125805,False
125806,True
125807,False
125808,False
125809,False
125810,False
125811,True
125812,False
125813,True
125814,True
125815,False
125816,True
125817,False
125818,False
125819,True
125820,False
125821,False
125822,False
125823,False
125824,False
125825,False
125826,False
125827,True
125828,False
125829,True
125830,False
125831,False
125832,False
125833,True
125834,False
125835,False
125836,False
125837,False
125838,False
125839,False
125840,True
125841,True
125842,True
125843,False
125844,False
125845,False
125846,False
125847,True
125848,False
125849,False
125850,False
125851,False
125852,False
125853,True
125854,False
125855,True
125856,False
125857,False
125858,True
125859,False
125860,False
125861,False
125862,False
125863,False
125864,False
125865,True
125866,False
125867,True
125868,True
125869,True
125870,False
125871,False
125872,False
125873,True
125874,False
125875,False
125876,False
125877,False
125878,True
125879,True
125880,False
125881,True
125882,True
125883,False
125884,False
125885,True
125886,False
125887,False
125888,False
125889,False
125890,False
125891,False
125892,False
125893,False
125894,True
125895,True
125896,True
125897,True
125898,False
125899,True
125900,False
125901,True
125902,False
125903,False
125904,False
125905,False
125906,True
125907,True
125908,False
125909,False
125910,False
125911,True
125912,False
125913,False
125914,False
125915,True
125916,False
125917,True
125918,False
125919,False
125920,False
125921,False
125922,True
125923,True
125924,False
125925,False
125926,False
125927,False
125928,False
125929,True
125930,False
125931,False
125932,False
125933,False
125934,True
125935,True
125936,False
125937,True
125938,False
125939,False
125940,True
125941,True
125942,False
125943,True
125944,False
125945,False
125946,False
125947,False
125948,True
125949,True
125950,True
125951,False
125952,False
125953,True
125954,False
125955,False
125956,False
125957,False
125958,False
125959,False
125960,True
125961,True
125962,False
125963,False
125964,False
125965,False
125966,False
125967,True
125968,True
125969,True
125970,True
125971,False
125972,False
125973,False
125974,True
125975,False
125976,False
125977,False
125978,False
125979,False
125980,False
125981,False
125982,True
125983,False
125984,False
125985,False
125986,False
125987,False
125988,False
125989,True
125990,False
125991,False
125992,True
125993,False
125994,False
125995,False
125996,False
125997,False
125998,True
125999,False
126000,False
126001,False
126002,False
126003,False
126004,True
126005,False
126006,False
126007,False
126008,False
126009,False
126010,False
126011,False
126012,False
126013,False
126014,True
126015,False
126016,False
126017,True
126018,True
126019,False
126020,False
126021,False
126022,True
126023,True
126024,True
126025,False
126026,False
126027,False
126028,False
126029,False
126030,False
126031,False
126032,True
126033,False
126034,False
126035,False
126036,False
126037,True
126038,True
126039,True
126040,True
126041,False
126042,False
126043,False
126044,True
126045,True
126046,False
126047,True
126048,True
126049,False
126050,True
126051,False
126052,False
126053,False
126054,False
126055,False
126056,True
126057,False
126058,False
126059,False
126060,False
126061,False
126062,True
126063,False
126064,True
126065,True
126066,False
126067,False
126068,False
126069,False
126070,True
126071,False
126072,False
126073,False
126074,False
126075,False
126076,False
126077,True
126078,False
126079,False
126080,False
126081,True
126082,False
126083,False
126084,True
126085,True
126086,True
126087,False
126088,False
126089,False
126090,False
126091,True
126092,False
126093,False
126094,False
126095,True
126096,False
126097,True
126098,True
126099,True
126100,False
126101,False
126102,False
126103,False
126104,True
126105,True
126106,False
126107,False
126108,False
126109,False
126110,False
126111,False
126112,False
126113,True
126114,True
126115,True
126116,False
126117,False
126118,False
126119,False
126120,False
126121,True
126122,False
126123,False
126124,False
126125,False
126126,False
126127,True
126128,False
126129,False
126130,False
126131,False
126132,True
126133,True
126134,False
126135,True
126136,False
126137,True
126138,True
126139,False
126140,False
126141,False
126142,True
126143,True
126144,False
126145,False
126146,False
126147,False
126148,False
126149,False
126150,False
126151,True
126152,False
126153,False
126154,True
126155,False
126156,True
126157,False
126158,False
126159,False
126160,False
126161,True
126162,False
126163,True
126164,False
126165,False
126166,False
126167,True
126168,True
126169,True
126170,False
126171,False
126172,False
126173,False
126174,True
126175,False
126176,False
126177,True
126178,False
126179,False
126180,False
126181,False
126182,False
126183,False
126184,True
126185,True
126186,True
126187,True
126188,True
126189,True
126190,False
126191,False
126192,False
126193,False
126194,False
126195,False
126196,True
126197,True
126198,True
126199,False
126200,False
126201,False
126202,False
126203,True
126204,True
126205,True
126206,False
126207,True
126208,True
126209,False
126210,False
126211,False
126212,False
126213,True
126214,False
126215,False
126216,True
126217,False
126218,True
126219,False
126220,False
126221,True
126222,False
126223,True
126224,True
126225,False
126226,False
126227,False
126228,False
126229,False
126230,False
126231,False
126232,False
126233,True
126234,True
126235,False
126236,False
126237,False
126238,True
126239,True
126240,False
126241,True
126242,True
126243,True
126244,True
126245,True
126246,False
126247,True
126248,False
126249,True
126250,False
126251,True
126252,False
126253,False
126254,False
126255,False
126256,False
126257,True
126258,False
126259,True
126260,False
126261,True
126262,False
126263,False
126264,False
126265,True
126266,True
126267,False
126268,False
126269,True
126270,False
126271,False
126272,False
126273,False
126274,True
126275,False
126276,False
126277,False
126278,False
126279,True
126280,False
126281,False
126282,False
126283,False
126284,False
126285,False
126286,True
126287,False
126288,False
126289,False
126290,False
126291,True
126292,False
126293,False
126294,True
126295,False
126296,False
126297,True
126298,False
126299,True
126300,False
126301,False
126302,False
126303,False
126304,False
126305,False
126306,False
126307,False
126308,False
126309,True
126310,False
126311,True
126312,False
126313,True
126314,False
126315,False
126316,True
126317,False
126318,True
126319,True
126320,False
126321,False
126322,False
126323,False
126324,False
126325,False
126326,False
126327,False
126328,False
126329,True
126330,True
126331,True
126332,False
126333,False
126334,False
126335,True
126336,False
126337,False
126338,True
126339,False
126340,True
126341,False
126342,False
126343,False
126344,False
126345,True
126346,True
126347,True
126348,False
126349,True
126350,True
126351,False
126352,False
126353,True
126354,False
126355,True
126356,False
126357,False
126358,False
126359,True
126360,True
126361,False
126362,False
126363,False
126364,True
126365,True
126366,True
126367,True
126368,True
126369,False
126370,False
126371,False
126372,True
126373,False
126374,False
126375,True
126376,False
126377,False
126378,False
126379,False
126380,True
126381,True
126382,False
126383,False
126384,True
126385,True
126386,False
126387,False
126388,False
126389,False
126390,True
126391,False
126392,True
126393,False
126394,True
126395,True
126396,False
126397,True
126398,True
126399,True
126400,False
126401,False
126402,False
126403,True
126404,True
126405,False
126406,False
126407,False
126408,True
126409,True
126410,False
126411,True
126412,False
126413,False
126414,True
126415,True
126416,False
126417,False
126418,True
126419,False
126420,False
126421,False
126422,False
126423,False
126424,True
126425,True
126426,False
126427,False
126428,False
126429,False
126430,False
126431,False
126432,False
126433,True
126434,False
126435,True
126436,True
126437,False
126438,False
126439,False
126440,False
126441,False
126442,False
126443,False
126444,False
126445,False
126446,True
126447,True
126448,False
126449,True
126450,False
126451,False
126452,True
126453,False
126454,True
126455,False
126456,True
126457,False
126458,False
126459,True
126460,False
126461,False
126462,False
126463,False
126464,False
126465,False
126466,True
126467,True
126468,True
126469,False
126470,True
126471,True
126472,False
126473,False
126474,True
126475,False
126476,True
126477,True
126478,False
126479,False
126480,True
126481,True
126482,True
126483,False
126484,True
126485,False
126486,True
126487,False
126488,True
126489,False
126490,False
126491,False
126492,True
126493,True
126494,False
126495,False
126496,False
126497,False
126498,False
126499,False
126500,True
126501,True
126502,False
126503,False
126504,False
126505,False
126506,True
126507,False
126508,True
126509,False
126510,False
126511,False
126512,True
126513,True
126514,True
126515,False
126516,False
126517,True
126518,False
126519,False
126520,True
126521,True
126522,False
126523,False
126524,True
126525,False
126526,False
126527,True
126528,False
126529,True
126530,False
126531,False
126532,False
126533,False
126534,False
126535,False
126536,False
126537,False
126538,False
126539,True
126540,True
126541,True
126542,True
126543,False
126544,False
126545,False
126546,False
126547,True
126548,False
126549,True
126550,False
126551,False
126552,False
126553,False
126554,True
126555,False
126556,False
126557,False
126558,True
126559,True
126560,False
126561,False
126562,True
126563,True
126564,True
126565,False
126566,False
126567,False
126568,False
126569,False
126570,False
126571,False
126572,False
126573,True
126574,False
126575,False
126576,False
126577,True
126578,False
126579,False
126580,True
126581,True
126582,False
126583,False
126584,False
126585,False
126586,False
126587,False
126588,False
126589,False
126590,False
126591,False
126592,False
126593,False
126594,True
126595,False
126596,True
126597,True
126598,False
126599,False
126600,False
126601,False
126602,False
126603,False
126604,True
126605,True
126606,False
126607,False
126608,False
126609,False
126610,True
126611,False
126612,False
126613,False
126614,True
126615,False
126616,True
126617,True
126618,False
126619,False
126620,False
126621,False
126622,False
126623,False
126624,False
126625,False
126626,True
126627,False
126628,True
126629,False
126630,False
126631,False
126632,True
126633,True
126634,True
126635,False
126636,True
126637,False
126638,False
126639,False
126640,True
126641,False
126642,True
126643,True
126644,False
126645,False
126646,False
126647,False
126648,False
126649,True
126650,False
126651,True
126652,False
126653,True
126654,True
126655,True
126656,False
126657,False
126658,False
126659,False
126660,False
126661,False
126662,True
126663,False
126664,True
126665,True
126666,True
126667,False
126668,False
126669,True
126670,True
126671,False
126672,False
126673,False
126674,False
126675,False
126676,True
126677,False
126678,True
126679,False
126680,True
126681,False
126682,False
126683,False
126684,False
126685,True
126686,False
126687,False
126688,False
126689,False
126690,True
126691,True
126692,False
126693,False
126694,False
126695,True
126696,False
126697,False
126698,False
126699,False
126700,False
126701,False
126702,True
126703,True
126704,True
126705,True
126706,True
126707,True
126708,True
126709,True
126710,False
126711,False
126712,False
126713,False
126714,True
126715,False
126716,False
126717,False
126718,False
126719,False
126720,False
126721,False
126722,True
126723,False
126724,False
126725,True
126726,False
126727,True
126728,False
126729,True
126730,True
126731,False
126732,False
126733,True
126734,False
126735,False
126736,True
126737,False
126738,False
126739,False
126740,True
126741,False
126742,False
126743,False
126744,True
126745,False
126746,False
126747,False
126748,False
126749,False
126750,False
126751,True
126752,False
126753,False
126754,False
126755,False
126756,False
126757,False
126758,False
126759,False
126760,False
126761,False
126762,False
126763,False
126764,True
126765,True
126766,False
126767,True
126768,False
126769,False
126770,False
126771,False
126772,True
126773,True
126774,False
126775,False
126776,False
126777,False
126778,True
126779,True
126780,True
126781,False
126782,False
126783,False
126784,True
126785,False
126786,False
126787,False
126788,False
126789,False
126790,False
126791,False
126792,False
126793,False
126794,False
126795,False
126796,False
126797,False
126798,False
126799,False
126800,True
126801,False
126802,False
126803,False
126804,False
126805,False
126806,False
126807,False
126808,False
126809,False
126810,False
126811,False
126812,True
126813,False
126814,False
126815,False
126816,False
126817,True
126818,False
126819,False
126820,False
126821,True
126822,False
126823,True
126824,False
126825,False
126826,False
126827,True
126828,True
126829,False
126830,False
126831,False
126832,False
126833,True
126834,False
126835,False
126836,False
126837,False
126838,True
126839,True
126840,False
126841,True
126842,True
126843,False
126844,False
126845,False
126846,False
126847,False
126848,False
126849,False
126850,False
126851,False
126852,False
126853,False
126854,True
126855,False
126856,False
126857,True
126858,False
126859,False
126860,True
126861,False
126862,False
126863,False
126864,True
126865,False
126866,False
126867,False
126868,True
126869,False
126870,True
126871,False
126872,True
126873,True
126874,False
126875,False
126876,True
126877,True
126878,False
126879,False
126880,True
126881,False
126882,False
126883,False
126884,False
126885,False
126886,False
126887,False
126888,False
126889,False
126890,False
126891,False
126892,False
126893,False
126894,False
126895,False
126896,True
126897,False
126898,True
126899,False
126900,False
126901,True
126902,False
126903,False
126904,False
126905,True
126906,False
126907,False
126908,False
126909,False
126910,True
126911,False
126912,True
126913,False
126914,True
126915,True
126916,False
126917,False
126918,False
126919,True
126920,False
126921,False
126922,True
126923,False
126924,False
126925,True
126926,False
126927,False
126928,False
126929,False
126930,False
126931,False
126932,False
126933,True
126934,False
126935,False
126936,False
126937,True
126938,True
126939,False
126940,False
126941,True
126942,False
126943,False
126944,True
126945,False
126946,False
126947,True
126948,True
126949,False
126950,False
126951,True
126952,False
126953,False
126954,False
126955,False
126956,False
126957,False
126958,False
126959,False
126960,False
126961,False
126962,False
126963,False
126964,False
126965,True
126966,False
126967,True
126968,True
126969,False
126970,False
126971,False
126972,False
126973,True
126974,False
126975,True
126976,True
126977,False
126978,False
126979,False
126980,False
126981,True
126982,False
126983,False
126984,True
126985,False
126986,True
126987,False
126988,False
126989,False
126990,False
126991,False
126992,True
126993,True
126994,True
126995,False
126996,True
126997,False
126998,False
126999,True
127000,False
127001,True
127002,False
127003,False
127004,False
127005,False
127006,False
127007,True
127008,False
127009,False
127010,False
127011,True
127012,True
127013,False
127014,True
127015,False
127016,False
127017,False
127018,False
127019,True
127020,True
127021,False
127022,True
127023,True
127024,False
127025,False
127026,True
127027,True
127028,False
127029,False
127030,False
127031,False
127032,False
127033,True
127034,False
127035,True
127036,False
127037,True
127038,False
127039,False
127040,False
127041,True
127042,False
127043,True
127044,False
127045,False
127046,False
127047,False
127048,True
127049,True
127050,False
127051,True
127052,False
127053,False
127054,False
127055,True
127056,False
127057,False
127058,False
127059,True
127060,True
127061,False
127062,False
127063,False
127064,False
127065,False
127066,False
127067,True
127068,False
127069,False
127070,True
127071,False
127072,True
127073,False
127074,False
127075,False
127076,True
127077,False
127078,True
127079,False
127080,False
127081,False
127082,True
127083,True
127084,False
127085,False
127086,False
127087,False
127088,False
127089,True
127090,False
127091,False
127092,False
127093,True
127094,False
127095,False
127096,False
127097,False
127098,False
127099,False
127100,False
127101,False
127102,False
127103,False
127104,True
127105,False
127106,False
127107,False
127108,False
127109,False
127110,False
127111,False
127112,False
127113,False
127114,False
127115,False
127116,True
127117,False
127118,True
127119,False
127120,False
127121,True
127122,False
127123,False
127124,True
127125,True
127126,False
127127,False
127128,False
127129,False
127130,False
127131,True
127132,False
127133,True
127134,False
127135,True
127136,False
127137,False
127138,False
127139,False
127140,False
127141,True
127142,True
127143,False
127144,True
127145,True
127146,False
127147,False
127148,False
127149,False
127150,True
127151,True
127152,True
127153,False
127154,True
127155,False
127156,False
127157,True
127158,False
127159,False
127160,True
127161,False
127162,False
127163,False
127164,False
127165,True
127166,False
127167,False
127168,False
127169,False
127170,False
127171,False
127172,False
127173,True
127174,True
127175,False
127176,False
127177,True
127178,False
127179,False
127180,False
127181,False
127182,False
127183,False
127184,True
127185,True
127186,True
127187,True
127188,False
127189,True
127190,False
127191,False
127192,True
127193,False
127194,True
127195,False
127196,False
127197,False
127198,False
127199,False
127200,False
127201,True
127202,False
127203,False
127204,False
127205,True
127206,False
127207,True
127208,True
127209,False
127210,True
127211,False
127212,True
127213,False
127214,True
127215,True
127216,False
127217,False
127218,True
127219,False
127220,False
127221,False
127222,False
127223,True
127224,False
127225,False
127226,True
127227,False
127228,False
127229,False
127230,False
127231,True
127232,False
127233,True
127234,False
127235,False
127236,False
127237,False
127238,False
127239,False
127240,False
127241,False
127242,True
127243,True
127244,True
127245,False
127246,False
127247,False
127248,True
127249,True
127250,True
127251,False
127252,False
127253,False
127254,False
127255,False
127256,True
127257,False
127258,False
127259,False
127260,False
127261,False
127262,False
127263,True
127264,False
127265,False
127266,True
127267,False
127268,False
127269,True
127270,False
127271,False
127272,False
127273,False
127274,False
127275,False
127276,False
127277,True
127278,False
127279,False
127280,True
127281,True
127282,True
127283,False
127284,False
127285,False
127286,False
127287,True
127288,True
127289,False
127290,False
127291,False
127292,True
127293,True
127294,False
127295,False
127296,False
127297,False
127298,False
127299,False
127300,True
127301,False
127302,False
127303,True
127304,False
127305,True
127306,False
127307,False
127308,True
127309,False
127310,False
127311,False
127312,False
127313,False
127314,False
127315,False
127316,False
127317,False
127318,True
127319,False
127320,True
127321,True
127322,True
127323,True
127324,False
127325,True
127326,False
127327,True
127328,True
127329,True
127330,False
127331,True
127332,True
127333,False
127334,True
127335,False
127336,False
127337,False
127338,True
127339,False
127340,False
127341,True
127342,False
127343,True
127344,True
127345,False
127346,False
127347,False
127348,False
127349,True
127350,False
127351,True
127352,True
127353,False
127354,False
127355,False
127356,False
127357,False
127358,False
127359,True
127360,False
127361,False
127362,False
127363,False
127364,False
127365,False
127366,False
127367,False
127368,True
127369,True
127370,False
127371,True
127372,True
127373,False
127374,True
127375,False
127376,False
127377,False
127378,False
127379,True
127380,False
127381,False
127382,False
127383,False
127384,True
127385,False
127386,True
127387,False
127388,True
127389,True
127390,False
127391,False
127392,False
127393,False
127394,False
127395,True
127396,False
127397,False
127398,False
127399,False
127400,True
127401,True
127402,True
127403,True
127404,False
127405,False
127406,False
127407,False
127408,False
127409,True
127410,True
127411,True
127412,False
127413,False
127414,False
127415,False
127416,True
127417,False
127418,True
127419,False
127420,False
127421,True
127422,True
127423,True
127424,False
127425,False
127426,False
127427,True
127428,False
127429,False
127430,True
127431,True
127432,True
127433,True
127434,False
127435,True
127436,True
127437,False
127438,True
127439,False
127440,False
127441,False
127442,True
127443,False
127444,True
127445,True
127446,True
127447,False
127448,False
127449,True
127450,False
127451,False
127452,False
127453,True
127454,True
127455,False
127456,False
127457,False
127458,False
127459,False
127460,True
127461,False
127462,True
127463,True
127464,False
127465,False
127466,True
127467,False
127468,False
127469,False
127470,False
127471,False
127472,True
127473,False
127474,True
127475,False
127476,False
127477,True
127478,True
127479,True
127480,True
127481,False
127482,False
127483,False
127484,False
127485,True
127486,False
127487,False
127488,True
127489,False
127490,True
127491,False
127492,False
127493,False
127494,False
127495,False
127496,False
127497,False
127498,True
127499,False
127500,True
127501,False
127502,False
127503,False
127504,True
127505,False
127506,True
127507,True
127508,False
127509,False
127510,True
127511,False
127512,False
127513,False
127514,False
127515,False
127516,False
127517,True
127518,False
127519,False
127520,False
127521,False
127522,True
127523,True
127524,False
127525,False
127526,False
127527,False
127528,False
127529,False
127530,True
127531,False
127532,True
127533,False
127534,True
127535,False
127536,True
127537,False
127538,True
127539,False
127540,True
127541,False
127542,True
127543,False
127544,True
127545,False
127546,True
127547,False
127548,True
127549,False
127550,True
127551,False
127552,True
127553,False
127554,True
127555,False
127556,True
127557,False
127558,False
127559,True
127560,False
127561,False
127562,False
127563,False
127564,True
127565,False
127566,False
127567,False
127568,False
127569,False
127570,True
127571,True
127572,True
127573,True
127574,False
127575,True
127576,False
127577,True
127578,False
127579,True
127580,False
127581,False
127582,False
127583,False
127584,True
127585,False
127586,True
127587,True
127588,False
127589,False
127590,False
127591,False
127592,False
127593,False
127594,False
127595,False
127596,True
127597,False
127598,False
127599,True
127600,False
127601,False
127602,True
127603,True
127604,True
127605,True
127606,True
127607,False
127608,True
127609,False
127610,True
127611,False
127612,False
127613,False
127614,False
127615,True
127616,True
127617,False
127618,False
127619,False
127620,True
127621,False
127622,True
127623,False
127624,False
127625,False
127626,False
127627,True
127628,False
127629,False
127630,False
127631,False
127632,True
127633,True
127634,True
127635,False
127636,True
127637,True
127638,False
127639,False
127640,False
127641,False
127642,False
127643,False
127644,False
127645,False
127646,False
127647,False
127648,False
127649,True
127650,True
127651,False
127652,False
127653,False
127654,False
127655,False
127656,False
127657,True
127658,True
127659,False
127660,False
127661,True
127662,False
127663,False
127664,False
127665,False
127666,False
127667,False
127668,True
127669,False
127670,False
127671,True
127672,False
127673,False
127674,True
127675,False
127676,False
127677,False
127678,False
127679,False
127680,True
127681,False
127682,False
127683,False
127684,False
127685,True
127686,False
127687,False
127688,False
127689,False
127690,False
127691,False
127692,False
127693,True
127694,False
127695,True
127696,True
127697,False
127698,False
127699,True
127700,False
127701,False
127702,False
127703,True
127704,True
127705,False
127706,False
127707,True
127708,False
127709,True
127710,True
127711,False
127712,False
127713,True
127714,False
127715,False
127716,True
127717,False
127718,False
127719,True
127720,False
127721,False
127722,False
127723,False
127724,False
127725,False
127726,False
127727,False
127728,True
127729,True
127730,True
127731,False
127732,False
127733,True
127734,False
127735,False
127736,True
127737,False
127738,False
127739,True
127740,True
127741,False
127742,False
127743,False
127744,False
127745,False
127746,False
127747,False
127748,True
127749,True
127750,False
127751,False
127752,True
127753,False
127754,False
127755,False
127756,False
127757,False
127758,False
127759,True
127760,True
127761,False
127762,True
127763,False
127764,False
127765,False
127766,False
127767,True
127768,True
127769,False
127770,True
127771,True
127772,False
127773,False
127774,False
127775,True
127776,True
127777,False
127778,False
127779,True
127780,True
127781,True
127782,True
127783,False
127784,False
127785,False
127786,True
127787,False
127788,False
127789,False
127790,False
127791,True
127792,False
127793,True
127794,True
127795,False
127796,True
127797,False
127798,False
127799,True
127800,False
127801,True
127802,False
127803,False
127804,False
127805,False
127806,False
127807,False
127808,True
127809,False
127810,True
127811,False
127812,True
127813,False
127814,True
127815,False
127816,False
127817,False
127818,False
127819,True
127820,True
127821,False
127822,True
127823,False
127824,True
127825,False
127826,False
127827,True
127828,False
127829,False
127830,False
127831,True
127832,True
127833,False
127834,False
127835,True
127836,False
127837,False
127838,True
127839,True
127840,False
127841,False
127842,False
127843,False
127844,False
127845,False
127846,False
127847,False
127848,False
127849,False
127850,False
127851,False
127852,False
127853,True
127854,False
127855,True
127856,False
127857,False
127858,False
127859,False
127860,False
127861,True
127862,False
127863,True
127864,False
127865,False
127866,True
127867,False
127868,False
127869,False
127870,False
127871,False
127872,False
127873,True
127874,True
127875,False
127876,True
127877,True
127878,False
127879,True
127880,True
127881,True
127882,False
127883,False
127884,False
127885,False
127886,True
127887,True
127888,True
127889,False
127890,True
127891,False
127892,True
127893,False
127894,True
127895,True
127896,False
127897,False
127898,True
127899,False
127900,False
127901,True
127902,True
127903,False
127904,False
127905,True
127906,False
127907,False
127908,True
127909,False
127910,True
127911,True
127912,False
127913,False
127914,False
127915,True
127916,False
127917,False
127918,False
127919,False
127920,False
127921,False
127922,True
127923,False
127924,True
127925,False
127926,False
127927,True
127928,False
127929,True
127930,True
127931,False
127932,True
127933,False
127934,True
127935,True
127936,False
127937,False
127938,False
127939,False
127940,False
127941,True
127942,False
127943,True
127944,True
127945,False
127946,False
127947,False
127948,True
127949,False
127950,True
127951,False
127952,False
127953,True
127954,False
127955,True
127956,False
127957,False
127958,False
127959,False
127960,False
127961,False
127962,False
127963,False
127964,True
127965,False
127966,False
127967,True
127968,False
127969,False
127970,False
127971,False
127972,True
127973,False
127974,False
127975,True
127976,False
127977,True
127978,True
127979,False
127980,False
127981,True
127982,False
127983,True
127984,False
127985,False
127986,False
127987,True
127988,False
127989,True
127990,True
127991,False
127992,True
127993,False
127994,False
127995,False
127996,False
127997,True
127998,False
127999,False
128000,False
128001,False
128002,True
128003,False
128004,True
128005,False
128006,False
128007,False
128008,False
128009,False
128010,True
128011,True
128012,False
128013,False
128014,True
128015,False
128016,False
128017,False
128018,False
128019,False
128020,True
128021,True
128022,False
128023,True
128024,False
128025,False
128026,False
128027,True
128028,False
128029,False
128030,False
128031,False
128032,True
128033,False
128034,True
128035,True
128036,False
128037,False
128038,False
128039,False
128040,True
128041,True
128042,False
128043,True
128044,False
128045,False
128046,False
128047,False
128048,False
128049,False
128050,True
128051,True
128052,False
128053,False
128054,True
128055,False
128056,True
128057,True
128058,True
128059,False
128060,False
128061,False
128062,False
128063,False
128064,True
128065,False
128066,False
128067,True
128068,False
128069,False
128070,False
128071,False
128072,False
128073,False
128074,False
128075,False
128076,False
128077,True
128078,False
128079,False
128080,True
128081,False
128082,False
128083,False
128084,False
128085,True
128086,True
128087,True
128088,True
128089,False
128090,True
128091,True
128092,True
128093,False
128094,False
128095,False
128096,False
128097,False
128098,False
128099,False
128100,False
128101,False
128102,True
128103,True
128104,False
128105,False
128106,False
128107,True
128108,False
128109,False
128110,True
128111,False
128112,False
128113,False
128114,False
128115,False
128116,True
128117,False
128118,False
128119,False
128120,False
128121,True
128122,True
128123,True
128124,True
128125,True
128126,True
128127,False
128128,False
128129,False
128130,False
128131,True
128132,True
128133,False
128134,False
128135,False
128136,True
128137,True
128138,False
128139,False
128140,False
128141,True
128142,True
128143,True
128144,False
128145,True
128146,False
128147,False
128148,False
128149,False
128150,True
128151,False
128152,False
128153,False
128154,False
128155,True
128156,False
128157,True
128158,True
128159,True
128160,True
128161,False
128162,False
128163,False
128164,True
128165,False
128166,True
128167,False
128168,False
128169,True
128170,True
128171,False
128172,True
128173,False
128174,False
128175,False
128176,False
128177,False
128178,True
128179,False
128180,False
128181,False
128182,False
128183,False
128184,True
128185,True
128186,False
128187,False
128188,True
128189,False
128190,False
128191,False
128192,False
128193,False
128194,False
128195,False
128196,False
128197,True
128198,False
128199,True
128200,True
128201,True
128202,False
128203,False
128204,True
128205,False
128206,False
128207,False
128208,True
128209,True
128210,False
128211,False
128212,False
128213,False
128214,False
128215,False
128216,False
128217,False
128218,False
128219,True
128220,False
128221,False
128222,False
128223,True
128224,False
128225,False
128226,True
128227,False
128228,False
128229,False
128230,False
128231,True
128232,False
128233,False
128234,False
128235,False
128236,True
128237,False
128238,False
128239,True
128240,False
128241,False
128242,False
128243,False
128244,False
128245,True
128246,False
128247,False
128248,False
128249,False
128250,False
128251,False
128252,True
128253,False
128254,False
128255,True
128256,False
128257,True
128258,False
128259,False
128260,False
128261,True
128262,False
128263,False
128264,False
128265,False
128266,False
128267,False
128268,False
128269,True
128270,True
128271,False
128272,False
128273,False
128274,False
128275,False
128276,False
128277,True
128278,False
128279,True
128280,False
128281,False
128282,True
128283,True
128284,False
128285,False
128286,False
128287,False
128288,False
128289,True
128290,True
128291,False
128292,False
128293,True
128294,False
128295,False
128296,False
128297,False
128298,False
128299,False
128300,True
128301,True
128302,True
128303,True
128304,False
128305,False
128306,False
128307,False
128308,False
128309,False
128310,False
128311,False
128312,False
128313,False
128314,True
128315,False
128316,False
128317,False
128318,False
128319,False
128320,False
128321,True
128322,False
128323,False
128324,False
128325,False
128326,False
128327,True
128328,True
128329,True
128330,True
128331,False
128332,True
128333,True
128334,False
128335,False
128336,False
128337,False
128338,False
128339,True
128340,False
128341,True
128342,True
128343,True
128344,True
128345,True
128346,False
128347,True
128348,False
128349,False
128350,False
128351,False
128352,False
128353,False
128354,False
128355,True
128356,False
128357,True
128358,False
128359,False
128360,True
128361,False
128362,False
128363,False
128364,False
128365,False
128366,False
128367,False
128368,False
128369,False
128370,False
128371,False
128372,False
128373,False
128374,False
128375,False
128376,True
128377,True
128378,False
128379,False
128380,False
128381,False
128382,True
128383,True
128384,False
128385,True
128386,True
128387,False
128388,True
128389,True
128390,False
128391,False
128392,False
128393,False
128394,True
128395,False
128396,False
128397,True
128398,True
128399,True
128400,False
128401,False
128402,False
128403,False
128404,False
128405,False
128406,True
128407,True
128408,False
128409,True
128410,True
128411,True
128412,False
128413,True
128414,False
128415,False
128416,False
128417,False
128418,False
128419,True
128420,False
128421,False
128422,False
128423,False
128424,True
128425,False
128426,False
128427,False
128428,False
128429,False
128430,True
128431,False
128432,True
128433,False
128434,False
128435,False
128436,False
128437,False
128438,False
128439,False
128440,False
128441,False
128442,False
128443,False
128444,True
128445,False
128446,False
128447,True
128448,True
128449,False
128450,False
128451,True
128452,True
128453,True
128454,False
128455,False
128456,False
128457,True
128458,False
128459,True
128460,False
128461,True
128462,False
128463,True
128464,False
128465,False
128466,True
128467,False
128468,False
128469,False
128470,True
128471,False
128472,False
128473,True
128474,False
128475,False
128476,True
128477,False
128478,True
128479,False
128480,False
128481,False
128482,False
128483,True
128484,True
128485,True
128486,False
128487,False
128488,False
128489,False
128490,True
128491,True
128492,False
128493,False
128494,False
128495,True
128496,False
128497,False
128498,False
128499,False
128500,True
128501,False
128502,False
128503,True
128504,True
128505,True
128506,False
128507,False
128508,True
128509,True
128510,False
128511,False
128512,False
128513,True
128514,False
128515,False
128516,False
128517,False
128518,False
128519,False
128520,True
128521,False
128522,False
128523,False
128524,True
128525,False
128526,False
128527,False
128528,True
128529,False
128530,False
128531,False
128532,True
128533,True
128534,False
128535,True
128536,False
128537,False
128538,True
128539,False
128540,False
128541,False
128542,True
128543,True
128544,True
128545,False
128546,False
128547,False
128548,False
128549,True
128550,True
128551,True
128552,True
128553,False
128554,True
128555,False
128556,True
128557,False
128558,True
128559,False
128560,True
128561,False
128562,False
128563,False
128564,False
128565,False
128566,False
128567,False
128568,False
128569,False
128570,False
128571,False
128572,True
128573,False
128574,False
128575,False
128576,False
128577,False
128578,True
128579,True
128580,False
128581,False
128582,False
128583,False
128584,False
128585,False
128586,False
128587,True
128588,False
128589,False
128590,True
128591,False
128592,False
128593,False
128594,False
128595,True
128596,False
128597,False
128598,False
128599,True
128600,False
128601,False
128602,True
128603,False
128604,False
128605,True
128606,True
128607,False
128608,False
128609,True
128610,False
128611,False
128612,False
128613,False
128614,True
128615,False
128616,True
128617,False
128618,True
128619,True
128620,False
128621,True
128622,True
128623,False
128624,False
128625,True
128626,True
128627,False
128628,True
128629,True
128630,False
128631,False
128632,False
128633,False
128634,True
128635,False
128636,True
128637,False
128638,False
128639,False
128640,False
128641,False
128642,False
128643,True
128644,True
128645,True
128646,True
128647,False
128648,False
128649,False
128650,False
128651,False
128652,False
128653,False
128654,False
128655,False
128656,False
128657,False
128658,True
128659,False
128660,False
128661,False
128662,False
128663,True
128664,False
128665,False
128666,True
128667,False
128668,False
128669,False
128670,False
128671,True
128672,False
128673,True
128674,False
128675,True
128676,False
128677,False
128678,False
128679,True
128680,False
128681,True
128682,False
128683,True
128684,False
128685,True
128686,True
128687,True
128688,False
128689,False
128690,False
128691,True
128692,False
128693,False
128694,False
128695,False
128696,False
128697,False
128698,False
128699,True
128700,False
128701,False
128702,False
128703,True
128704,False
128705,False
128706,True
128707,False
128708,False
128709,True
128710,True
128711,False
128712,False
128713,False
128714,True
128715,False
128716,False
128717,False
128718,False
128719,False
128720,False
128721,False
128722,False
128723,False
128724,True
128725,True
128726,False
128727,False
128728,True
128729,True
128730,False
128731,True
128732,False
128733,False
128734,True
128735,False
128736,True
128737,False
128738,False
128739,False
128740,False
128741,False
128742,False
128743,False
128744,False
128745,False
128746,False
128747,False
128748,False
128749,False
128750,False
128751,False
128752,True
128753,False
128754,True
128755,False
128756,True
128757,True
128758,False
128759,False
128760,False
128761,False
128762,False
128763,False
128764,False
128765,True
128766,False
128767,False
128768,False
128769,True
128770,False
128771,False
128772,False
128773,True
128774,False
128775,False
128776,False
128777,False
128778,False
128779,False
128780,False
128781,False
128782,False
128783,True
128784,True
128785,True
128786,False
128787,False
128788,False
128789,False
128790,False
128791,False
128792,False
128793,False
128794,False
128795,True
128796,False
128797,False
128798,False
128799,True
128800,False
128801,True
128802,False
128803,False
128804,False
128805,True
128806,False
128807,True
128808,True
128809,False
128810,False
128811,False
128812,False
128813,False
128814,False
128815,True
128816,True
128817,False
128818,False
128819,True
128820,True
128821,False
128822,False
128823,False
128824,True
128825,False
128826,True
128827,True
128828,False
128829,True
128830,False
128831,True
128832,False
128833,False
128834,True
128835,False
128836,False
128837,False
128838,False
128839,True
128840,False
128841,False
128842,True
128843,True
128844,True
128845,False
128846,True
128847,False
128848,False
128849,True
128850,False
128851,False
128852,True
128853,True
128854,True
128855,False
128856,True
128857,False
128858,False
128859,False
128860,False
128861,False
128862,True
128863,True
128864,True
128865,False
128866,True
128867,False
128868,True
128869,False
128870,False
128871,True
128872,True
128873,False
128874,True
128875,False
128876,False
128877,True
128878,False
128879,False
128880,False
128881,False
128882,True
128883,False
128884,False
128885,True
128886,False
128887,False
128888,False
128889,True
128890,False
128891,True
128892,False
128893,False
128894,False
128895,True
128896,False
128897,False
128898,False
128899,True
128900,False
128901,True
128902,True
128903,True
128904,True
128905,False
128906,False
128907,False
128908,False
128909,False
128910,True
128911,True
128912,False
128913,True
128914,True
128915,False
128916,False
128917,True
128918,False
128919,False
128920,True
128921,False
128922,True
128923,False
128924,True
128925,False
128926,False
128927,True
128928,False
128929,False
128930,False
128931,True
128932,True
128933,False
128934,False
128935,True
128936,False
128937,True
128938,False
128939,False
128940,True
128941,True
128942,True
128943,False
128944,True
128945,False
128946,True
128947,False
128948,True
128949,True
128950,True
128951,True
128952,False
128953,True
128954,False
128955,False
128956,False
128957,True
128958,True
128959,True
128960,True
128961,True
128962,True
128963,True
128964,False
128965,False
128966,True
128967,True
128968,False
128969,False
128970,False
128971,True
128972,True
128973,False
128974,False
128975,False
128976,True
128977,False
128978,False
128979,True
128980,False
128981,False
128982,True
128983,True
128984,False
128985,False
128986,True
128987,False
128988,False
128989,False
128990,False
128991,False
128992,False
128993,False
128994,False
128995,False
128996,True
128997,False
128998,True
128999,False
129000,False
129001,True
129002,True
129003,False
129004,True
129005,False
129006,False
129007,True
129008,True
129009,False
129010,True
129011,True
129012,True
129013,False
129014,False
129015,False
129016,False
129017,True
129018,False
129019,False
129020,True
129021,True
129022,False
129023,True
129024,False
129025,True
129026,False
129027,False
129028,True
129029,True
129030,False
129031,False
129032,False
129033,False
129034,False
129035,True
129036,False
129037,True
129038,True
129039,False
129040,False
129041,False
129042,False
129043,False
129044,True
129045,False
129046,False
129047,False
129048,True
129049,False
129050,True
129051,False
129052,False
129053,False
129054,False
129055,True
129056,False
129057,True
129058,False
129059,False
129060,True
129061,False
129062,False
129063,False
129064,False
129065,True
129066,False
129067,False
129068,False
129069,False
129070,True
129071,False
129072,False
129073,False
129074,True
129075,False
129076,True
129077,False
129078,False
129079,False
129080,False
129081,False
129082,True
129083,False
129084,False
129085,False
129086,False
129087,False
129088,True
129089,False
129090,True
129091,False
129092,False
129093,False
129094,False
129095,False
129096,False
129097,False
129098,False
129099,False
129100,True
129101,False
129102,False
129103,True
129104,False
129105,False
129106,False
129107,False
129108,False
129109,False
129110,False
129111,False
129112,False
129113,False
129114,False
129115,False
129116,True
129117,False
129118,True
129119,True
129120,False
129121,False
129122,False
129123,True
129124,False
129125,False
129126,True
129127,False
129128,False
129129,True
129130,False
129131,False
129132,False
129133,False
129134,True
129135,False
129136,False
129137,True
129138,False
129139,True
129140,False
129141,True
129142,True
129143,False
129144,True
129145,False
129146,False
129147,False
129148,True
129149,False
129150,False
129151,True
129152,False
129153,False
129154,False
129155,True
129156,False
129157,False
129158,False
129159,True
129160,False
129161,False
129162,False
129163,True
129164,True
129165,False
129166,False
129167,False
129168,True
129169,False
129170,True
129171,False
129172,False
129173,False
129174,False
129175,False
129176,True
129177,True
129178,False
129179,False
129180,False
129181,True
129182,True
129183,True
129184,False
129185,False
129186,False
129187,False
129188,False
129189,False
129190,False
129191,True
129192,False
129193,False
129194,False
129195,False
129196,True
129197,False
129198,True
129199,False
129200,False
129201,False
129202,True
129203,False
129204,True
129205,False
129206,False
129207,True
129208,False
129209,True
129210,False
129211,False
129212,False
129213,False
129214,False
129215,False
129216,False
129217,False
129218,False
129219,False
129220,True
129221,False
129222,True
129223,False
129224,True
129225,True
129226,False
129227,False
129228,True
129229,False
129230,False
129231,True
129232,False
129233,True
129234,False
129235,True
129236,True
129237,False
129238,False
129239,False
129240,False
129241,True
129242,False
129243,True
129244,False
129245,False
129246,False
129247,True
129248,False
129249,True
129250,False
129251,False
129252,False
129253,False
129254,True
129255,False
129256,True
129257,False
129258,False
129259,False
129260,False
129261,True
129262,True
129263,False
129264,True
129265,True
129266,False
129267,False
129268,False
129269,False
129270,True
129271,True
129272,False
129273,False
129274,False
129275,False
129276,True
129277,True
129278,False
129279,True
129280,False
129281,True
129282,False
129283,False
129284,False
129285,False
129286,False
129287,True
129288,False
129289,False
129290,False
129291,True
129292,False
129293,False
129294,False
129295,False
129296,False
129297,True
129298,False
129299,True
129300,True
129301,True
129302,False
129303,False
129304,True
129305,False
129306,False
129307,False
129308,False
129309,False
129310,False
129311,False
129312,True
129313,False
129314,False
129315,False
129316,False
129317,False
129318,False
129319,True
129320,False
129321,False
129322,False
129323,True
129324,True
129325,True
129326,False
129327,False
129328,True
129329,True
129330,True
129331,True
129332,True
129333,False
129334,False
129335,False
129336,False
129337,False
129338,False
129339,True
129340,True
129341,False
129342,False
129343,False
129344,True
129345,False
129346,True
129347,True
129348,False
129349,False
129350,False
129351,True
129352,True
129353,False
129354,False
129355,True
129356,True
129357,False
129358,True
129359,True
129360,False
129361,True
129362,False
129363,False
129364,False
129365,True
129366,True
129367,False
129368,False
129369,True
129370,False
129371,True
129372,True
129373,False
129374,False
129375,False
129376,False
129377,True
129378,False
129379,True
129380,True
129381,True
129382,True
129383,False
129384,False
129385,True
129386,True
129387,True
129388,True
129389,False
129390,True
129391,False
129392,False
129393,False
129394,False
129395,False
129396,False
129397,False
129398,False
129399,False
129400,False
129401,True
129402,False
129403,False
129404,False
129405,True
129406,False
129407,True
129408,False
129409,False
129410,True
129411,False
129412,False
129413,False
129414,False
129415,True
129416,False
129417,False
129418,False
129419,False
129420,True
129421,True
129422,False
129423,True
129424,False
129425,False
129426,True
129427,False
129428,False
129429,True
129430,False
129431,False
129432,True
129433,True
129434,True
129435,True
129436,True
129437,False
129438,True
129439,False
129440,True
129441,False
129442,False
129443,True
129444,False
129445,False
129446,True
129447,False
129448,False
129449,False
129450,True
129451,False
129452,True
129453,False
129454,False
129455,False
129456,True
129457,True
129458,False
129459,False
129460,False
129461,False
129462,False
129463,True
129464,False
129465,False
129466,True
129467,True
129468,False
129469,False
129470,False
129471,False
129472,True
129473,False
129474,False
129475,False
129476,False
129477,False
129478,True
129479,True
129480,True
129481,False
129482,False
129483,False
129484,True
129485,False
129486,False
129487,False
129488,True
129489,True
129490,False
129491,True
129492,False
129493,False
129494,False
129495,False
129496,False
129497,False
129498,False
129499,True
129500,False
129501,False
129502,False
129503,False
129504,False
129505,True
129506,True
129507,False
129508,True
129509,False
129510,True
129511,False
129512,False
129513,True
129514,True
129515,False
129516,False
129517,True
129518,False
129519,True
129520,False
129521,False
129522,False
129523,False
129524,False
129525,False
129526,False
129527,False
129528,False
129529,True
129530,False
129531,False
129532,False
129533,False
129534,False
129535,False
129536,True
129537,False
129538,False
129539,True
129540,False
129541,False
129542,False
129543,False
129544,False
129545,False
129546,True
129547,False
129548,False
129549,True
129550,False
129551,False
129552,True
129553,False
129554,True
129555,False
129556,False
129557,True
129558,True
129559,False
129560,True
129561,False
129562,True
129563,False
129564,True
129565,True
129566,False
129567,True
129568,False
129569,False
129570,True
129571,False
129572,True
129573,True
129574,False
129575,True
129576,True
129577,True
129578,False
129579,False
129580,True
129581,True
129582,False
129583,True
129584,True
129585,True
129586,False
129587,True
129588,False
129589,False
129590,True
129591,True
129592,True
129593,False
129594,True
129595,True
129596,False
129597,True
129598,True
129599,False
129600,False
129601,False
129602,False
129603,False
129604,True
129605,False
129606,True
129607,False
129608,True
129609,False
129610,False
129611,False
129612,True
129613,True
129614,True
129615,False
129616,True
129617,False
129618,True
129619,True
129620,False
129621,False
129622,False
129623,False
129624,True
129625,False
129626,True
129627,False
129628,False
129629,False
129630,False
129631,False
129632,False
129633,False
129634,False
129635,False
129636,False
129637,True
129638,False
129639,False
129640,True
129641,False
129642,False
129643,False
129644,False
129645,False
129646,False
129647,False
129648,False
129649,False
129650,False
129651,True
129652,False
129653,True
129654,False
129655,True
129656,False
129657,False
129658,True
129659,False
129660,True
129661,False
129662,False
129663,False
129664,True
129665,True
129666,False
129667,True
129668,False
129669,False
129670,False
129671,True
129672,False
129673,False
129674,False
129675,False
129676,False
129677,False
129678,False
129679,False
129680,True
129681,False
129682,True
129683,True
129684,False
129685,False
129686,False
129687,False
129688,False
129689,True
129690,False
129691,False
129692,False
129693,False
129694,False
129695,False
129696,False
129697,False
129698,False
129699,True
129700,True
129701,False
129702,False
129703,True
129704,False
129705,False
129706,False
129707,False
129708,False
129709,False
129710,True
129711,False
129712,True
129713,True
129714,True
129715,True
129716,False
129717,True
129718,False
129719,True
129720,True
129721,True
129722,True
129723,True
129724,True
129725,True
129726,False
129727,True
129728,False
129729,False
129730,False
129731,False
129732,True
129733,True
129734,False
129735,True
129736,False
129737,False
129738,True
129739,False
129740,True
129741,True
129742,False
129743,False
129744,False
129745,True
129746,False
129747,False
129748,False
129749,True
129750,True
129751,False
129752,False
129753,False
129754,False
129755,False
129756,False
129757,True
129758,True
129759,False
129760,True
129761,False
129762,False
129763,True
129764,False
129765,False
129766,False
129767,False
129768,True
129769,True
129770,True
129771,True
129772,True
129773,True
129774,False
129775,False
129776,False
129777,False
129778,True
129779,True
129780,False
129781,False
129782,False
129783,True
129784,True
129785,False
129786,True
129787,False
129788,True
129789,True
129790,False
129791,False
129792,False
129793,False
129794,True
129795,False
129796,False
129797,False
129798,True
129799,False
129800,False
129801,True
129802,False
129803,False
129804,False
129805,False
129806,False
129807,False
129808,True
129809,True
129810,False
129811,False
129812,True
129813,False
129814,False
129815,True
129816,False
129817,True
129818,True
129819,False
129820,False
129821,False
129822,False
129823,False
129824,False
129825,True
129826,False
129827,False
129828,True
129829,True
129830,True
129831,True
129832,False
129833,False
129834,True
129835,True
129836,False
129837,False
129838,False
129839,True
129840,False
129841,False
129842,False
129843,True
129844,True
129845,False
129846,True
129847,False
129848,True
129849,True
129850,True
129851,False
129852,True
129853,False
129854,False
129855,False
129856,False
129857,False
129858,True
129859,False
129860,True
129861,True
129862,True
129863,False
129864,False
129865,False
129866,True
129867,False
129868,True
129869,True
129870,False
129871,False
129872,False
129873,False
129874,False
129875,True
129876,False
129877,True
129878,False
129879,False
129880,True
129881,False
129882,False
129883,False
129884,False
129885,False
129886,False
129887,False
129888,True
129889,False
129890,True
129891,False
129892,False
129893,True
129894,True
129895,False
129896,False
129897,True
129898,True
129899,False
129900,True
129901,False
129902,True
129903,False
129904,False
129905,False
129906,True
129907,False
129908,True
129909,False
129910,False
129911,False
129912,False
129913,False
129914,False
129915,False
129916,True
129917,False
129918,True
129919,False
129920,True
129921,True
129922,True
129923,False
129924,True
129925,False
129926,True
129927,True
129928,True
129929,False
129930,True
129931,True
129932,True
129933,False
129934,True
129935,False
129936,False
129937,False
129938,False
129939,False
129940,False
129941,True
129942,True
129943,False
129944,False
129945,True
129946,True
129947,False
129948,True
129949,False
129950,False
129951,False
129952,True
129953,True
129954,False
129955,False
129956,False
129957,False
129958,True
129959,False
129960,False
129961,False
129962,False
129963,True
129964,True
129965,True
129966,False
129967,False
129968,False
129969,False
129970,False
129971,False
129972,True
129973,True
129974,True
129975,False
129976,False
129977,False
129978,False
129979,True
129980,False
129981,False
129982,False
129983,True
129984,True
129985,False
129986,True
129987,False
129988,True
129989,True
129990,False
129991,True
129992,False
129993,False
129994,True
129995,True
129996,False
129997,False
129998,False
129999,False
130000,False
130001,False
130002,False
130003,True
130004,False
130005,True
130006,False
130007,True
130008,False
130009,False
130010,False
130011,False
130012,False
130013,False
130014,False
130015,False
130016,False
130017,True
130018,False
130019,False
130020,False
130021,True
130022,False
130023,True
130024,False
130025,False
130026,False
130027,False
130028,False
130029,True
130030,False
130031,True
130032,False
130033,False
130034,False
130035,False
130036,True
130037,False
130038,False
130039,False
130040,True
130041,True
130042,False
130043,True
130044,True
130045,False
130046,False
130047,False
130048,False
130049,False
130050,False
130051,False
130052,False
130053,False
130054,True
130055,False
130056,True
130057,True
130058,False
130059,False
130060,False
130061,False
130062,False
130063,True
130064,False
130065,False
130066,False
130067,True
130068,False
130069,False
130070,True
130071,False
130072,True
130073,True
130074,True
130075,True
130076,True
130077,False
130078,False
130079,False
130080,True
130081,False
130082,False
130083,False
130084,False
130085,True
130086,False
130087,False
130088,False
130089,False
130090,True
130091,False
130092,False
130093,False
130094,True
130095,False
130096,True
130097,True
130098,False
130099,False
130100,False
130101,True
130102,False
130103,False
130104,False
130105,False
130106,False
130107,True
130108,False
130109,False
130110,True
130111,False
130112,False
130113,False
130114,False
130115,False
130116,False
130117,True
130118,True
130119,True
130120,True
130121,False
130122,False
130123,False
130124,False
130125,True
130126,False
130127,False
130128,False
130129,False
130130,True
130131,False
130132,True
130133,False
130134,True
130135,True
130136,False
130137,True
130138,False
130139,True
130140,True
130141,False
130142,False
130143,True
130144,False
130145,False
130146,True
130147,True
130148,False
130149,False
130150,False
130151,False
130152,False
130153,True
130154,True
130155,False
130156,False
130157,False
130158,True
130159,False
130160,False
130161,False
130162,False
130163,False
130164,False
130165,False
130166,False
130167,False
130168,True
130169,True
130170,False
130171,True
130172,False
130173,False
130174,False
130175,False
130176,True
130177,False
130178,True
130179,False
130180,True
130181,True
130182,False
130183,False
130184,False
130185,False
130186,True
130187,False
130188,True
130189,False
130190,False
130191,True
130192,False
130193,False
130194,True
130195,True
130196,True
130197,True
130198,False
130199,False
130200,False
130201,True
130202,True
130203,False
130204,False
130205,True
130206,False
130207,False
130208,True
130209,False
130210,True
130211,True
130212,False
130213,True
130214,False
130215,True
130216,False
130217,False
130218,False
130219,False
130220,False
130221,True
130222,False
130223,False
130224,False
130225,True
130226,False
130227,False
130228,False
130229,False
130230,True
130231,False
130232,False
130233,False
130234,True
130235,False
130236,False
130237,True
130238,False
130239,False
130240,False
130241,False
130242,False
130243,True
130244,False
130245,False
130246,True
130247,True
130248,False
130249,False
130250,False
130251,True
130252,False
130253,False
130254,False
130255,True
130256,False
130257,False
130258,False
130259,False
130260,False
130261,False
130262,True
130263,True
130264,False
130265,False
130266,False
130267,False
130268,True
130269,False
130270,False
130271,False
130272,False
130273,False
130274,False
130275,False
130276,False
130277,True
130278,True
130279,False
130280,False
130281,True
130282,True
130283,False
130284,False
130285,False
130286,True
130287,False
130288,True
130289,True
130290,False
130291,True
130292,False
130293,True
130294,False
130295,True
130296,True
130297,False
130298,False
130299,False
130300,True
130301,False
130302,False
130303,True
130304,False
130305,False
130306,False
130307,True
130308,False
130309,False
130310,False
130311,False
130312,True
130313,False
130314,True
130315,False
130316,False
130317,False
130318,True
130319,False
130320,False
130321,False
130322,False
130323,True
130324,True
130325,False
130326,False
130327,False
130328,False
130329,False
130330,True
130331,False
130332,False
130333,False
130334,False
130335,True
130336,False
130337,True
130338,False
130339,False
130340,False
130341,True
130342,False
130343,False
130344,False
130345,False
130346,False
130347,True
130348,True
130349,True
130350,True
130351,True
130352,True
130353,False
130354,True
130355,False
130356,True
130357,True
130358,False
130359,False
130360,False
130361,True
130362,False
130363,False
130364,False
130365,False
130366,False
130367,True
130368,True
130369,True
130370,True
130371,True
130372,False
130373,False
130374,False
130375,False
130376,False
130377,False
130378,False
130379,False
130380,True
130381,False
130382,False
130383,True
130384,True
130385,False
130386,False
130387,True
130388,True
130389,True
130390,True
130391,False
130392,False
130393,True
130394,True
130395,True
130396,True
130397,True
130398,True
130399,False
130400,False
130401,True
130402,True
130403,True
130404,False
130405,True
130406,False
130407,False
130408,True
130409,True
130410,False
130411,False
130412,True
130413,False
130414,False
130415,False
130416,False
130417,True
130418,True
130419,False
130420,True
130421,False
130422,False
130423,False
130424,True
130425,True
130426,True
130427,True
130428,True
130429,False
130430,False
130431,False
130432,True
130433,False
130434,True
130435,False
130436,True
130437,False
130438,True
130439,False
130440,False
130441,True
130442,False
130443,False
130444,False
130445,False
130446,False
130447,True
130448,False
130449,True
130450,False
130451,True
130452,False
130453,False
130454,False
130455,False
130456,False
130457,False
130458,False
130459,False
130460,False
130461,False
130462,False
130463,True
130464,False
130465,False
130466,True
130467,True
130468,False
130469,True
130470,False
130471,False
130472,False
130473,False
130474,False
130475,False
130476,True
130477,False
130478,False
130479,True
130480,False
130481,False
130482,False
130483,False
130484,False
130485,True
130486,False
130487,False
130488,True
130489,False
130490,True
130491,False
130492,True
130493,False
130494,True
130495,False
130496,False
130497,False
130498,True
130499,False
130500,True
130501,True
130502,False
130503,True
130504,True
130505,False
130506,True
130507,False
130508,False
130509,True
130510,False
130511,False
130512,False
130513,False
130514,False
130515,True
130516,False
130517,False
130518,False
130519,False
130520,False
130521,True
130522,False
130523,True
130524,False
130525,False
130526,True
130527,False
130528,False
130529,False
130530,True
130531,False
130532,True
130533,False
130534,True
130535,False
130536,False
130537,True
130538,True
130539,True
130540,False
130541,False
130542,True
130543,False
130544,False
130545,True
130546,False
130547,True
130548,True
130549,False
130550,True
130551,True
130552,False
130553,False
130554,False
130555,False
130556,False
130557,False
130558,True
130559,True
130560,False
130561,True
130562,False
130563,False
130564,True
130565,True
130566,False
130567,True
130568,False
130569,True
130570,False
130571,False
130572,True
130573,False
130574,False
130575,False
130576,True
130577,False
130578,True
130579,True
130580,True
130581,False
130582,False
130583,True
130584,False
130585,False
130586,True
130587,True
130588,True
130589,True
130590,True
130591,False
130592,False
130593,False
130594,False
130595,False
130596,False
130597,True
130598,True
130599,False
130600,False
130601,False
130602,True
130603,False
130604,False
130605,False
130606,False
130607,False
130608,False
130609,False
130610,True
130611,True
130612,False
130613,True
130614,False
130615,True
130616,True
130617,True
130618,False
130619,False
130620,False
130621,False
130622,True
130623,False
130624,False
130625,False
130626,False
130627,True
130628,False
130629,True
130630,False
130631,False
130632,False
130633,False
130634,False
130635,True
130636,True
130637,False
130638,False
130639,False
130640,False
130641,False
130642,False
130643,False
130644,False
130645,False
130646,True
130647,True
130648,False
130649,False
130650,False
130651,False
130652,False
130653,True
130654,True
130655,True
130656,True
130657,True
130658,False
130659,False
130660,False
130661,False
130662,False
130663,False
130664,False
130665,False
130666,False
130667,False
130668,False
130669,False
130670,False
130671,True
130672,False
130673,False
130674,True
130675,False
130676,False
130677,False
130678,True
130679,False
130680,False
130681,False
130682,False
130683,False
130684,True
130685,False
130686,False
130687,True
130688,False
130689,False
130690,True
130691,False
130692,False
130693,False
130694,False
130695,False
130696,True
130697,False
130698,False
130699,False
130700,True
130701,True
130702,True
130703,False
130704,False
130705,False
130706,False
130707,False
130708,True
130709,True
130710,True
130711,True
130712,False
130713,True
130714,True
130715,True
130716,False
130717,False
130718,False
130719,False
130720,True
130721,False
130722,True
130723,False
130724,False
130725,False
130726,False
130727,True
130728,False
130729,False
130730,False
130731,True
130732,True
130733,False
130734,False
130735,False
130736,False
130737,False
130738,False
130739,True
130740,False
130741,False
130742,False
130743,True
130744,True
130745,True
130746,False
130747,True
130748,False
130749,False
130750,True
130751,False
130752,False
130753,True
130754,False
130755,False
130756,False
130757,False
130758,True
130759,True
130760,False
130761,False
130762,False
130763,True
130764,True
130765,False
130766,False
130767,False
130768,False
130769,False
130770,False
130771,False
130772,True
130773,True
130774,True
130775,True
130776,False
130777,False
130778,False
130779,False
130780,False
130781,False
130782,False
130783,False
130784,False
130785,True
130786,False
130787,False
130788,False
130789,False
130790,False
130791,True
130792,False
130793,True
130794,False
130795,False
130796,False
130797,False
130798,True
130799,False
130800,False
130801,False
130802,True
130803,False
130804,True
130805,True
130806,False
130807,False
130808,False
130809,True
130810,False
130811,False
130812,False
130813,False
130814,False
130815,False
130816,True
130817,True
130818,True
130819,False
130820,False
130821,True
130822,False
130823,False
130824,False
130825,False
130826,False
130827,False
130828,False
130829,False
130830,False
130831,False
130832,True
130833,True
130834,False
130835,False
130836,False
130837,False
130838,True
130839,False
130840,True
130841,False
130842,False
130843,False
130844,True
130845,True
130846,True
130847,False
130848,True
130849,False
130850,False
130851,False
130852,True
130853,True
130854,True
130855,False
130856,False
130857,True
130858,False
130859,True
130860,True
130861,True
130862,False
130863,True
130864,True
130865,True
130866,True
130867,True
130868,False
130869,False
130870,False
130871,False
130872,True
130873,False
130874,False
130875,False
130876,False
130877,True
130878,False
130879,True
130880,False
130881,False
130882,False
130883,False
130884,False
130885,True
130886,False
130887,False
130888,True
130889,False
130890,False
130891,False
130892,False
130893,False
130894,False
130895,True
130896,False
130897,False
130898,False
130899,False
130900,False
130901,False
130902,True
130903,True
130904,False
130905,False
130906,True
130907,False
130908,False
130909,True
130910,False
130911,False
130912,False
130913,False
130914,False
130915,False
130916,False
130917,False
130918,False
130919,False
130920,False
130921,False
130922,False
130923,True
130924,True
130925,True
130926,False
130927,True
130928,False
130929,False
130930,False
130931,False
130932,True
130933,False
130934,False
130935,False
130936,False
130937,True
130938,False
130939,False
130940,False
130941,False
130942,False
130943,False
130944,True
130945,True
130946,False
130947,False
130948,True
130949,True
130950,False
130951,False
130952,False
130953,False
130954,False
130955,False
130956,False
130957,False
130958,False
130959,False
130960,True
130961,True
130962,True
130963,False
130964,True
130965,False
130966,False
130967,True
130968,False
130969,False
130970,True
130971,True
130972,False
130973,True
130974,False
130975,False
130976,False
130977,True
130978,False
130979,True
130980,False
130981,False
130982,True
130983,False
130984,False
130985,False
130986,False
130987,False
130988,False
130989,False
130990,True
130991,False
130992,True
130993,False
130994,False
130995,True
130996,False
130997,True
130998,True
130999,True
131000,False
131001,False
131002,False
131003,False
131004,False
131005,False
131006,True
131007,True
131008,False
131009,True
131010,False
131011,True
131012,True
131013,False
131014,True
131015,False
131016,False
131017,False
131018,False
131019,False
131020,False
131021,True
131022,False
131023,False
131024,False
131025,True
131026,True
131027,False
131028,True
131029,False
131030,False
131031,False
131032,True
131033,True
131034,False
131035,True
131036,True
131037,True
131038,True
131039,True
131040,False
131041,True
131042,True
131043,False
131044,True
131045,True
131046,True
131047,False
131048,False
131049,False
131050,False
131051,True
131052,False
131053,True
131054,True
131055,False
131056,True
131057,True
131058,False
131059,True
131060,False
131061,True
131062,False
131063,True
131064,False
131065,True
131066,True
131067,True
131068,True
131069,False
131070,True
131071,True
131072,False
131073,False
131074,True
131075,True
131076,False
131077,True
131078,False
131079,False
131080,False
131081,False
131082,False
131083,True
131084,False
131085,False
131086,False
131087,True
131088,True
131089,True
131090,False
131091,False
131092,False
131093,True
131094,False
131095,False
131096,False
131097,False
131098,False
131099,True
131100,False
131101,False
131102,False
131103,True
131104,False
131105,False
131106,False
131107,False
131108,True
131109,False
131110,False
131111,True
131112,False
131113,True
131114,False
131115,True
131116,True
131117,True
131118,True
131119,False
131120,False
131121,False
131122,True
131123,True
131124,False
131125,False
131126,False
131127,False
131128,False
131129,True
131130,False
131131,True
131132,True
131133,False
131134,False
131135,True
131136,False
131137,True
131138,False
131139,True
131140,True
131141,False
131142,False
131143,True
131144,False
131145,False
131146,False
131147,False
131148,False
131149,False
131150,False
131151,True
131152,False
131153,True
131154,True
131155,False
131156,True
131157,True
131158,False
131159,True
131160,True
131161,True
131162,False
131163,False
131164,False
131165,False
131166,False
131167,False
131168,False
131169,True
131170,True
131171,False
131172,True
131173,True
131174,False
131175,True
131176,False
131177,True
131178,True
131179,False
131180,True
131181,False
131182,True
131183,False
131184,False
131185,False
131186,False
131187,False
131188,True
131189,False
131190,False
131191,True
131192,True
131193,False
131194,True
131195,False
131196,False
131197,False
131198,False
131199,True
131200,True
131201,False
131202,False
131203,False
131204,False
131205,True
131206,False
131207,False
131208,False
131209,False
131210,True
131211,False
131212,False
131213,False
131214,False
131215,True
131216,True
131217,True
131218,False
131219,True
131220,False
131221,False
131222,False
131223,False
131224,False
131225,False
131226,False
131227,False
131228,True
131229,False
131230,False
131231,False
131232,False
131233,False
131234,False
131235,True
131236,True
131237,False
131238,True
131239,True
131240,True
131241,False
131242,False
131243,True
131244,False
131245,False
131246,False
131247,True
131248,False
131249,True
131250,False
131251,True
131252,True
131253,False
131254,False
131255,False
131256,False
131257,True
131258,False
131259,True
131260,False
131261,True
131262,True
131263,True
131264,True
131265,True
131266,False
131267,False
131268,False
131269,False
131270,True
131271,False
131272,False
131273,False
131274,False
131275,False
131276,True
131277,False
131278,False
131279,False
131280,False
131281,False
131282,False
131283,True
131284,False
131285,True
131286,False
131287,False
131288,False
131289,True
131290,False
131291,False
131292,False
131293,False
131294,True
131295,True
131296,False
131297,False
131298,False
131299,False
131300,True
131301,False
131302,False
131303,True
131304,False
131305,False
131306,False
131307,True
131308,False
131309,False
131310,False
131311,False
131312,False
131313,False
131314,True
131315,False
131316,False
131317,True
131318,False
131319,True
131320,False
131321,False
131322,True
131323,False
131324,False
131325,False
131326,False
131327,False
131328,True
131329,False
131330,False
131331,False
131332,False
131333,False
131334,True
131335,False
131336,False
131337,True
131338,True
131339,True
131340,True
131341,False
131342,False
131343,False
131344,True
131345,True
131346,False
131347,False
131348,False
131349,False
131350,False
131351,True
131352,False
131353,True
131354,False
131355,False
131356,False
131357,True
131358,True
131359,False
131360,False
131361,True
131362,False
131363,False
131364,False
131365,False
131366,False
131367,False
131368,False
131369,True
131370,False
131371,True
131372,False
131373,False
131374,False
131375,True
131376,False
131377,False
131378,False
131379,False
131380,True
131381,False
131382,False
131383,False
131384,False
131385,False
131386,True
131387,False
131388,False
131389,True
131390,True
131391,False
131392,False
131393,False
131394,False
131395,False
131396,True
131397,False
131398,True
131399,True
131400,True
131401,True
131402,True
131403,True
131404,True
131405,False
131406,False
131407,False
131408,False
131409,False
131410,False
131411,False
131412,True
131413,False
131414,True
131415,True
131416,False
131417,False
131418,True
131419,False
131420,False
131421,False
131422,True
131423,False
131424,False
131425,False
131426,False
131427,False
131428,False
131429,True
131430,False
131431,False
131432,False
131433,False
131434,False
131435,False
131436,False
131437,False
131438,True
131439,False
131440,False
131441,False
131442,False
131443,False
131444,False
131445,False
131446,False
131447,False
131448,False
131449,True
131450,True
131451,False
131452,False
131453,False
131454,True
131455,False
131456,False
131457,False
131458,False
131459,False
131460,True
131461,False
131462,False
131463,False
131464,False
131465,False
131466,False
131467,False
131468,False
131469,False
131470,False
131471,False
131472,False
131473,False
131474,False
131475,False
131476,False
131477,True
131478,False
131479,True
131480,False
131481,False
131482,False
131483,False
131484,False
131485,True
131486,False
131487,False
131488,False
131489,False
131490,False
131491,False
131492,False
131493,False
131494,False
131495,True
131496,False
131497,False
131498,False
131499,True
131500,False
131501,False
131502,True
131503,False
131504,True
131505,False
131506,False
131507,False
131508,False
131509,False
131510,False
131511,True
131512,True
131513,False
131514,True
131515,False
131516,True
131517,False
131518,False
131519,False
131520,False
131521,True
131522,False
131523,True
131524,False
131525,False
131526,False
131527,False
131528,True
131529,False
131530,False
131531,False
131532,True
131533,True
131534,False
131535,False
131536,False
131537,False
131538,False
131539,True
131540,True
131541,True
131542,True
131543,False
131544,True
131545,False
131546,False
131547,True
131548,False
131549,True
131550,False
131551,True
131552,False
131553,True
131554,False
131555,False
131556,True
131557,False
131558,True
131559,True
131560,True
131561,False
131562,False
131563,True
131564,True
131565,False
131566,False
131567,False
131568,False
131569,False
131570,False
131571,True
131572,True
131573,False
131574,True
131575,False
131576,False
131577,True
131578,True
131579,False
131580,False
131581,False
131582,False
131583,False
131584,False
131585,False
131586,False
131587,True
131588,True
131589,True
131590,False
131591,False
131592,True
131593,False
131594,False
131595,False
131596,False
131597,False
131598,True
131599,False
131600,False
131601,False
131602,True
131603,True
131604,True
131605,False
131606,True
131607,False
131608,False
131609,True
131610,False
131611,False
131612,False
131613,False
131614,True
131615,False
131616,True
131617,False
131618,False
131619,False
131620,True
131621,True
131622,False
131623,False
131624,True
131625,False
131626,False
131627,False
131628,True
131629,True
131630,False
131631,False
131632,False
131633,True
131634,True
131635,False
131636,False
131637,False
131638,False
131639,False
131640,True
131641,False
131642,False
131643,False
131644,False
131645,True
131646,False
131647,False
131648,False
131649,False
131650,True
131651,True
131652,False
131653,True
131654,False
131655,False
131656,False
131657,True
131658,False
131659,True
131660,False
131661,False
131662,False
131663,False
131664,False
131665,False
131666,True
131667,False
131668,False
131669,False
131670,False
131671,True
131672,False
131673,True
131674,False
131675,True
131676,True
131677,True
131678,False
131679,True
131680,False
131681,False
131682,False
131683,True
131684,False
131685,False
131686,False
131687,False
131688,False
131689,False
131690,False
131691,False
131692,False
131693,False
131694,False
131695,False
131696,False
131697,False
131698,False
131699,False
131700,False
131701,False
131702,False
131703,False
131704,False
131705,False
131706,True
131707,False
131708,False
131709,False
131710,False
131711,False
131712,False
131713,False
131714,False
131715,False
131716,False
131717,False
131718,False
131719,False
131720,True
131721,False
131722,False
131723,True
131724,False
131725,False
131726,True
131727,False
131728,False
131729,False
131730,True
131731,False
131732,False
131733,False
131734,False
131735,False
131736,False
131737,False
131738,False
131739,False
131740,True
131741,True
131742,False
131743,True
131744,True
131745,True
131746,False
131747,False
131748,False
131749,False
131750,True
131751,True
131752,True
131753,False
131754,True
131755,True
131756,True
131757,False
131758,False
131759,False
131760,False
131761,True
131762,False
131763,False
131764,False
131765,False
131766,False
131767,False
131768,False
131769,False
131770,False
131771,False
131772,True
131773,False
131774,False
131775,True
131776,False
131777,False
131778,False
131779,False
131780,False
131781,False
131782,False
131783,False
131784,True
131785,False
131786,True
131787,True
131788,False
131789,False
131790,False
131791,True
131792,True
131793,False
131794,False
131795,False
131796,True
131797,False
131798,False
131799,False
131800,True
131801,False
131802,True
131803,False
131804,False
131805,False
131806,False
131807,False
131808,False
131809,True
131810,False
131811,True
131812,False
131813,True
131814,True
131815,True
131816,False
131817,False
131818,False
131819,False
131820,False
131821,False
131822,False
131823,False
131824,True
131825,False
131826,False
131827,False
131828,False
131829,False
131830,False
131831,False
131832,False
131833,False
131834,False
131835,False
131836,True
131837,False
131838,True
131839,True
131840,False
131841,True
131842,True
131843,False
131844,False
131845,False
131846,True
131847,True
131848,False
131849,False
131850,False
131851,False
131852,False
131853,False
131854,False
131855,False
131856,False
131857,False
131858,False
131859,False
131860,False
131861,False
131862,False
131863,False
131864,False
131865,False
131866,False
131867,False
131868,False
131869,True
131870,False
131871,True
131872,False
131873,True
131874,False
131875,False
131876,False
131877,False
131878,False
131879,False
131880,False
131881,False
131882,True
131883,False
131884,False
131885,True
131886,True
131887,True
131888,False
131889,True
131890,False
131891,False
131892,False
131893,False
131894,False
131895,False
131896,False
131897,False
131898,True
131899,False
131900,False
131901,True
131902,False
131903,True
131904,False
131905,True
131906,False
131907,False
131908,True
131909,False
131910,False
131911,True
131912,False
131913,True
131914,True
131915,True
131916,False
131917,False
131918,False
131919,False
131920,False
131921,False
131922,True
131923,True
131924,False
131925,False
131926,False
131927,False
131928,True
131929,True
131930,False
131931,True
131932,False
131933,False
131934,False
131935,False
131936,True
131937,True
131938,False
131939,False
131940,False
131941,True
131942,False
131943,False
131944,True
131945,True
131946,False
131947,False
131948,False
131949,True
131950,False
131951,True
131952,True
131953,False
131954,False
131955,True
131956,False
131957,False
131958,False
131959,True
131960,True
131961,False
131962,False
131963,False
131964,True
131965,True
131966,False
131967,True
131968,True
131969,True
131970,False
131971,False
131972,True
131973,False
131974,False
131975,True
131976,True
131977,False
131978,False
131979,False
131980,True
131981,False
131982,True
131983,False
131984,False
131985,True
131986,False
131987,True
131988,True
131989,True
131990,False
131991,False
131992,False
131993,False
131994,True
131995,False
131996,False
131997,True
131998,True
131999,False
132000,False
132001,False
132002,True
132003,True
132004,False
132005,True
132006,True
132007,False
132008,True
132009,True
132010,False
132011,True
132012,True
132013,False
132014,False
132015,True
132016,False
132017,True
132018,False
132019,True
132020,True
132021,False
132022,True
132023,False
132024,False
132025,False
132026,False
132027,True
132028,False
132029,False
132030,False
132031,True
132032,False
132033,False
132034,True
132035,False
132036,False
132037,False
132038,True
132039,True
132040,True
132041,False
132042,True
132043,False
132044,True
132045,True
132046,True
132047,False
132048,False
132049,False
132050,False
132051,True
132052,True
132053,False
132054,True
132055,False
132056,False
132057,False
132058,True
132059,False
132060,False
132061,False
132062,True
132063,True
132064,False
132065,True
132066,True
132067,True
132068,False
132069,True
132070,True
132071,False
132072,False
132073,False
132074,False
132075,True
132076,True
132077,True
132078,True
132079,True
132080,True
132081,False
132082,False
132083,False
132084,False
132085,True
132086,False
132087,False
132088,False
132089,False
132090,False
132091,True
132092,True
132093,True
132094,False
132095,False
132096,False
132097,False
132098,False
132099,False
132100,False
132101,False
132102,False
132103,False
132104,True
132105,False
132106,False
132107,False
132108,False
132109,True
132110,False
132111,False
132112,False
132113,False
132114,True
132115,False
132116,False
132117,False
132118,True
132119,True
132120,False
132121,False
132122,True
132123,False
132124,False
132125,True
132126,False
132127,False
132128,True
132129,False
132130,False
132131,True
132132,False
132133,False
132134,False
132135,False
132136,False
132137,False
132138,False
132139,False
132140,True
132141,False
132142,False
132143,False
132144,False
132145,False
132146,True
132147,False
132148,False
132149,True
132150,False
132151,False
132152,True
132153,False
132154,True
132155,True
132156,False
132157,True
132158,True
132159,False
132160,False
132161,False
132162,False
132163,False
132164,True
132165,True
132166,False
132167,True
132168,False
132169,True
132170,True
132171,True
132172,False
132173,True
132174,False
132175,True
132176,False
132177,False
132178,False
132179,False
132180,False
132181,True
132182,False
132183,False
132184,False
132185,False
132186,False
132187,False
132188,False
132189,True
132190,False
132191,False
132192,False
132193,False
132194,True
132195,True
132196,False
132197,True
132198,True
132199,False
132200,False
132201,False
132202,True
132203,True
132204,True
132205,False
132206,False
132207,False
132208,False
132209,False
132210,True
132211,True
132212,False
132213,False
132214,False
132215,False
132216,True
132217,False
132218,False
132219,True
132220,False
132221,False
132222,True
132223,False
132224,False
132225,True
132226,True
132227,True
132228,True
132229,False
132230,False
132231,True
132232,True
132233,False
132234,False
132235,True
132236,False
132237,False
132238,True
132239,False
132240,False
132241,True
132242,True
132243,False
132244,True
132245,True
132246,False
132247,False
132248,False
132249,False
132250,False
132251,False
132252,False
132253,False
132254,True
132255,False
132256,False
132257,False
132258,True
132259,False
132260,False
132261,False
132262,False
132263,True
132264,True
132265,False
132266,False
132267,False
132268,True
132269,False
132270,False
132271,True
132272,True
132273,False
132274,True
132275,False
132276,True
132277,False
132278,False
132279,False
132280,True
132281,False
132282,False
132283,False
132284,False
132285,False
132286,True
132287,False
132288,True
132289,True
132290,False
132291,True
132292,False
132293,False
132294,False
132295,True
132296,False
132297,False
132298,False
132299,False
132300,True
132301,False
132302,True
132303,True
132304,True
132305,False
132306,True
132307,False
132308,True
132309,False
132310,False
132311,True
132312,False
132313,False
132314,False
132315,False
132316,True
132317,False
132318,True
132319,True
132320,False
132321,True
132322,False
132323,False
132324,False
132325,True
132326,True
132327,False
132328,False
132329,False
132330,True
132331,False
132332,True
132333,False
132334,True
132335,True
132336,True
132337,True
132338,False
132339,False
132340,False
132341,False
132342,True
132343,True
132344,True
132345,False
132346,True
132347,False
132348,False
132349,False
132350,False
132351,False
132352,True
132353,True
132354,True
132355,False
132356,True
132357,False
132358,False
132359,False
132360,False
132361,True
132362,False
132363,False
132364,False
132365,False
132366,True
132367,False
132368,False
132369,False
132370,False
132371,False
132372,False
132373,True
132374,False
132375,False
132376,False
132377,False
132378,True
132379,False
132380,False
132381,False
132382,False
132383,False
132384,False
132385,False
132386,False
132387,False
132388,False
132389,False
132390,False
132391,True
132392,True
132393,True
132394,True
132395,False
132396,False
132397,False
132398,False
132399,False
132400,False
132401,False
132402,True
132403,True
132404,False
132405,True
132406,True
132407,False
132408,True
132409,False
132410,True
132411,True
132412,False
132413,False
132414,True
132415,False
132416,False
132417,True
132418,False
132419,True
132420,True
132421,False
132422,True
132423,False
132424,False
132425,True
132426,False
132427,False
132428,False
132429,False
132430,True
132431,True
132432,True
132433,True
132434,False
132435,False
132436,False
132437,False
132438,False
132439,False
132440,False
132441,False
132442,False
132443,False
132444,True
132445,False
132446,False
132447,True
132448,True
132449,False
132450,False
132451,False
132452,False
132453,False
132454,True
132455,True
132456,False
132457,False
132458,True
132459,False
132460,False
132461,True
132462,False
132463,True
132464,True
132465,True
132466,True
132467,False
132468,False
132469,False
132470,False
132471,False
132472,False
132473,True
132474,False
132475,True
132476,False
132477,False
132478,False
132479,True
132480,False
132481,False
132482,False
132483,False
132484,True
132485,True
132486,False
132487,False
132488,True
132489,False
132490,True
132491,False
132492,False
132493,True
132494,False
132495,True
132496,False
132497,False
132498,False
132499,False
132500,True
132501,False
132502,False
132503,True
132504,False
132505,False
132506,False
132507,False
132508,False
132509,False
132510,True
132511,False
132512,False
132513,False
132514,True
132515,True
132516,True
132517,True
132518,False
132519,False
132520,True
132521,False
132522,False
132523,False
132524,False
132525,False
132526,False
132527,True
132528,False
132529,False
132530,False
132531,False
132532,True
132533,True
132534,False
132535,False
132536,True
132537,False
132538,False
132539,False
132540,False
132541,False
132542,True
132543,True
132544,True
132545,False
132546,False
132547,True
132548,True
132549,True
132550,False
132551,True
132552,True
132553,True
132554,False
132555,False
132556,True
132557,True
132558,False
132559,True
132560,False
132561,False
132562,False
132563,False
132564,False
132565,False
132566,False
132567,True
132568,True
132569,False
132570,False
132571,True
132572,True
132573,False
132574,True
132575,False
132576,True
132577,False
132578,True
132579,True
132580,False
132581,False
132582,True
132583,True
132584,True
132585,False
132586,False
132587,True
132588,False
132589,True
132590,False
132591,False
132592,False
132593,False
132594,False
132595,False
132596,False
132597,False
132598,True
132599,False
132600,True
132601,False
132602,True
132603,False
132604,False
132605,True
132606,False
132607,True
132608,False
132609,False
132610,False
132611,True
132612,True
132613,False
132614,False
132615,True
132616,True
132617,False
132618,True
132619,True
132620,True
132621,True
132622,False
132623,True
132624,False
132625,True
132626,True
132627,False
132628,False
132629,False
132630,False
132631,True
132632,False
132633,False
132634,False
132635,True
132636,False
132637,False
132638,False
132639,True
132640,True
132641,False
132642,False
132643,False
132644,False
132645,False
132646,True
132647,True
132648,False
132649,False
132650,False
132651,False
132652,False
132653,True
132654,False
132655,False
132656,True
132657,True
132658,False
132659,False
132660,False
132661,True
132662,False
132663,True
132664,True
132665,False
132666,False
132667,False
132668,False
132669,True
132670,False
132671,True
132672,False
132673,True
132674,False
132675,False
132676,False
132677,False
132678,True
132679,True
132680,False
132681,False
132682,True
132683,True
132684,False
132685,False
132686,True
132687,False
132688,False
132689,True
132690,False
132691,False
132692,False
132693,False
132694,True
132695,False
132696,False
132697,True
132698,False
132699,False
132700,False
132701,False
132702,False
132703,True
132704,False
132705,False
132706,True
132707,False
132708,False
132709,True
132710,False
132711,False
132712,True
132713,True
132714,False
132715,True
132716,False
132717,False
132718,False
132719,True
132720,False
132721,False
132722,False
132723,False
132724,True
132725,False
132726,False
132727,False
132728,False
132729,False
132730,False
132731,True
132732,True
132733,False
132734,False
132735,False
132736,False
132737,False
132738,False
132739,False
132740,False
132741,False
132742,False
132743,True
132744,False
132745,True
132746,True
132747,False
132748,False
132749,False
132750,False
132751,True
132752,False
132753,False
132754,False
132755,False
132756,False
132757,True
132758,False
132759,False
132760,True
132761,False
132762,True
132763,False
132764,False
132765,False
132766,True
132767,False
132768,False
132769,False
132770,False
132771,False
132772,True
132773,False
132774,False
132775,False
132776,True
132777,False
132778,False
132779,True
132780,False
132781,False
132782,False
132783,False
132784,True
132785,True
132786,True
132787,True
132788,False
132789,True
132790,False
132791,False
132792,True
132793,False
132794,True
132795,False
132796,False
132797,True
132798,False
132799,False
132800,False
132801,False
132802,True
132803,False
132804,False
132805,True
132806,False
132807,False
132808,False
132809,True
132810,False
132811,False
132812,False
132813,False
132814,True
132815,True
132816,False
132817,False
132818,False
132819,False
132820,True
132821,True
132822,True
132823,False
132824,False
132825,False
132826,True
132827,False
132828,True
132829,False
132830,False
132831,True
132832,True
132833,True
132834,False
132835,False
132836,False
132837,False
132838,False
132839,False
132840,False
132841,False
132842,False
132843,False
132844,False
132845,False
132846,False
132847,False
132848,True
132849,False
132850,False
132851,False
132852,True
132853,False
132854,False
132855,False
132856,False
132857,False
132858,True
132859,False
132860,False
132861,False
132862,False
132863,False
132864,True
132865,True
132866,False
132867,False
132868,False
132869,True
132870,True
132871,False
132872,True
132873,False
132874,False
132875,False
132876,False
132877,True
132878,False
132879,False
132880,False
132881,False
132882,False
132883,False
132884,False
132885,True
132886,False
132887,False
132888,False
132889,True
132890,True
132891,False
132892,True
132893,False
132894,True
132895,True
132896,False
132897,False
132898,False
132899,True
132900,False
132901,True
132902,False
132903,False
132904,True
132905,True
132906,False
132907,False
132908,False
132909,False
132910,True
132911,True
132912,True
132913,False
132914,True
132915,False
132916,False
132917,False
132918,True
132919,False
132920,False
132921,True
132922,False
132923,False
132924,False
132925,False
132926,False
132927,False
132928,False
132929,True
132930,False
132931,False
132932,False
132933,True
132934,True
132935,False
132936,False
132937,False
132938,False
132939,False
132940,True
132941,False
132942,False
132943,False
132944,False
132945,True
132946,False
132947,True
132948,True
132949,False
132950,False
132951,True
132952,True
132953,False
132954,True
132955,False
132956,False
132957,False
132958,True
132959,False
132960,False
132961,False
132962,False
132963,False
132964,True
132965,False
132966,False
132967,True
132968,False
132969,False
132970,True
132971,True
132972,True
132973,False
132974,False
132975,True
132976,False
132977,True
132978,False
132979,False
132980,False
132981,False
132982,False
132983,False
132984,False
132985,True
132986,False
132987,False
132988,True
132989,True
132990,False
132991,False
132992,False
132993,True
132994,False
132995,False
132996,True
132997,True
132998,False
132999,True
133000,False
133001,True
133002,False
133003,False
133004,True
133005,False
133006,True
133007,True
133008,True
133009,False
133010,False
133011,True
133012,True
133013,True
133014,False
133015,True
133016,False
133017,False
133018,False
133019,False
133020,False
133021,False
133022,False
133023,False
133024,True
133025,True
133026,True
133027,False
133028,False
133029,False
133030,False
133031,True
133032,True
133033,True
133034,False
133035,False
133036,False
133037,False
133038,False
133039,False
133040,False
133041,True
133042,False
133043,True
133044,False
133045,False
133046,True
133047,False
133048,True
133049,True
133050,False
133051,False
133052,False
133053,False
133054,True
133055,False
133056,False
133057,False
133058,True
133059,True
133060,False
133061,False
133062,False
133063,False
133064,True
133065,True
133066,False
133067,False
133068,False
133069,True
133070,False
133071,True
133072,False
133073,True
133074,False
133075,False
133076,False
133077,False
133078,True
133079,False
133080,False
133081,False
133082,False
133083,False
133084,False
133085,True
133086,True
133087,False
133088,False
133089,False
133090,False
133091,True
133092,False
133093,True
133094,True
133095,False
133096,False
133097,False
133098,False
133099,True
133100,False
133101,False
133102,False
133103,False
133104,False
133105,False
133106,False
133107,False
133108,True
133109,False
133110,True
133111,False
133112,True
133113,False
133114,True
133115,False
133116,False
133117,False
133118,True
133119,False
133120,False
133121,False
133122,False
133123,False
133124,True
133125,False
133126,False
133127,True
133128,False
133129,False
133130,True
133131,True
133132,False
133133,False
133134,False
133135,False
133136,False
133137,True
133138,False
133139,False
133140,False
133141,False
133142,False
133143,True
133144,False
133145,True
133146,False
133147,False
133148,False
133149,False
133150,True
133151,False
133152,True
133153,False
133154,True
133155,False
133156,True
133157,False
133158,False
133159,True
133160,False
133161,True
133162,False
133163,True
133164,True
133165,False
133166,True
133167,False
133168,True
133169,True
133170,True
133171,True
133172,False
133173,False
133174,False
133175,False
133176,False
133177,True
133178,False
133179,True
133180,True
133181,False
133182,True
133183,False
133184,False
133185,False
133186,False
133187,False
133188,False
133189,False
133190,False
133191,False
133192,False
133193,False
133194,False
133195,True
133196,False
133197,True
133198,False
133199,True
133200,True
133201,False
133202,True
133203,False
133204,False
133205,False
133206,True
133207,False
133208,False
133209,False
133210,False
133211,True
133212,False
133213,False
133214,False
133215,False
133216,False
133217,True
133218,True
133219,False
133220,False
133221,False
133222,False
133223,False
133224,False
133225,True
133226,False
133227,False
133228,True
133229,False
133230,True
133231,False
133232,True
133233,False
133234,True
133235,False
133236,True
133237,False
133238,False
133239,False
133240,True
133241,False
133242,True
133243,False
133244,False
133245,False
133246,False
133247,False
133248,True
133249,False
133250,False
133251,False
133252,False
133253,False
133254,True
133255,False
133256,False
133257,True
133258,False
133259,False
133260,False
133261,False
133262,True
133263,False
133264,False
133265,False
133266,True
133267,True
133268,False
133269,True
133270,False
133271,True
133272,False
133273,True
133274,False
133275,False
133276,False
133277,False
133278,True
133279,False
133280,False
133281,False
133282,False
133283,True
133284,False
133285,False
133286,False
133287,False
133288,True
133289,False
133290,True
133291,False
133292,True
133293,True
133294,False
133295,False
133296,False
133297,False
133298,False
133299,True
133300,False
133301,False
133302,True
133303,True
133304,False
133305,True
133306,False
133307,True
133308,True
133309,False
133310,True
133311,False
133312,False
133313,False
133314,False
133315,False
133316,False
133317,False
133318,False
133319,False
133320,False
133321,False
133322,False
133323,True
133324,True
133325,False
133326,False
133327,False
133328,False
133329,True
133330,False
133331,True
133332,True
133333,False
133334,False
133335,True
133336,False
133337,True
133338,False
133339,True
133340,False
133341,False
133342,False
133343,False
133344,False
133345,False
133346,False
133347,True
133348,True
133349,False
133350,False
133351,True
133352,False
133353,False
133354,False
133355,True
133356,False
133357,False
133358,False
133359,True
133360,False
133361,True
133362,True
133363,False
133364,True
133365,True
133366,False
133367,False
133368,False
133369,False
133370,False
133371,False
133372,False
133373,False
133374,False
133375,False
133376,True
133377,False
133378,True
133379,False
133380,False
133381,False
133382,True
133383,False
133384,False
133385,False
133386,True
133387,False
133388,True
133389,True
133390,False
133391,True
133392,False
133393,True
133394,True
133395,False
133396,False
133397,True
133398,False
133399,True
133400,False
133401,False
133402,False
133403,False
133404,False
133405,True
133406,False
133407,False
133408,False
133409,False
133410,False
133411,True
133412,True
133413,True
133414,True
133415,False
133416,False
133417,True
133418,True
133419,True
133420,False
133421,False
133422,False
133423,False
133424,False
133425,False
133426,False
133427,True
133428,True
133429,False
133430,False
133431,False
133432,True
133433,True
133434,True
133435,False
133436,True
133437,False
133438,False
133439,True
133440,False
133441,True
133442,False
133443,False
133444,True
133445,True
133446,False
133447,False
133448,True
133449,True
133450,False
133451,False
133452,False
133453,False
133454,False
133455,False
133456,False
133457,True
133458,False
133459,True
133460,False
133461,False
133462,False
133463,False
133464,False
133465,False
133466,True
133467,False
133468,True
133469,False
133470,True
133471,False
133472,False
133473,False
133474,False
133475,True
133476,False
133477,True
133478,True
133479,True
133480,False
133481,True
133482,True
133483,False
133484,False
133485,False
133486,False
133487,False
133488,False
133489,False
133490,False
133491,True
133492,False
133493,True
133494,False
133495,True
133496,True
133497,False
133498,False
133499,False
133500,False
133501,False
133502,False
133503,False
133504,False
133505,True
133506,False
133507,False
133508,True
133509,True
133510,False
133511,False
133512,False
133513,True
133514,False
133515,False
133516,False
133517,False
133518,True
133519,True
133520,False
133521,False
133522,False
133523,False
133524,True
133525,False
133526,False
133527,False
133528,False
133529,False
133530,False
133531,False
133532,False
133533,False
133534,True
133535,False
133536,True
133537,False
133538,True
133539,True
133540,True
133541,False
133542,False
133543,False
133544,False
133545,True
133546,True
133547,True
133548,False
133549,False
133550,True
133551,True
133552,True
133553,True
133554,False
133555,True
133556,False
133557,False
133558,False
133559,False
133560,True
133561,False
133562,False
133563,True
133564,True
133565,False
133566,False
133567,True
133568,False
133569,False
133570,False
133571,False
133572,False
133573,False
133574,False
133575,False
133576,True
133577,True
133578,True
133579,True
133580,False
133581,True
133582,False
133583,False
133584,False
133585,False
133586,True
133587,True
133588,False
133589,False
133590,True
133591,True
133592,False
133593,False
133594,True
133595,True
133596,False
133597,False
133598,False
133599,False
133600,False
133601,False
133602,False
133603,True
133604,False
133605,False
133606,False
133607,False
133608,True
133609,True
133610,True
133611,True
133612,False
133613,False
133614,False
133615,True
133616,False
133617,False
133618,False
133619,False
133620,False
133621,False
133622,False
133623,True
133624,False
133625,True
133626,True
133627,False
133628,False
133629,True
133630,False
133631,False
133632,False
133633,False
133634,False
133635,False
133636,True
133637,True
133638,False
133639,False
133640,False
133641,True
133642,False
133643,False
133644,False
133645,False
133646,False
133647,False
133648,False
133649,True
133650,True
133651,False
133652,False
133653,False
133654,False
133655,False
133656,True
133657,False
133658,True
133659,True
133660,True
133661,False
133662,True
133663,False
133664,True
133665,True
133666,False
133667,True
133668,True
133669,False
133670,False
133671,False
133672,False
133673,False
133674,False
133675,True
133676,False
133677,False
133678,False
133679,True
133680,False
133681,False
133682,False
133683,False
133684,False
133685,False
133686,True
133687,True
133688,False
133689,True
133690,False
133691,True
133692,True
133693,False
133694,True
133695,False
133696,False
133697,False
133698,False
133699,True
133700,True
133701,False
133702,False
133703,False
133704,True
133705,False
133706,False
133707,True
133708,False
133709,False
133710,False
133711,False
133712,False
133713,False
133714,False
133715,False
133716,True
133717,True
133718,False
133719,True
133720,True
133721,True
133722,False
133723,False
133724,False
133725,False
133726,False
133727,False
133728,False
133729,False
133730,False
133731,False
133732,False
133733,False
133734,False
133735,True
133736,True
133737,False
133738,True
133739,False
133740,True
133741,False
133742,False
133743,False
133744,False
133745,False
133746,False
133747,True
133748,False
133749,True
133750,False
133751,False
133752,False
133753,True
133754,True
133755,True
133756,False
133757,False
133758,False
133759,False
133760,False
133761,True
133762,False
133763,False
133764,False
133765,False
133766,False
133767,True
133768,True
133769,False
133770,True
133771,False
133772,False
133773,False
133774,False
133775,False
133776,False
133777,True
133778,False
133779,False
133780,False
133781,False
133782,True
133783,True
133784,True
133785,True
133786,True
133787,False
133788,True
133789,False
133790,False
133791,False
133792,False
133793,False
133794,False
133795,True
133796,False
133797,False
133798,False
133799,False
133800,False
133801,False
133802,True
133803,False
133804,False
133805,False
133806,False
133807,True
133808,False
133809,False
133810,True
133811,True
133812,False
133813,False
133814,False
133815,False
133816,True
133817,True
133818,False
133819,True
133820,True
133821,False
133822,True
133823,False
133824,True
133825,False
133826,False
133827,False
133828,False
133829,True
133830,True
133831,False
133832,True
133833,True
133834,True
133835,False
133836,False
133837,True
133838,True
133839,False
133840,False
133841,True
133842,False
133843,False
133844,False
133845,True
133846,True
133847,False
133848,True
133849,False
133850,False
133851,True
133852,False
133853,True
133854,False
133855,True
133856,False
133857,True
133858,True
133859,True
133860,False
133861,False
133862,True
133863,True
133864,False
133865,True
133866,False
133867,False
133868,False
133869,False
133870,True
133871,False
133872,False
133873,False
133874,False
133875,False
133876,False
133877,False
133878,False
133879,False
133880,True
133881,False
133882,False
133883,False
133884,False
133885,False
133886,False
133887,False
133888,False
133889,True
133890,False
133891,False
133892,False
133893,False
133894,False
133895,False
133896,False
133897,False
133898,False
133899,False
133900,False
133901,False
133902,True
133903,False
133904,False
133905,False
133906,False
133907,False
133908,False
133909,False
133910,True
133911,False
133912,False
133913,False
133914,False
133915,False
133916,False
133917,False
133918,False
133919,False
133920,False
133921,True
133922,False
133923,False
133924,False
133925,False
133926,False
133927,False
133928,False
133929,True
133930,True
133931,True
133932,False
133933,False
133934,False
133935,False
133936,False
133937,True
133938,False
133939,False
133940,True
133941,True
133942,False
133943,True
133944,False
133945,False
133946,False
133947,True
133948,False
133949,False
133950,False
133951,False
133952,False
133953,False
133954,False
133955,False
133956,False
133957,True
133958,True
133959,True
133960,False
133961,True
133962,True
133963,False
133964,False
133965,True
133966,True
133967,True
133968,False
133969,False
133970,False
133971,True
133972,True
133973,False
133974,False
133975,True
133976,True
133977,True
133978,False
133979,True
133980,False
133981,True
133982,False
133983,True
133984,False
133985,True
133986,False
133987,False
133988,False
133989,False
133990,False
133991,False
133992,False
133993,True
133994,False
133995,False
133996,False
133997,False
133998,False
133999,False
134000,False
134001,True
134002,True
134003,False
134004,False
134005,False
134006,False
134007,True
134008,False
134009,False
134010,True
134011,False
134012,False
134013,False
134014,False
134015,True
134016,True
134017,False
134018,False
134019,False
134020,False
134021,True
134022,False
134023,False
134024,False
134025,False
134026,False
134027,True
134028,True
134029,False
134030,True
134031,True
134032,False
134033,False
134034,False
134035,False
134036,False
134037,False
134038,False
134039,True
134040,False
134041,False
134042,False
134043,False
134044,False
134045,False
134046,False
134047,False
134048,False
134049,False
134050,False
134051,False
134052,False
134053,False
134054,False
134055,False
134056,False
134057,False
134058,False
134059,True
134060,False
134061,True
134062,True
134063,False
134064,False
134065,False
134066,False
134067,False
134068,False
134069,False
134070,False
134071,False
134072,False
134073,True
134074,True
134075,True
134076,True
134077,True
134078,True
134079,False
134080,False
134081,False
134082,True
134083,False
134084,True
134085,True
134086,False
134087,False
134088,False
134089,False
134090,False
134091,True
134092,False
134093,True
134094,False
134095,True
134096,False
134097,False
134098,False
134099,False
134100,False
134101,False
134102,True
134103,False
134104,False
134105,True
134106,False
134107,False
134108,False
134109,False
134110,False
134111,False
134112,False
134113,False
134114,False
134115,False
134116,True
134117,False
134118,False
134119,True
134120,False
134121,False
134122,False
134123,True
134124,False
134125,False
134126,False
134127,False
134128,True
134129,True
134130,True
134131,False
134132,True
134133,False
134134,True
134135,True
134136,False
134137,False
134138,False
134139,False
134140,True
134141,False
134142,False
134143,False
134144,False
134145,False
134146,True
134147,True
134148,False
134149,True
134150,True
134151,False
134152,False
134153,False
134154,False
134155,False
134156,False
134157,False
134158,True
134159,True
134160,True
134161,False
134162,False
134163,False
134164,False
134165,True
134166,False
134167,True
134168,True
134169,False
134170,False
134171,False
134172,False
134173,False
134174,False
134175,False
134176,False
134177,True
134178,False
134179,False
134180,False
134181,False
134182,False
134183,False
134184,True
134185,False
134186,True
134187,True
134188,False
134189,False
134190,False
134191,True
134192,False
134193,True
134194,True
134195,False
134196,False
134197,False
134198,False
134199,False
134200,True
134201,False
134202,False
134203,False
134204,False
134205,False
134206,True
134207,False
134208,False
134209,False
134210,False
134211,False
134212,True
134213,False
134214,False
134215,False
134216,False
134217,True
134218,False
134219,False
134220,True
134221,True
134222,False
134223,False
134224,False
134225,False
134226,True
134227,True
134228,False
134229,False
134230,False
134231,False
134232,True
134233,False
134234,True
134235,True
134236,False
134237,True
134238,False
134239,False
134240,False
134241,False
134242,True
134243,True
134244,False
134245,False
134246,True
134247,False
134248,False
134249,True
134250,True
134251,False
134252,False
134253,True
134254,False
134255,True
134256,True
134257,False
134258,True
134259,False
134260,True
134261,True
134262,False
134263,True
134264,True
134265,False
134266,True
134267,True
134268,False
134269,False
134270,False
134271,True
134272,True
134273,False
134274,False
134275,True
134276,True
134277,True
134278,True
134279,False
134280,False
134281,True
134282,True
134283,False
134284,True
134285,False
134286,False
134287,True
134288,False
134289,False
134290,True
134291,False
134292,False
134293,False
134294,False
134295,True
134296,False
134297,False
134298,False
134299,True
134300,True
134301,False
134302,True
134303,False
134304,False
134305,False
134306,True
134307,False
134308,True
134309,True
134310,False
134311,False
134312,False
134313,False
134314,True
134315,False
134316,True
134317,True
134318,False
134319,False
134320,True
134321,True
134322,False
134323,False
134324,False
134325,True
134326,False
134327,False
134328,True
134329,True
134330,False
134331,False
134332,False
134333,True
134334,False
134335,False
134336,False
134337,False
134338,False
134339,False
134340,False
134341,True
134342,False
134343,False
134344,False
134345,False
134346,False
134347,True
134348,True
134349,True
134350,False
134351,False
134352,True
134353,True
134354,False
134355,False
134356,False
134357,False
134358,True
134359,False
134360,False
134361,False
134362,False
134363,False
134364,False
134365,False
134366,False
134367,False
134368,True
134369,False
134370,False
134371,False
134372,True
134373,False
134374,False
134375,False
134376,False
134377,False
134378,False
134379,False
134380,True
134381,False
134382,True
134383,False
134384,True
134385,False
134386,False
134387,False
134388,True
134389,False
134390,True
134391,False
134392,True
134393,False
134394,True
134395,False
134396,False
134397,False
134398,False
134399,True
134400,False
134401,False
134402,True
134403,False
134404,False
134405,False
134406,False
134407,False
134408,False
134409,False
134410,True
134411,False
134412,False
134413,False
134414,False
134415,False
134416,False
134417,False
134418,False
134419,True
134420,True
134421,False
134422,True
134423,False
134424,True
134425,False
134426,True
134427,False
134428,False
134429,False
134430,False
134431,True
134432,True
134433,False
134434,False
134435,False
134436,True
134437,False
134438,False
134439,False
134440,False
134441,True
134442,False
134443,False
134444,True
134445,False
134446,False
134447,True
134448,False
134449,False
134450,False
134451,True
134452,False
134453,True
134454,True
134455,True
134456,False
134457,False
134458,False
134459,True
134460,True
134461,False
134462,False
134463,False
134464,True
134465,False
134466,False
134467,True
134468,False
134469,True
134470,False
134471,False
134472,False
134473,True
134474,False
134475,True
134476,False
134477,False
134478,False
134479,False
134480,True
134481,False
134482,False
134483,False
134484,False
134485,True
134486,False
134487,False
134488,True
134489,False
134490,False
134491,False
134492,True
134493,True
134494,True
134495,True
134496,False
134497,False
134498,True
134499,True
134500,False
134501,False
134502,False
134503,False
134504,True
134505,True
134506,False
134507,False
134508,False
134509,False
134510,False
134511,False
134512,False
134513,True
134514,True
134515,False
134516,False
134517,False
134518,True
134519,True
134520,False
134521,True
134522,True
134523,True
134524,False
134525,False
134526,False
134527,False
134528,False
134529,False
134530,False
134531,True
134532,False
134533,True
134534,True
134535,False
134536,True
134537,True
134538,False
134539,False
134540,False
134541,False
134542,False
134543,False
134544,False
134545,False
134546,False
134547,False
134548,True
134549,False
134550,True
134551,False
134552,True
134553,False
134554,True
134555,True
134556,False
134557,True
134558,False
134559,True
134560,True
134561,False
134562,True
134563,False
134564,True
134565,True
134566,True
134567,False
134568,False
134569,False
134570,False
134571,False
134572,False
134573,False
134574,True
134575,False
134576,False
134577,False
134578,False
134579,True
134580,False
134581,False
134582,True
134583,False
134584,True
134585,False
134586,False
134587,False
134588,False
134589,False
134590,False
134591,False
134592,False
134593,False
134594,True
134595,False
134596,False
134597,False
134598,False
134599,True
134600,True
134601,False
134602,False
134603,False
134604,False
134605,False
134606,False
134607,False
134608,False
134609,True
134610,True
134611,True
134612,False
134613,False
134614,True
134615,False
134616,True
134617,False
134618,True
134619,False
134620,False
134621,True
134622,False
134623,True
134624,True
134625,False
134626,True
134627,False
134628,True
134629,False
134630,False
134631,False
134632,True
134633,True
134634,False
134635,False
134636,True
134637,True
134638,True
134639,True
134640,False
134641,False
134642,True
134643,False
134644,True
134645,False
134646,False
134647,True
134648,True
134649,False
134650,False
134651,True
134652,False
134653,False
134654,False
134655,False
134656,False
134657,False
134658,True
134659,True
134660,False
134661,True
134662,False
134663,False
134664,True
134665,True
134666,False
134667,True
134668,False
134669,False
134670,True
134671,False
134672,False
134673,True
134674,True
134675,True
134676,True
134677,False
134678,False
134679,False
134680,False
134681,True
134682,False
134683,False
134684,True
134685,True
134686,False
134687,False
134688,True
134689,False
134690,True
134691,False
134692,False
134693,False
134694,True
134695,False
134696,True
134697,True
134698,True
134699,False
134700,False
134701,False
134702,True
134703,False
134704,True
134705,False
134706,True
134707,False
134708,True
134709,False
134710,False
134711,False
134712,False
134713,False
134714,False
134715,True
134716,False
134717,False
134718,False
134719,True
134720,False
134721,False
134722,True
134723,False
134724,False
134725,True
134726,False
134727,True
134728,False
134729,False
134730,False
134731,False
134732,False
134733,False
134734,False
134735,False
134736,True
134737,True
134738,False
134739,True
134740,False
134741,True
134742,True
134743,False
134744,False
134745,False
134746,False
134747,True
134748,True
134749,False
134750,True
134751,True
134752,True
134753,False
134754,False
134755,False
134756,False
134757,False
134758,True
134759,True
134760,False
134761,True
134762,False
134763,False
134764,False
134765,False
134766,True
134767,True
134768,True
134769,True
134770,True
134771,False
134772,False
134773,False
134774,False
134775,False
134776,False
134777,False
134778,True
134779,False
134780,True
134781,False
134782,True
134783,True
134784,False
134785,True
134786,False
134787,False
134788,False
134789,False
134790,False
134791,False
134792,False
134793,False
134794,True
134795,True
134796,False
134797,True
134798,True
134799,True
134800,False
134801,False
134802,False
134803,True
134804,False
134805,False
134806,True
134807,False
134808,False
134809,True
134810,True
134811,False
134812,False
134813,True
134814,False
134815,True
134816,True
134817,False
134818,False
134819,False
134820,True
134821,True
134822,True
134823,False
134824,False
134825,False
134826,False
134827,False
134828,False
134829,True
134830,True
134831,False
134832,False
134833,False
134834,False
134835,False
134836,False
134837,True
134838,False
134839,True
134840,True
134841,False
134842,False
134843,False
134844,False
134845,True
134846,False
134847,True
134848,False
134849,True
134850,True
134851,False
134852,False
134853,False
134854,True
134855,False
134856,False
134857,False
134858,False
134859,True
134860,False
134861,False
134862,False
134863,False
134864,False
134865,True
134866,False
134867,False
134868,False
134869,False
134870,True
134871,True
134872,False
134873,False
134874,False
134875,False
134876,False
134877,True
134878,False
134879,True
134880,False
134881,True
134882,False
134883,False
134884,False
134885,False
134886,True
134887,False
134888,False
134889,False
134890,False
134891,False
134892,False
134893,False
134894,True
134895,False
134896,True
134897,True
134898,True
134899,True
134900,False
134901,True
134902,False
134903,False
134904,False
134905,False
134906,True
134907,True
134908,False
134909,False
134910,False
134911,False
134912,False
134913,False
134914,False
134915,True
134916,False
134917,True
134918,False
134919,False
134920,False
134921,False
134922,False
134923,True
134924,True
134925,False
134926,False
134927,False
134928,False
134929,True
134930,True
134931,False
134932,False
134933,False
134934,True
134935,True
134936,True
134937,True
134938,True
134939,True
134940,False
134941,True
134942,True
134943,True
134944,False
134945,False
134946,False
134947,False
134948,False
134949,True
134950,True
134951,False
134952,False
134953,False
134954,True
134955,False
134956,True
134957,False
134958,True
134959,True
134960,False
134961,True
134962,False
134963,False
134964,True
134965,False
134966,True
134967,False
134968,False
134969,False
134970,False
134971,True
134972,False
134973,True
134974,False
134975,False
134976,True
134977,False
134978,True
134979,True
134980,False
134981,True
134982,False
134983,False
134984,True
134985,True
134986,False
134987,False
134988,False
134989,False
134990,False
134991,False
134992,True
134993,False
134994,False
134995,False
134996,True
134997,False
134998,True
134999,False
135000,True
135001,True
135002,False
135003,False
135004,True
135005,False
135006,True
135007,False
135008,False
135009,False
135010,False
135011,True
135012,False
135013,False
135014,False
135015,True
135016,True
135017,False
135018,True
135019,True
135020,True
135021,True
135022,False
135023,True
135024,True
135025,False
135026,False
135027,True
135028,False
135029,False
135030,False
135031,False
135032,True
135033,False
135034,True
135035,False
135036,True
135037,True
135038,False
135039,False
135040,False
135041,False
135042,True
135043,False
135044,True
135045,False
135046,True
135047,False
135048,True
135049,False
135050,False
135051,False
135052,False
135053,False
135054,True
135055,True
135056,False
135057,True
135058,False
135059,False
135060,False
135061,False
135062,False
135063,False
135064,True
135065,True
135066,False
135067,False
135068,False
135069,False
135070,True
135071,True
135072,False
135073,False
135074,False
135075,False
135076,False
135077,False
135078,False
135079,True
135080,False
135081,False
135082,False
135083,False
135084,False
135085,False
135086,False
135087,True
135088,False
135089,False
135090,False
135091,False
135092,False
135093,True
135094,False
135095,False
135096,False
135097,False
135098,False
135099,False
135100,False
135101,False
135102,True
135103,False
135104,True
135105,True
135106,True
135107,False
135108,False
135109,True
135110,False
135111,False
135112,False
135113,False
135114,True
135115,False
135116,False
135117,False
135118,False
135119,False
135120,False
135121,False
135122,False
135123,False
135124,False
135125,False
135126,True
135127,False
135128,False
135129,False
135130,True
135131,False
135132,True
135133,False
135134,False
135135,False
135136,False
135137,False
135138,True
135139,True
135140,True
135141,False
135142,False
135143,False
135144,False
135145,False
135146,False
135147,False
135148,False
135149,True
135150,True
135151,True
135152,True
135153,False
135154,False
135155,False
135156,False
135157,False
135158,False
135159,False
135160,False
135161,False
135162,False
135163,False
135164,True
135165,False
135166,False
135167,True
135168,True
135169,True
135170,True
135171,False
135172,False
135173,False
135174,True
135175,True
135176,True
135177,True
135178,False
135179,True
135180,False
135181,True
135182,False
135183,False
135184,True
135185,False
135186,False
135187,False
135188,True
135189,False
135190,True
135191,False
135192,True
135193,True
135194,False
135195,False
135196,False
135197,True
135198,False
135199,False
135200,True
135201,False
135202,False
135203,True
135204,False
135205,False
135206,True
135207,False
135208,True
135209,False
135210,False
135211,False
135212,False
135213,False
135214,True
135215,False
135216,False
135217,True
135218,False
135219,False
135220,True
135221,True
135222,False
135223,False
135224,True
135225,False
135226,True
135227,False
135228,False
135229,False
135230,True
135231,False
135232,False
135233,False
135234,True
135235,False
135236,True
135237,True
135238,False
135239,False
135240,False
135241,False
135242,False
135243,False
135244,True
135245,False
135246,True
135247,False
135248,False
135249,False
135250,False
135251,True
135252,False
135253,False
135254,False
135255,False
135256,False
135257,True
135258,True
135259,False
135260,True
135261,False
135262,False
135263,True
135264,False
135265,True
135266,True
135267,False
135268,True
135269,False
135270,False
135271,True
135272,False
135273,False
135274,False
135275,False
135276,False
135277,True
135278,False
135279,True
135280,False
135281,False
135282,True
135283,True
135284,False
135285,False
135286,False
135287,False
135288,True
135289,False
135290,False
135291,False
135292,False
135293,False
135294,False
135295,True
135296,False
135297,True
135298,False
135299,True
135300,False
135301,False
135302,False
135303,True
135304,False
135305,False
135306,False
135307,False
135308,False
135309,True
135310,False
135311,False
135312,True
135313,True
135314,True
135315,True
135316,False
135317,True
135318,False
135319,True
135320,False
135321,False
135322,False
135323,True
135324,False
135325,False
135326,False
135327,True
135328,False
135329,False
135330,False
135331,False
135332,False
135333,False
135334,False
135335,False
135336,False
135337,False
135338,False
135339,False
135340,True
135341,False
135342,False
135343,True
135344,False
135345,True
135346,False
135347,False
135348,False
135349,False
135350,False
135351,False
135352,False
135353,False
135354,True
135355,False
135356,False
135357,False
135358,False
135359,True
135360,True
135361,True
135362,False
135363,True
135364,True
135365,True
135366,True
135367,False
135368,True
135369,False
135370,False
135371,False
135372,False
135373,True
135374,True
135375,False
135376,False
135377,False
135378,True
135379,False
135380,False
135381,True
135382,False
135383,True
135384,False
135385,True
135386,False
135387,True
135388,False
135389,False
135390,True
135391,False
135392,False
135393,False
135394,True
135395,False
135396,False
135397,False
135398,True
135399,False
135400,True
135401,False
135402,False
135403,True
135404,True
135405,False
135406,False
135407,False
135408,False
135409,False
135410,True
135411,True
135412,True
135413,False
135414,True
135415,False
135416,False
135417,False
135418,False
135419,True
135420,False
135421,False
135422,False
135423,True
135424,False
135425,False
135426,False
135427,False
135428,True
135429,True
135430,False
135431,False
135432,False
135433,False
135434,False
135435,False
135436,False
135437,False
135438,True
135439,False
135440,True
135441,False
135442,False
135443,True
135444,False
135445,True
135446,True
135447,False
135448,False
135449,False
135450,True
135451,True
135452,False
135453,True
135454,True
135455,False
135456,False
135457,False
135458,False
135459,False
135460,False
135461,True
135462,False
135463,True
135464,False
135465,True
135466,True
135467,False
135468,True
135469,False
135470,False
135471,False
135472,True
135473,False
135474,False
135475,False
135476,True
135477,True
135478,True
135479,False
135480,False
135481,False
135482,True
135483,False
135484,True
135485,False
135486,True
135487,True
135488,True
135489,False
135490,False
135491,False
135492,False
135493,False
135494,True
135495,False
135496,False
135497,False
135498,True
135499,False
135500,False
135501,True
135502,True
135503,False
135504,True
135505,True
135506,False
135507,False
135508,False
135509,True
135510,True
135511,True
135512,False
135513,True
135514,False
135515,False
135516,True
135517,False
135518,False
135519,True
135520,False
135521,False
135522,False
135523,False
135524,True
135525,False
135526,True
135527,False
135528,True
135529,True
135530,True
135531,False
135532,False
135533,False
135534,True
135535,False
135536,False
135537,False
135538,False
135539,False
135540,True
135541,False
135542,False
135543,True
135544,False
135545,True
135546,False
135547,True
135548,False
135549,False
135550,False
135551,False
135552,True
135553,True
135554,True
135555,False
135556,True
135557,False
135558,False
135559,True
135560,True
135561,False
135562,False
135563,False
135564,True
135565,False
135566,True
135567,False
135568,True
135569,False
135570,False
135571,False
135572,True
135573,False
135574,True
135575,False
135576,False
135577,True
135578,False
135579,False
135580,False
135581,False
135582,True
135583,False
135584,True
135585,False
135586,False
135587,False
135588,False
135589,False
135590,False
135591,False
135592,False
135593,True
135594,True
135595,False
135596,True
135597,False
135598,True
135599,False
135600,False
135601,True
135602,False
135603,True
135604,True
135605,True
135606,False
135607,True
135608,False
135609,True
135610,False
135611,True
135612,False
135613,True
135614,True
135615,False
135616,True
135617,False
135618,True
135619,False
135620,False
135621,True
135622,True
135623,False
135624,False
135625,False
135626,False
135627,False
135628,False
135629,False
135630,True
135631,False
135632,False
135633,False
135634,True
135635,True
135636,False
135637,False
135638,False
135639,True
135640,True
135641,True
135642,False
135643,False
135644,False
135645,True
135646,True
135647,False
135648,False
135649,True
135650,False
135651,False
135652,False
135653,False
135654,True
135655,True
135656,False
135657,True
135658,False
135659,False
135660,False
135661,False
135662,False
135663,False
135664,False
135665,False
135666,True
135667,False
135668,True
135669,True
135670,False
135671,False
135672,False
135673,False
135674,False
135675,False
135676,False
135677,True
135678,True
135679,True
135680,False
135681,False
135682,False
135683,False
135684,False
135685,False
135686,True
135687,False
135688,True
135689,False
135690,True
135691,False
135692,True
135693,True
135694,False
135695,False
135696,True
135697,False
135698,False
135699,False
135700,False
135701,False
135702,False
135703,False
135704,False
135705,False
135706,False
135707,False
135708,False
135709,False
135710,False
135711,False
135712,False
135713,True
135714,False
135715,False
135716,True
135717,False
135718,True
135719,True
135720,True
135721,False
135722,True
135723,False
135724,True
135725,True
135726,False
135727,True
135728,False
135729,False
135730,True
135731,True
135732,True
135733,True
135734,False
135735,False
135736,False
135737,False
135738,True
135739,False
135740,False
135741,False
135742,True
135743,False
135744,False
135745,False
135746,False
135747,False
135748,False
135749,False
135750,False
135751,False
135752,False
135753,False
135754,False
135755,True
135756,False
135757,False
135758,False
135759,True
135760,False
135761,True
135762,True
135763,False
135764,False
135765,True
135766,False
135767,False
135768,False
135769,False
135770,False
135771,False
135772,False
135773,False
135774,False
135775,False
135776,False
135777,False
135778,True
135779,True
135780,False
135781,True
135782,False
135783,False
135784,False
135785,True
135786,False
135787,False
135788,True
135789,False
135790,False
135791,False
135792,False
135793,True
135794,True
135795,True
135796,False
135797,False
135798,False
135799,True
135800,True
135801,True
135802,True
135803,True
135804,False
135805,False
135806,False
135807,False
135808,True
135809,False
135810,False
135811,True
135812,True
135813,True
135814,False
135815,False
135816,False
135817,True
135818,False
135819,False
135820,True
135821,False
135822,False
135823,True
135824,False
135825,False
135826,False
135827,False
135828,False
135829,False
135830,True
135831,False
135832,True
135833,True
135834,False
135835,False
135836,False
135837,True
135838,True
135839,False
135840,False
135841,False
135842,False
135843,True
135844,False
135845,False
135846,False
135847,False
135848,True
135849,True
135850,True
135851,False
135852,True
135853,False
135854,False
135855,False
135856,False
135857,False
135858,False
135859,False
135860,False
135861,False
135862,True
135863,False
135864,False
135865,False
135866,True
135867,False
135868,False
135869,True
135870,False
135871,False
135872,False
135873,False
135874,False
135875,True
135876,False
135877,False
135878,True
135879,False
135880,False
135881,True
135882,False
135883,True
135884,False
135885,False
135886,True
135887,False
135888,False
135889,False
135890,True
135891,True
135892,True
135893,True
135894,False
135895,False
135896,False
135897,False
135898,False
135899,False
135900,True
135901,True
135902,False
135903,True
135904,True
135905,False
135906,False
135907,False
135908,False
135909,True
135910,True
135911,True
135912,True
135913,True
135914,True
135915,True
135916,False
135917,False
135918,True
135919,True
135920,False
135921,False
135922,False
135923,False
135924,False
135925,False
135926,False
135927,False
135928,False
135929,False
135930,False
135931,True
135932,False
135933,False
135934,False
135935,False
135936,True
135937,True
135938,True
135939,True
135940,False
135941,True
135942,False
135943,False
135944,False
135945,True
135946,False
135947,False
135948,False
135949,False
135950,False
135951,False
135952,False
135953,False
135954,True
135955,True
135956,False
135957,True
135958,True
135959,True
135960,False
135961,False
135962,False
135963,False
135964,False
135965,False
135966,True
135967,False
135968,True
135969,False
135970,False
135971,False
135972,True
135973,True
135974,False
135975,False
135976,True
135977,True
135978,False
135979,True
135980,False
135981,True
135982,True
135983,True
135984,True
135985,False
135986,False
135987,False
135988,False
135989,False
135990,False
135991,True
135992,False
135993,False
135994,True
135995,True
135996,True
135997,False
135998,True
135999,True
136000,False
136001,False
136002,False
136003,False
136004,True
136005,False
136006,False
136007,False
136008,True
136009,False
136010,False
136011,True
136012,True
136013,False
136014,False
136015,False
136016,True
136017,False
136018,False
136019,False
136020,False
136021,True
136022,False
136023,False
136024,False
136025,False
136026,True
136027,False
136028,True
136029,False
136030,True
136031,False
136032,False
136033,False
136034,False
136035,True
136036,True
136037,True
136038,False
136039,True
136040,False
136041,False
136042,False
136043,False
136044,False
136045,True
136046,False
136047,True
136048,False
136049,True
136050,False
136051,False
136052,False
136053,False
136054,False
136055,True
136056,True
136057,False
136058,False
136059,True
136060,True
136061,True
136062,False
136063,False
136064,True
136065,False
136066,False
136067,True
136068,False
136069,False
136070,False
136071,True
136072,False
136073,False
136074,True
136075,False
136076,True
136077,False
136078,False
136079,False
136080,False
136081,True
136082,False
136083,True
136084,False
136085,False
136086,False
136087,True
136088,False
136089,False
136090,False
136091,True
136092,False
136093,False
136094,False
136095,False
136096,False
136097,False
136098,False
136099,False
136100,False
136101,False
136102,False
136103,True
136104,False
136105,False
136106,True
136107,False
136108,True
136109,True
136110,True
136111,True
136112,True
136113,False
136114,False
136115,False
136116,False
136117,False
136118,False
136119,False
136120,True
136121,True
136122,False
136123,False
136124,False
136125,False
136126,False
136127,False
136128,False
136129,True
136130,False
136131,False
136132,False
136133,True
136134,False
136135,True
136136,True
136137,True
136138,False
136139,False
136140,True
136141,False
136142,True
136143,False
136144,False
136145,False
136146,False
136147,False
136148,False
136149,False
136150,False
136151,False
136152,False
136153,False
136154,False
136155,False
136156,False
136157,False
136158,False
136159,False
136160,True
136161,True
136162,False
136163,False
136164,False
136165,True
136166,True
136167,True
136168,True
136169,False
136170,False
136171,False
136172,False
136173,False
136174,False
136175,True
136176,True
136177,True
136178,False
136179,True
136180,False
136181,False
136182,False
136183,False
136184,True
136185,True
136186,False
136187,True
136188,True
136189,False
136190,False
136191,True
136192,False
136193,True
136194,False
136195,True
136196,True
136197,False
136198,True
136199,False
136200,True
136201,True
136202,False
136203,False
136204,True
136205,False
136206,False
136207,False
136208,True
136209,True
136210,True
136211,True
136212,True
136213,False
136214,False
136215,False
136216,True
136217,True
136218,False
136219,True
136220,False
136221,True
136222,False
136223,True
136224,True
136225,False
136226,False
136227,False
136228,True
136229,True
136230,False
136231,False
136232,False
136233,False
136234,False
136235,True
136236,True
136237,False
136238,False
136239,False
136240,False
136241,True
136242,True
136243,False
136244,False
136245,True
136246,False
136247,False
136248,False
136249,False
136250,True
136251,True
136252,False
136253,False
136254,False
136255,False
136256,False
136257,False
136258,False
136259,False
136260,False
136261,False
136262,True
136263,False
136264,False
136265,True
136266,True
136267,False
136268,False
136269,False
136270,True
136271,True
136272,False
136273,False
136274,False
136275,False
136276,True
136277,False
136278,False
136279,False
136280,True
136281,False
136282,False
136283,True
136284,False
136285,True
136286,False
136287,False
136288,True
136289,False
136290,True
136291,False
136292,True
136293,True
136294,False
136295,False
136296,False
136297,False
136298,False
136299,False
136300,True
136301,False
136302,False
136303,True
136304,False
136305,False
136306,False
136307,True
136308,False
136309,False
136310,True
136311,False
136312,False
136313,False
136314,False
136315,False
136316,True
136317,False
136318,False
136319,False
136320,False
136321,True
136322,True
136323,True
136324,False
136325,False
136326,True
136327,False
136328,False
136329,False
136330,True
136331,False
136332,False
136333,False
136334,False
136335,False
136336,False
136337,False
136338,False
136339,True
136340,False
136341,False
136342,True
136343,False
136344,False
136345,False
136346,False
136347,False
136348,True
136349,False
136350,True
136351,False
136352,True
136353,False
136354,True
136355,True
136356,False
136357,False
136358,False
136359,False
136360,False
136361,False
136362,False
136363,False
136364,False
136365,False
136366,False
136367,True
136368,False
136369,True
136370,False
136371,True
136372,True
136373,True
136374,False
136375,False
136376,False
136377,False
136378,True
136379,False
136380,False
136381,False
136382,False
136383,False
136384,False
136385,False
136386,True
136387,False
136388,True
136389,True
136390,True
136391,False
136392,True
136393,True
136394,True
136395,False
136396,False
136397,False
136398,False
136399,False
136400,True
136401,False
136402,False
136403,False
136404,True
136405,True
136406,True
136407,False
136408,False
136409,False
136410,False
136411,True
136412,False
136413,False
136414,False
136415,False
136416,True
136417,False
136418,False
136419,False
136420,False
136421,True
136422,True
136423,False
136424,False
136425,False
136426,True
136427,False
136428,False
136429,True
136430,True
136431,False
136432,False
136433,True
136434,False
136435,True
136436,False
136437,True
136438,True
136439,True
136440,True
136441,True
136442,False
136443,False
136444,False
136445,True
136446,True
136447,False
136448,True
136449,False
136450,False
136451,False
136452,True
136453,False
136454,False
136455,True
136456,True
136457,False
136458,False
136459,False
136460,False
136461,False
136462,True
136463,True
136464,True
136465,False
136466,True
136467,True
136468,True
136469,True
136470,True
136471,False
136472,True
136473,False
136474,False
136475,False
136476,True
136477,True
136478,False
136479,False
136480,False
136481,False
136482,False
136483,False
136484,False
136485,False
136486,False
136487,False
136488,False
136489,False
136490,False
136491,True
136492,False
136493,False
136494,False
136495,False
136496,True
136497,True
136498,True
136499,False
136500,False
136501,False
136502,True
136503,False
136504,False
136505,False
136506,False
136507,False
136508,False
136509,True
136510,False
136511,False
136512,False
136513,True
136514,False
136515,True
136516,False
136517,True
136518,False
136519,False
136520,False
136521,False
136522,False
136523,False
136524,False
136525,False
136526,True
136527,False
136528,True
136529,True
136530,False
136531,False
136532,True
136533,False
136534,True
136535,False
136536,False
136537,True
136538,False
136539,False
136540,True
136541,False
136542,False
136543,False
136544,True
136545,False
136546,False
136547,False
136548,False
136549,False
136550,True
136551,True
136552,False
136553,True
136554,True
136555,False
136556,True
136557,False
136558,True
136559,True
136560,False
136561,False
136562,False
136563,True
136564,False
136565,False
136566,False
136567,False
136568,False
136569,True
136570,False
136571,False
136572,False
136573,False
136574,True
136575,True
136576,False
136577,True
136578,False
136579,False
136580,False
136581,True
136582,False
136583,False
136584,True
136585,True
136586,False
136587,False
136588,True
136589,False
136590,False
136591,False
136592,False
136593,False
136594,False
136595,True
136596,True
136597,True
136598,False
136599,False
136600,True
136601,True
136602,False
136603,False
136604,True
136605,False
136606,False
136607,True
136608,True
136609,False
136610,False
136611,False
136612,False
136613,False
136614,True
136615,False
136616,False
136617,False
136618,False
136619,False
136620,False
136621,False
136622,True
136623,True
136624,False
136625,False
136626,True
136627,True
136628,False
136629,True
136630,False
136631,True
136632,True
136633,True
136634,False
136635,False
136636,False
136637,False
136638,True
136639,False
136640,True
136641,False
136642,False
136643,False
136644,True
136645,False
136646,False
136647,True
136648,False
136649,True
136650,False
136651,True
136652,True
136653,True
136654,False
136655,False
136656,True
136657,False
136658,False
136659,False
136660,False
136661,True
136662,False
136663,False
136664,True
136665,True
136666,True
136667,False
136668,True
136669,False
136670,True
136671,False
136672,False
136673,True
136674,True
136675,False
136676,False
136677,True
136678,True
136679,True
136680,False
136681,False
136682,False
136683,False
136684,False
136685,True
136686,True
136687,False
136688,False
136689,False
136690,True
136691,False
136692,True
136693,False
136694,True
136695,False
136696,True
136697,True
136698,True
136699,False
136700,False
136701,False
136702,False
136703,True
136704,True
136705,True
136706,False
136707,False
136708,False
136709,False
136710,True
136711,False
136712,True
136713,False
136714,False
136715,False
136716,False
136717,True
136718,False
136719,True
136720,False
136721,False
136722,False
136723,False
136724,True
136725,False
136726,False
136727,False
136728,False
136729,False
136730,False
136731,False
136732,False
136733,False
136734,False
136735,False
136736,True
136737,True
136738,False
136739,False
136740,False
136741,True
136742,False
136743,False
136744,False
136745,True
136746,False
136747,False
136748,False
136749,False
136750,False
136751,True
136752,False
136753,False
136754,True
136755,False
136756,True
136757,True
136758,True
136759,False
136760,True
136761,False
136762,False
136763,False
136764,False
136765,False
136766,False
136767,False
136768,False
136769,True
136770,True
136771,False
136772,True
136773,False
136774,True
136775,False
136776,False
136777,False
136778,True
136779,True
136780,False
136781,True
136782,False
136783,False
136784,False
136785,True
136786,False
136787,False
136788,False
136789,True
136790,False
136791,False
136792,False
136793,False
136794,False
136795,True
136796,True
136797,False
136798,False
136799,False
136800,True
136801,True
136802,False
136803,True
136804,False
136805,False
136806,True
136807,False
136808,False
136809,False
136810,False
136811,False
136812,False
136813,False
136814,True
136815,False
136816,False
136817,False
136818,False
136819,False
136820,False
136821,False
136822,False
136823,False
136824,False
136825,True
136826,False
136827,True
136828,False
136829,True
136830,False
136831,True
136832,False
136833,False
136834,True
136835,True
136836,True
136837,False
136838,False
136839,False
136840,False
136841,False
136842,False
136843,True
136844,False
136845,True
136846,False
136847,True
136848,False
136849,True
136850,False
136851,False
136852,False
136853,False
136854,False
136855,False
136856,False
136857,True
136858,False
136859,True
136860,False
136861,False
136862,True
136863,False
136864,False
136865,True
136866,False
136867,False
136868,False
136869,False
136870,False
136871,False
136872,False
136873,False
136874,True
136875,False
136876,True
136877,False
136878,False
136879,False
136880,False
136881,False
136882,True
136883,False
136884,True
136885,False
136886,False
136887,True
136888,False
136889,True
136890,False
136891,True
136892,False
136893,False
136894,True
136895,False
136896,False
136897,True
136898,True
136899,True
136900,False
136901,True
136902,False
136903,False
136904,False
136905,False
136906,True
136907,False
136908,True
136909,False
136910,False
136911,True
136912,True
136913,True
136914,True
136915,False
136916,False
136917,False
136918,False
136919,True
136920,False
136921,False
136922,False
136923,False
136924,False
136925,False
136926,False
136927,False
136928,True
136929,False
136930,False
136931,False
136932,True
136933,False
136934,True
136935,False
136936,True
136937,False
136938,True
136939,False
136940,False
136941,False
136942,False
136943,True
136944,False
136945,False
136946,False
136947,True
136948,True
136949,False
136950,False
136951,False
136952,False
136953,False
136954,False
136955,False
136956,True
136957,False
136958,False
136959,False
136960,True
136961,False
136962,False
136963,False
136964,False
136965,False
136966,True
136967,False
136968,False
136969,False
136970,False
136971,True
136972,False
136973,False
136974,False
136975,True
136976,False
136977,False
136978,False
136979,True
136980,False
136981,False
136982,False
136983,False
136984,False
136985,False
136986,True
136987,False
136988,True
136989,True
136990,True
136991,False
136992,True
136993,True
136994,False
136995,False
136996,False
136997,False
136998,True
136999,False
137000,True
137001,True
137002,False
137003,False
137004,False
137005,False
137006,False
137007,False
137008,False
137009,False
137010,False
137011,False
137012,False
137013,True
137014,False
137015,True
137016,False
137017,False
137018,True
137019,True
137020,False
137021,False
137022,True
137023,False
137024,False
137025,False
137026,True
137027,True
137028,False
137029,False
137030,False
137031,False
137032,True
137033,False
137034,False
137035,False
137036,True
137037,False
137038,False
137039,False
137040,True
137041,False
137042,False
137043,False
137044,False
137045,False
137046,False
137047,False
137048,True
137049,False
137050,False
137051,False
137052,False
137053,False
137054,True
137055,False
137056,True
137057,False
137058,True
137059,False
137060,False
137061,False
137062,False
137063,True
137064,False
137065,True
137066,True
137067,False
137068,False
137069,False
137070,False
137071,False
137072,False
137073,True
137074,False
137075,True
137076,False
137077,False
137078,False
137079,False
137080,True
137081,False
137082,False
137083,False
137084,True
137085,False
137086,True
137087,False
137088,False
137089,True
137090,True
137091,True
137092,True
137093,False
137094,True
137095,True
137096,False
137097,False
137098,False
137099,True
137100,True
137101,False
137102,False
137103,False
137104,True
137105,True
137106,False
137107,True
137108,True
137109,False
137110,False
137111,False
137112,False
137113,False
137114,False
137115,False
137116,True
137117,True
137118,True
137119,False
137120,False
137121,False
137122,True
137123,False
137124,False
137125,False
137126,True
137127,False
137128,False
137129,False
137130,False
137131,False
137132,False
137133,False
137134,False
137135,False
137136,True
137137,False
137138,False
137139,False
137140,True
137141,True
137142,False
137143,False
137144,False
137145,False
137146,False
137147,False
137148,False
137149,True
137150,False
137151,False
137152,False
137153,False
137154,False
137155,True
137156,False
137157,False
137158,False
137159,True
137160,False
137161,False
137162,True
137163,False
137164,True
137165,True
137166,False
137167,True
137168,True
137169,False
137170,False
137171,False
137172,False
137173,False
137174,True
137175,True
137176,False
137177,False
137178,False
137179,False
137180,False
137181,False
137182,False
137183,False
137184,True
137185,False
137186,False
137187,False
137188,True
137189,False
137190,True
137191,True
137192,False
137193,True
137194,False
137195,False
137196,True
137197,False
137198,False
137199,True
137200,True
137201,True
137202,False
137203,False
137204,False
137205,False
137206,True
137207,False
137208,True
137209,False
137210,False
137211,True
137212,True
137213,False
137214,True
137215,True
137216,False
137217,True
137218,False
137219,True
137220,False
137221,False
137222,False
137223,True
137224,True
137225,True
137226,False
137227,True
137228,False
137229,True
137230,True
137231,False
137232,False
137233,False
137234,True
137235,False
137236,True
137237,True
137238,True
137239,False
137240,True
137241,False
137242,False
137243,False
137244,False
137245,False
137246,True
137247,True
137248,True
137249,True
137250,True
137251,True
137252,True
137253,False
137254,True
137255,True
137256,True
137257,True
137258,True
137259,False
137260,False
137261,True
137262,False
137263,False
137264,False
137265,False
137266,True
137267,True
137268,True
137269,False
137270,False
137271,True
137272,False
137273,False
137274,False
137275,False
137276,False
137277,True
137278,False
137279,False
137280,True
137281,False
137282,False
137283,False
137284,True
137285,False
137286,False
137287,True
137288,False
137289,True
137290,False
137291,True
137292,True
137293,True
137294,False
137295,False
137296,True
137297,True
137298,True
137299,True
137300,True
137301,False
137302,False
137303,True
137304,False
137305,True
137306,False
137307,False
137308,False
137309,False
137310,False
137311,False
137312,True
137313,False
137314,True
137315,True
137316,False
137317,True
137318,False
137319,False
137320,False
137321,True
137322,True
137323,False
137324,False
137325,True
137326,True
137327,False
137328,True
137329,False
137330,False
137331,False
137332,False
137333,False
137334,False
137335,True
137336,False
137337,False
137338,False
137339,False
137340,False
137341,False
137342,True
137343,True
137344,False
137345,False
137346,True
137347,False
137348,True
137349,True
137350,True
137351,True
137352,False
137353,True
137354,False
137355,False
137356,True
137357,True
137358,False
137359,True
137360,False
137361,False
137362,True
137363,True
137364,False
137365,True
137366,False
137367,False
137368,False
137369,False
137370,True
137371,False
137372,False
137373,True
137374,False
137375,False
137376,False
137377,False
137378,False
137379,False
137380,False
137381,False
137382,False
137383,True
137384,False
137385,True
137386,False
137387,False
137388,False
137389,False
137390,False
137391,False
137392,True
137393,True
137394,True
137395,False
137396,True
137397,False
137398,True
137399,False
137400,False
137401,False
137402,True
137403,False
137404,False
137405,False
137406,False
137407,False
137408,False
137409,False
137410,False
137411,False
137412,True
137413,False
137414,False
137415,True
137416,True
137417,False
137418,False
137419,False
137420,False
137421,True
137422,True
137423,False
137424,True
137425,False
137426,False
137427,False
137428,False
137429,True
137430,True
137431,False
137432,False
137433,True
137434,True
137435,False
137436,True
137437,False
137438,False
137439,False
137440,True
137441,False
137442,False
137443,True
137444,False
137445,True
137446,True
137447,False
137448,False
137449,True
137450,True
137451,True
137452,False
137453,False
137454,True
137455,False
137456,False
137457,False
137458,False
137459,False
137460,False
137461,False
137462,False
137463,True
137464,False
137465,True
137466,False
137467,False
137468,False
137469,False
137470,False
137471,False
137472,False
137473,False
137474,False
137475,False
137476,False
137477,True
137478,True
137479,False
137480,True
137481,False
137482,False
137483,False
137484,True
137485,False
137486,True
137487,False
137488,False
137489,False
137490,False
137491,False
137492,False
137493,False
137494,False
137495,False
137496,False
137497,True
137498,False
137499,False
137500,False
137501,False
137502,False
137503,True
137504,True
137505,False
137506,False
137507,False
137508,False
137509,False
137510,False
137511,False
137512,False
137513,False
137514,True
137515,False
137516,True
137517,False
137518,True
137519,False
137520,False
137521,False
137522,False
137523,False
137524,False
137525,False
137526,False
137527,True
137528,True
137529,False
137530,True
137531,False
137532,True
137533,True
137534,False
137535,False
137536,True
137537,True
137538,True
137539,False
137540,False
137541,False
137542,False
137543,False
137544,False
137545,False
137546,False
137547,False
137548,False
137549,False
137550,True
137551,True
137552,True
137553,False
137554,False
137555,False
137556,False
137557,True
137558,True
137559,True
137560,False
137561,False
137562,False
137563,False
137564,False
137565,True
137566,True
137567,True
137568,False
137569,False
137570,False
137571,True
137572,False
137573,False
137574,True
137575,False
137576,True
137577,False
137578,False
137579,True
137580,False
137581,False
137582,True
137583,False
137584,False
137585,False
137586,True
137587,False
137588,False
137589,True
137590,False
137591,False
137592,False
137593,True
137594,False
137595,False
137596,True
137597,False
137598,True
137599,False
137600,False
137601,True
137602,False
137603,True
137604,False
137605,False
137606,False
137607,True
137608,False
137609,False
137610,True
137611,True
137612,False
137613,False
137614,True
137615,False
137616,False
137617,False
137618,False
137619,False
137620,False
137621,True
137622,True
137623,True
137624,True
137625,False
137626,False
137627,False
137628,False
137629,True
137630,False
137631,False
137632,True
137633,False
137634,False
137635,False
137636,False
137637,False
137638,True
137639,True
137640,False
137641,False
137642,False
137643,False
137644,False
137645,True
137646,False
137647,True
137648,False
137649,False
137650,True
137651,False
137652,False
137653,False
137654,True
137655,True
137656,True
137657,True
137658,True
137659,False
137660,False
137661,False
137662,True
137663,False
137664,True
137665,False
137666,False
137667,False
137668,False
137669,False
137670,True
137671,True
137672,True
137673,False
137674,True
137675,False
137676,True
137677,False
137678,False
137679,False
137680,False
137681,False
137682,False
137683,False
137684,True
137685,True
137686,False
137687,False
137688,False
137689,False
137690,True
137691,False
137692,False
137693,False
137694,False
137695,True
137696,True
137697,False
137698,False
137699,False
137700,False
137701,True
137702,True
137703,False
137704,True
137705,False
137706,False
137707,False
137708,False
137709,False
137710,False
137711,False
137712,False
137713,False
137714,False
137715,True
137716,False
137717,False
137718,False
137719,False
137720,True
137721,False
137722,False
137723,False
137724,True
137725,True
137726,False
137727,False
137728,True
137729,False
137730,True
137731,False
137732,False
137733,False
137734,False
137735,False
137736,False
137737,False
137738,True
137739,False
137740,True
137741,False
137742,False
137743,False
137744,False
137745,True
137746,False
137747,False
137748,False
137749,False
137750,True
137751,True
137752,False
137753,False
137754,False
137755,True
137756,False
137757,True
137758,False
137759,False
137760,False
137761,False
137762,False
137763,True
137764,False
137765,False
137766,False
137767,True
137768,True
137769,False
137770,False
137771,True
137772,True
137773,True
137774,False
137775,False
137776,False
137777,False
137778,False
137779,False
137780,False
137781,False
137782,False
137783,False
137784,False
137785,False
137786,False
137787,False
137788,False
137789,False
137790,False
137791,False
137792,True
137793,False
137794,False
137795,False
137796,False
137797,True
137798,False
137799,False
137800,False
137801,True
137802,True
137803,True
137804,True
137805,True
137806,False
137807,True
137808,True
137809,True
137810,False
137811,False
137812,False
137813,True
137814,True
137815,True
137816,False
137817,False
137818,False
137819,False
137820,False
137821,False
137822,True
137823,False
137824,True
137825,False
137826,True
137827,False
137828,False
137829,True
137830,True
137831,False
137832,False
137833,True
137834,False
137835,True
137836,True
137837,False
137838,False
137839,False
137840,True
137841,False
137842,False
137843,True
137844,False
137845,True
137846,False
137847,False
137848,False
137849,False
137850,False
137851,False
137852,True
137853,True
137854,True
137855,False
137856,False
137857,True
137858,False
137859,True
137860,True
137861,False
137862,False
137863,True
137864,True
137865,False
137866,False
137867,False
137868,False
137869,False
137870,False
137871,False
137872,True
137873,True
137874,False
137875,False
137876,False
137877,True
137878,False
137879,True
137880,False
137881,True
137882,False
137883,False
137884,False
137885,False
137886,False
137887,False
137888,True
137889,True
137890,False
137891,False
137892,False
137893,True
137894,True
137895,False
137896,False
137897,False
137898,True
137899,False
137900,False
137901,False
137902,False
137903,False
137904,True
137905,True
137906,True
137907,False
137908,False
137909,False
137910,False
137911,False
137912,False
137913,False
137914,False
137915,False
137916,False
137917,False
137918,True
137919,True
137920,False
137921,False
137922,False
137923,False
137924,False
137925,False
137926,True
137927,False
137928,False
137929,False
137930,False
137931,False
137932,False
137933,False
137934,True
137935,False
137936,False
137937,False
137938,True
137939,False
137940,True
137941,True
137942,False
137943,True
137944,True
137945,False
137946,False
137947,True
137948,True
137949,True
137950,False
137951,True
137952,False
137953,False
137954,False
137955,False
137956,False
137957,False
137958,False
137959,False
137960,False
137961,False
137962,True
137963,False
137964,False
137965,True
137966,False
137967,False
137968,True
137969,False
137970,True
137971,True
137972,False
137973,False
137974,False
137975,False
137976,False
137977,False
137978,False
137979,False
137980,False
137981,True
137982,False
137983,True
137984,True
137985,False
137986,False
137987,False
137988,False
137989,False
137990,False
137991,False
137992,True
137993,False
137994,True
137995,False
137996,False
137997,False
137998,True
137999,True
138000,True
138001,True
138002,False
138003,False
138004,True
138005,True
138006,True
138007,True
138008,True
138009,False
138010,False
138011,False
138012,True
138013,False
138014,False
138015,False
138016,True
138017,False
138018,False
138019,True
138020,False
138021,False
138022,False
138023,True
138024,False
138025,False
138026,False
138027,False
138028,True
138029,False
138030,False
138031,False
138032,True
138033,True
138034,False
138035,False
138036,True
138037,True
138038,False
138039,True
138040,False
138041,True
138042,False
138043,False
138044,False
138045,True
138046,True
138047,False
138048,True
138049,False
138050,False
138051,False
138052,True
138053,False
138054,False
138055,False
138056,False
138057,False
138058,False
138059,False
138060,True
138061,True
138062,True
138063,True
138064,False
138065,True
138066,False
138067,False
138068,True
138069,True
138070,False
138071,True
138072,False
138073,True
138074,False
138075,True
138076,True
138077,False
138078,False
138079,False
138080,False
138081,False
138082,False
138083,False
138084,False
138085,True
138086,True
138087,False
138088,False
138089,True
138090,False
138091,True
138092,True
138093,False
138094,False
138095,False
138096,False
138097,True
138098,False
138099,True
138100,False
138101,False
138102,False
138103,True
138104,True
138105,False
138106,True
138107,False
138108,True
138109,False
138110,True
138111,False
138112,False
138113,False
138114,False
138115,True
138116,False
138117,False
138118,False
138119,False
138120,True
138121,False
138122,False
138123,False
138124,False
138125,False
138126,False
138127,False
138128,True
138129,False
138130,False
138131,False
138132,False
138133,False
138134,True
138135,False
138136,True
138137,False
138138,True
138139,True
138140,False
138141,False
138142,False
138143,False
138144,False
138145,False
138146,False
138147,False
138148,False
138149,False
138150,False
138151,True
138152,False
138153,False
138154,True
138155,False
138156,False
138157,True
138158,False
138159,False
138160,True
138161,True
138162,False
138163,True
138164,False
138165,False
138166,False
138167,True
138168,True
138169,False
138170,True
138171,False
138172,False
138173,False
138174,False
138175,False
138176,False
138177,False
138178,True
138179,False
138180,True
138181,False
138182,True
138183,True
138184,True
138185,False
138186,False
138187,False
138188,True
138189,False
138190,True
138191,False
138192,False
138193,False
138194,False
138195,False
138196,False
138197,False
138198,False
138199,False
138200,True
138201,False
138202,False
138203,False
138204,False
138205,True
138206,True
138207,False
138208,False
138209,True
138210,True
138211,False
138212,False
138213,True
138214,True
138215,False
138216,True
138217,False
138218,False
138219,True
138220,True
138221,False
138222,True
138223,False
138224,True
138225,False
138226,True
138227,True
138228,False
138229,True
138230,False
138231,False
138232,False
138233,True
138234,False
138235,False
138236,False
138237,False
138238,False
138239,False
138240,False
138241,True
138242,False
138243,True
138244,True
138245,False
138246,False
138247,False
138248,False
138249,True
138250,False
138251,True
138252,True
138253,False
138254,False
138255,False
138256,True
138257,True
138258,True
138259,False
138260,False
138261,False
138262,False
138263,False
138264,True
138265,False
138266,False
138267,False
138268,False
138269,True
138270,False
138271,False
138272,False
138273,False
138274,True
138275,False
138276,False
138277,True
138278,False
138279,False
138280,False
138281,False
138282,False
138283,True
138284,False
138285,False
138286,False
138287,False
138288,False
138289,False
138290,False
138291,False
138292,False
138293,False
138294,False
138295,True
138296,True
138297,True
138298,False
138299,False
138300,True
138301,True
138302,False
138303,False
138304,True
138305,False
138306,False
138307,False
138308,False
138309,False
138310,False
138311,True
138312,False
138313,False
138314,True
138315,False
138316,True
138317,False
138318,False
138319,False
138320,True
138321,False
138322,False
138323,True
138324,False
138325,True
138326,False
138327,False
138328,False
138329,False
138330,False
138331,True
138332,False
138333,False
138334,True
138335,False
138336,True
138337,True
138338,True
138339,False
138340,False
138341,True
138342,False
138343,False
138344,True
138345,False
138346,True
138347,False
138348,False
138349,True
138350,False
138351,False
138352,False
138353,False
138354,False
138355,False
138356,False
138357,False
138358,False
138359,True
138360,False
138361,False
138362,True
138363,False
138364,False
138365,False
138366,False
138367,False
138368,False
138369,False
138370,False
138371,False
138372,False
138373,True
138374,True
138375,False
138376,True
138377,True
138378,True
138379,False
138380,False
138381,True
138382,True
138383,False
138384,False
138385,False
138386,False
138387,False
138388,True
138389,False
138390,True
138391,False
138392,False
138393,False
138394,False
138395,True
138396,False
138397,True
138398,True
138399,False
138400,False
138401,False
138402,True
138403,False
138404,False
138405,False
138406,False
138407,True
138408,False
138409,True
138410,False
138411,False
138412,False
138413,False
138414,False
138415,True
138416,False
138417,True
138418,True
138419,True
138420,False
138421,True
138422,False
138423,True
138424,True
138425,False
138426,False
138427,False
138428,False
138429,False
138430,False
138431,False
138432,False
138433,False
138434,True
138435,False
138436,True
138437,False
138438,True
138439,False
138440,True
138441,False
138442,False
138443,False
138444,False
138445,False
138446,False
138447,False
138448,False
138449,False
138450,True
138451,False
138452,True
138453,False
138454,False
138455,False
138456,False
138457,False
138458,False
138459,False
138460,False
138461,True
138462,True
138463,False
138464,False
138465,False
138466,False
138467,True
138468,False
138469,False
138470,False
138471,False
138472,True
138473,True
138474,True
138475,False
138476,False
138477,True
138478,True
138479,False
138480,False
138481,False
138482,True
138483,True
138484,False
138485,False
138486,False
138487,False
138488,False
138489,True
138490,False
138491,False
138492,True
138493,True
138494,False
138495,False
138496,True
138497,False
138498,True
138499,False
138500,False
138501,False
138502,False
138503,False
138504,False
138505,False
138506,True
138507,False
138508,True
138509,True
138510,False
138511,False
138512,False
138513,False
138514,True
138515,False
138516,True
138517,False
138518,False
138519,False
138520,False
138521,True
138522,True
138523,False
138524,True
138525,False
138526,False
138527,True
138528,True
138529,True
138530,True
138531,False
138532,False
138533,False
138534,False
138535,False
138536,True
138537,False
138538,False
138539,True
138540,True
138541,False
138542,True
138543,False
138544,False
138545,True
138546,False
138547,True
138548,True
138549,False
138550,True
138551,False
138552,False
138553,True
138554,False
138555,True
138556,False
138557,False
138558,False
138559,False
138560,False
138561,False
138562,False
138563,False
138564,False
138565,False
138566,False
138567,False
138568,False
138569,True
138570,False
138571,False
138572,False
138573,True
138574,False
138575,False
138576,False
138577,False
138578,False
138579,False
138580,True
138581,False
138582,False
138583,False
138584,True
138585,False
138586,True
138587,False
138588,False
138589,False
138590,False
138591,False
138592,False
138593,False
138594,False
138595,True
138596,False
138597,False
138598,False
138599,False
138600,False
138601,False
138602,True
138603,False
138604,False
138605,True
138606,False
138607,False
138608,True
138609,True
138610,True
138611,False
138612,True
138613,False
138614,True
138615,True
138616,False
138617,False
138618,False
138619,False
138620,False
138621,False
138622,True
138623,False
138624,True
138625,False
138626,False
138627,False
138628,False
138629,True
138630,True
138631,False
138632,False
138633,True
138634,False
138635,True
138636,False
138637,True
138638,False
138639,False
138640,True
138641,True
138642,False
138643,True
138644,False
138645,True
138646,True
138647,False
138648,True
138649,False
138650,False
138651,False
138652,False
138653,False
138654,True
138655,False
138656,False
138657,False
138658,False
138659,False
138660,False
138661,True
138662,False
138663,True
138664,False
138665,False
138666,False
138667,True
138668,False
138669,True
138670,True
138671,False
138672,True
138673,False
138674,True
138675,True
138676,True
138677,True
138678,True
138679,False
138680,False
138681,False
138682,True
138683,False
138684,False
138685,False
138686,True
138687,True
138688,False
138689,True
138690,False
138691,True
138692,False
138693,False
138694,False
138695,True
138696,False
138697,True
138698,True
138699,False
138700,False
138701,False
138702,False
138703,False
138704,True
138705,True
138706,True
138707,False
138708,True
138709,False
138710,False
138711,False
138712,True
138713,True
138714,False
138715,False
138716,False
138717,True
138718,True
138719,False
138720,True
138721,False
138722,False
138723,False
138724,False
138725,False
138726,False
138727,False
138728,False
138729,True
138730,True
138731,False
138732,True
138733,False
138734,False
138735,False
138736,False
138737,False
138738,False
138739,False
138740,False
138741,False
138742,True
138743,True
138744,True
138745,False
138746,True
138747,False
138748,False
138749,False
138750,False
138751,False
138752,False
138753,False
138754,False
138755,True
138756,True
138757,False
138758,False
138759,True
138760,False
138761,False
138762,False
138763,True
138764,False
138765,False
138766,False
138767,False
138768,False
138769,False
138770,False
138771,True
138772,False
138773,False
138774,False
138775,False
138776,False
138777,False
138778,False
138779,False
138780,False
138781,False
138782,False
138783,False
138784,True
138785,False
138786,True
138787,True
138788,False
138789,False
138790,False
138791,False
138792,False
138793,False
138794,False
138795,True
138796,False
138797,False
138798,False
138799,True
138800,True
138801,False
138802,False
138803,False
138804,False
138805,True
138806,False
138807,False
138808,False
138809,False
138810,True
138811,False
138812,False
138813,False
138814,False
138815,False
138816,False
138817,False
138818,True
138819,False
138820,False
138821,False
138822,True
138823,False
138824,False
138825,False
138826,False
138827,False
138828,True
138829,True
138830,False
138831,True
138832,False
138833,True
138834,False
138835,False
138836,False
138837,True
138838,False
138839,False
138840,True
138841,True
138842,False
138843,False
138844,True
138845,False
138846,False
138847,False
138848,False
138849,False
138850,False
138851,False
138852,False
138853,True
138854,False
138855,False
138856,True
138857,True
138858,False
138859,True
138860,False
138861,True
138862,False
138863,True
138864,False
138865,True
138866,True
138867,False
138868,False
138869,False
138870,False
138871,False
138872,False
138873,False
138874,False
138875,True
138876,False
138877,True
138878,False
138879,False
138880,False
138881,True
138882,False
138883,False
138884,False
138885,True
138886,False
138887,True
138888,False
138889,True
138890,True
138891,False
138892,True
138893,True
138894,True
138895,False
138896,True
138897,False
138898,False
138899,False
138900,True
138901,False
138902,False
138903,False
138904,False
138905,False
138906,True
138907,False
138908,True
138909,False
138910,False
138911,False
138912,False
138913,False
138914,False
138915,False
138916,False
138917,True
138918,False
138919,False
138920,False
138921,False
138922,False
138923,False
138924,False
138925,True
138926,False
138927,False
138928,False
138929,False
138930,False
138931,True
138932,True
138933,True
138934,False
138935,False
138936,False
138937,False
138938,True
138939,False
138940,True
138941,False
138942,True
138943,True
138944,False
138945,False
138946,False
138947,True
138948,True
138949,False
138950,False
138951,False
138952,True
138953,False
138954,False
138955,False
138956,False
138957,False
138958,False
138959,True
138960,False
138961,False
138962,True
138963,True
138964,True
138965,False
138966,False
138967,False
138968,False
138969,False
138970,True
138971,False
138972,False
138973,False
138974,False
138975,True
138976,True
138977,False
138978,False
138979,False
138980,False
138981,False
138982,True
138983,False
138984,False
138985,True
138986,False
138987,True
138988,False
138989,False
138990,True
138991,True
138992,False
138993,False
138994,False
138995,False
138996,True
138997,False
138998,False
138999,True
139000,True
139001,True
139002,False
139003,False
139004,True
139005,True
139006,False
139007,False
139008,True
139009,False
139010,False
139011,False
139012,True
139013,False
139014,True
139015,True
139016,False
139017,False
139018,False
139019,False
139020,False
139021,False
139022,False
139023,False
139024,False
139025,False
139026,True
139027,False
139028,False
139029,False
139030,False
139031,False
139032,False
139033,True
139034,True
139035,False
139036,False
139037,True
139038,False
139039,True
139040,False
139041,False
139042,False
139043,True
139044,True
139045,False
139046,True
139047,False
139048,False
139049,True
139050,False
139051,True
139052,False
139053,True
139054,False
139055,True
139056,False
139057,False
139058,True
139059,False
139060,False
139061,False
139062,False
139063,False
139064,True
139065,False
139066,False
139067,True
139068,False
139069,False
139070,False
139071,False
139072,False
139073,False
139074,False
139075,False
139076,False
139077,False
139078,False
139079,False
139080,True
139081,False
139082,False
139083,True
139084,True
139085,False
139086,False
139087,True
139088,True
139089,False
139090,False
139091,True
139092,True
139093,False
139094,False
139095,False
139096,False
139097,True
139098,False
139099,False
139100,True
139101,False
139102,True
139103,False
139104,False
139105,False
139106,False
139107,True
139108,False
139109,True
139110,True
139111,True
139112,True
139113,False
139114,False
139115,True
139116,False
139117,False
139118,False
139119,False
139120,False
139121,False
139122,False
139123,False
139124,False
139125,False
139126,False
139127,False
139128,False
139129,False
139130,False
139131,False
139132,False
139133,False
139134,True
139135,True
139136,False
139137,True
139138,True
139139,True
139140,False
139141,True
139142,False
139143,True
139144,True
139145,False
139146,True
139147,False
139148,True
139149,True
139150,False
139151,False
139152,True
139153,False
139154,False
139155,False
139156,False
139157,True
139158,True
139159,True
139160,False
139161,True
139162,False
139163,False
139164,True
139165,False
139166,False
139167,False
139168,False
139169,False
139170,True
139171,False
139172,False
139173,True
139174,False
139175,True
139176,False
139177,False
139178,False
139179,False
139180,False
139181,True
139182,False
139183,False
139184,False
139185,False
139186,True
139187,False
139188,False
139189,False
139190,True
139191,True
139192,True
139193,True
139194,False
139195,False
139196,True
139197,True
139198,True
139199,True
139200,False
139201,True
139202,False
139203,True
139204,False
139205,False
139206,True
139207,True
139208,True
139209,False
139210,False
139211,False
139212,False
139213,False
139214,True
139215,False
139216,False
139217,True
139218,False
139219,False
139220,False
139221,True
139222,False
139223,False
139224,False
139225,False
139226,True
139227,False
139228,True
139229,True
139230,False
139231,True
139232,False
139233,False
139234,False
139235,True
139236,False
139237,True
139238,True
139239,True
139240,False
139241,False
139242,True
139243,True
139244,False
139245,True
139246,False
139247,False
139248,False
139249,False
139250,False
139251,False
139252,True
139253,True
139254,False
139255,False
139256,True
139257,True
139258,True
139259,False
139260,True
139261,True
139262,True
139263,True
139264,False
139265,True
139266,True
139267,True
139268,False
139269,True
139270,False
139271,False
139272,False
139273,False
139274,False
139275,False
139276,False
139277,True
139278,False
139279,True
139280,True
139281,False
139282,False
139283,True
139284,True
139285,True
139286,True
139287,False
139288,True
139289,False
139290,False
139291,True
139292,False
139293,False
139294,False
139295,False
139296,False
139297,True
139298,False
139299,False
139300,False
139301,False
139302,True
139303,True
139304,False
139305,True
139306,False
139307,True
139308,False
139309,True
139310,False
139311,False
139312,False
139313,False
139314,True
139315,True
139316,False
139317,False
139318,False
139319,False
139320,False
139321,True
139322,False
139323,True
139324,False
139325,True
139326,False
139327,False
139328,True
139329,True
139330,False
139331,False
139332,False
139333,False
139334,False
139335,True
139336,False
139337,False
139338,True
139339,False
139340,False
139341,False
139342,False
139343,False
139344,True
139345,False
139346,True
139347,False
139348,False
139349,True
139350,False
139351,False
139352,False
139353,True
139354,False
139355,True
139356,False
139357,False
139358,False
139359,False
139360,False
139361,True
139362,False
139363,False
139364,False
139365,False
139366,False
139367,False
139368,False
139369,False
139370,False
139371,True
139372,False
139373,True
139374,True
139375,True
139376,False
139377,False
139378,False
139379,False
139380,False
139381,True
139382,False
139383,False
139384,True
139385,False
139386,False
139387,True
139388,True
139389,True
139390,False
139391,True
139392,False
139393,True
139394,False
139395,True
139396,False
139397,True
139398,False
139399,False
139400,True
139401,False
139402,True
139403,True
139404,True
139405,True
139406,False
139407,True
139408,False
139409,False
139410,False
139411,True
139412,True
139413,False
139414,False
139415,False
139416,False
139417,False
139418,True
139419,False
139420,False
139421,False
139422,False
139423,False
139424,False
139425,False
139426,False
139427,False
139428,False
139429,False
139430,True
139431,False
139432,False
139433,False
139434,False
139435,False
139436,False
139437,False
139438,True
139439,True
139440,False
139441,True
139442,True
139443,False
139444,False
139445,False
139446,True
139447,True
139448,False
139449,False
139450,False
139451,False
139452,True
139453,False
139454,False
139455,True
139456,False
139457,True
139458,False
139459,True
139460,False
139461,False
139462,True
139463,False
139464,False
139465,False
139466,False
139467,False
139468,True
139469,True
139470,False
139471,False
139472,False
139473,False
139474,False
139475,False
139476,False
139477,True
139478,True
139479,False
139480,False
139481,True
139482,True
139483,False
139484,True
139485,False
139486,True
139487,False
139488,False
139489,True
139490,True
139491,False
139492,False
139493,False
139494,False
139495,True
139496,False
139497,True
139498,False
139499,False
139500,True
139501,False
139502,False
139503,True
139504,False
139505,False
139506,False
139507,False
139508,False
139509,False
139510,False
139511,True
139512,False
139513,False
139514,False
139515,False
139516,False
139517,False
139518,False
139519,False
139520,False
139521,False
139522,False
139523,False
139524,False
139525,False
139526,False
139527,False
139528,False
139529,True
139530,True
139531,True
139532,False
139533,False
139534,False
139535,False
139536,False
139537,True
139538,False
139539,True
139540,False
139541,False
139542,False
139543,True
139544,False
139545,False
139546,False
139547,False
139548,True
139549,True
139550,False
139551,False
139552,False
139553,True
139554,False
139555,True
139556,False
139557,True
139558,False
139559,True
139560,False
139561,False
139562,False
139563,False
139564,True
139565,False
139566,False
139567,True
139568,False
139569,False
139570,False
139571,False
139572,True
139573,False
139574,True
139575,False
139576,True
139577,True
139578,False
139579,False
139580,False
139581,False
139582,False
139583,False
139584,False
139585,False
139586,False
139587,True
139588,True
139589,False
139590,False
139591,False
139592,True
139593,True
139594,False
139595,False
139596,True
139597,False
139598,True
139599,True
139600,False
139601,False
139602,False
139603,True
139604,True
139605,False
139606,False
139607,False
139608,True
139609,False
139610,True
139611,False
139612,True
139613,False
139614,False
139615,False
139616,True
139617,False
139618,False
139619,False
139620,False
139621,True
139622,True
139623,False
139624,True
139625,False
139626,False
139627,True
139628,True
139629,False
139630,True
139631,True
139632,True
139633,True
139634,True
139635,False
139636,False
139637,False
139638,False
139639,False
139640,True
139641,True
139642,False
139643,False
139644,False
139645,False
139646,False
139647,True
139648,False
139649,False
139650,False
139651,False
139652,True
139653,False
139654,True
139655,True
139656,False
139657,False
139658,False
139659,False
139660,False
139661,False
139662,False
139663,False
139664,False
139665,True
139666,False
139667,False
139668,False
139669,True
139670,False
139671,False
139672,True
139673,True
139674,False
139675,True
139676,False
139677,False
139678,False
139679,True
139680,True
139681,False
139682,True
139683,False
139684,False
139685,True
139686,True
139687,False
139688,False
139689,False
139690,True
139691,False
139692,False
139693,False
139694,True
139695,False
139696,False
139697,True
139698,False
139699,False
139700,False
139701,False
139702,True
139703,False
139704,True
139705,True
139706,True
139707,False
139708,False
139709,False
139710,False
139711,True
139712,False
139713,True
139714,False
139715,True
139716,False
139717,False
139718,True
139719,False
139720,False
139721,False
139722,False
139723,False
139724,False
139725,True
139726,False
139727,False
139728,True
139729,False
139730,False
139731,True
139732,False
139733,False
139734,False
139735,False
139736,False
139737,False
139738,False
139739,False
139740,False
139741,True
139742,False
139743,True
139744,False
139745,False
139746,False
139747,False
139748,False
139749,False
139750,False
139751,False
139752,False
139753,False
139754,False
139755,False
139756,False
139757,False
139758,True
139759,True
139760,False
139761,False
139762,True
139763,False
139764,False
139765,True
139766,False
139767,True
139768,False
139769,True
139770,False
139771,False
139772,False
139773,True
139774,True
139775,True
139776,True
139777,False
139778,False
139779,False
139780,False
139781,False
139782,False
139783,False
139784,False
139785,False
139786,False
139787,False
139788,False
139789,True
139790,False
139791,False
139792,False
139793,False
139794,False
139795,False
139796,False
139797,True
139798,True
139799,False
139800,False
139801,True
139802,False
139803,False
139804,False
139805,False
139806,True
139807,False
139808,False
139809,False
139810,False
139811,False
139812,False
139813,False
139814,False
139815,False
139816,True
139817,True
139818,False
139819,True
139820,True
139821,False
139822,False
139823,False
139824,False
139825,False
139826,True
139827,False
139828,False
139829,False
139830,False
139831,False
139832,True
139833,False
139834,False
139835,False
139836,False
139837,False
139838,True
139839,False
139840,False
139841,False
139842,False
139843,False
139844,False
139845,False
139846,False
139847,True
139848,False
139849,False
139850,True
139851,False
139852,False
139853,False
139854,False
139855,False
139856,False
139857,False
139858,True
139859,False
139860,True
139861,False
139862,True
139863,False
139864,True
139865,True
139866,False
139867,False
139868,True
139869,True
139870,True
139871,True
139872,False
139873,True
139874,False
139875,False
139876,True
139877,False
139878,True
139879,False
139880,False
139881,False
139882,False
139883,True
139884,True
139885,False
139886,True
139887,False
139888,False
139889,False
139890,False
139891,True
139892,False
139893,False
139894,False
139895,False
139896,False
139897,False
139898,True
139899,True
139900,False
139901,True
139902,False
139903,False
139904,True
139905,False
139906,True
139907,False
139908,False
139909,False
139910,True
139911,True
139912,True
139913,False
139914,True
139915,True
139916,True
139917,False
139918,True
139919,True
139920,True
139921,False
139922,False
139923,False
139924,False
139925,True
139926,False
139927,True
139928,True
139929,False
139930,False
139931,False
139932,False
139933,False
139934,False
139935,True
139936,False
139937,False
139938,False
139939,True
139940,True
139941,False
139942,False
139943,False
139944,True
139945,False
139946,False
139947,False
139948,False
139949,True
139950,False
139951,False
139952,True
139953,False
139954,True
139955,False
139956,True
139957,False
139958,True
139959,False
139960,False
139961,False
139962,False
139963,True
139964,False
139965,True
139966,True
139967,True
139968,False
139969,False
139970,False
139971,True
139972,False
139973,True
139974,True
139975,False
139976,True
139977,False
139978,False
139979,False
139980,False
139981,True
139982,False
139983,False
139984,False
139985,True
139986,True
139987,True
139988,False
139989,False
139990,False
139991,False
139992,False
139993,True
139994,False
139995,False
139996,False
139997,False
139998,True
139999,True
140000,True
140001,False
140002,False
140003,False
140004,True
140005,False
140006,True
140007,True
140008,True
140009,False
140010,False
140011,False
140012,False
140013,False
140014,False
140015,True
140016,True
140017,True
140018,False
140019,False
140020,False
140021,False
140022,False
140023,False
140024,False
140025,False
140026,True
140027,True
140028,True
140029,True
140030,False
140031,False
140032,False
140033,False
140034,True
140035,True
140036,True
140037,False
140038,False
140039,False
140040,True
140041,True
140042,True
140043,False
140044,False
140045,False
140046,True
140047,False
140048,True
140049,True
140050,False
140051,True
140052,False
140053,False
140054,False
140055,True
140056,False
140057,True
140058,False
140059,False
140060,False
140061,True
140062,True
140063,False
140064,True
140065,False
140066,False
140067,False
140068,True
140069,False
140070,False
140071,False
140072,False
140073,False
140074,False
140075,False
140076,True
140077,False
140078,False
140079,True
140080,True
140081,False
140082,False
140083,False
140084,True
140085,False
140086,True
140087,True
140088,True
140089,False
140090,False
140091,True
140092,False
140093,False
140094,False
140095,True
140096,True
140097,True
140098,False
140099,False
140100,False
140101,False
140102,False
140103,False
140104,False
140105,False
140106,True
140107,False
140108,True
140109,True
140110,False
140111,False
140112,False
140113,True
140114,True
140115,True
140116,False
140117,False
140118,False
140119,False
140120,False
140121,False
140122,True
140123,False
140124,False
140125,True
140126,True
140127,True
140128,False
140129,False
140130,False
140131,True
140132,False
140133,False
140134,False
140135,False
140136,False
140137,True
140138,True
140139,False
140140,True
140141,False
140142,False
140143,False
140144,False
140145,False
140146,False
140147,False
140148,False
140149,True
140150,False
140151,True
140152,True
140153,True
140154,False
140155,False
140156,False
140157,False
140158,False
140159,False
140160,False
140161,True
140162,True
140163,False
140164,False
140165,False
140166,True
140167,True
140168,True
140169,False
140170,False
140171,False
140172,False
140173,False
140174,True
140175,True
140176,False
140177,False
140178,False
140179,True
140180,False
140181,False
140182,True
140183,False
140184,False
140185,True
140186,False
140187,False
140188,True
140189,True
140190,False
140191,False
140192,False
140193,False
140194,False
140195,True
140196,True
140197,True
140198,False
140199,True
140200,True
140201,True
140202,True
140203,True
140204,True
140205,True
140206,True
140207,True
140208,True
140209,False
140210,True
140211,False
140212,False
140213,False
140214,True
140215,True
140216,False
140217,True
140218,True
140219,False
140220,True
140221,False
140222,True
140223,False
140224,False
140225,True
140226,True
140227,False
140228,True
140229,False
140230,False
140231,False
140232,False
140233,True
140234,False
140235,True
140236,False
140237,True
140238,True
140239,True
140240,False
140241,True
140242,False
140243,False
140244,False
140245,False
140246,True
140247,False
140248,True
140249,False
140250,False
140251,False
140252,True
140253,False
140254,False
140255,False
140256,False
140257,False
140258,False
140259,True
140260,False
140261,True
140262,True
140263,False
140264,True
140265,True
140266,True
140267,False
140268,False
140269,False
140270,True
140271,True
140272,False
140273,False
140274,False
140275,True
140276,True
140277,True
140278,True
140279,False
140280,False
140281,True
140282,False
140283,True
140284,False
140285,False
140286,True
140287,False
140288,True
140289,False
140290,False
140291,False
140292,False
140293,False
140294,False
140295,True
140296,False
140297,False
140298,False
140299,False
140300,False
140301,True
140302,True
140303,False
140304,False
140305,False
140306,True
140307,True
140308,False
140309,False
140310,True
140311,True
140312,True
140313,True
140314,True
140315,False
140316,False
140317,False
140318,False
140319,True
140320,True
140321,False
140322,True
140323,False
140324,False
140325,False
140326,False
140327,False
140328,True
140329,True
140330,True
140331,False
140332,False
140333,True
140334,False
140335,False
140336,False
140337,True
140338,True
140339,False
140340,False
140341,False
140342,False
140343,True
140344,False
140345,False
140346,False
140347,True
140348,False
140349,False
140350,False
140351,True
140352,False
140353,False
140354,False
140355,True
140356,True
140357,True
140358,False
140359,False
140360,False
140361,False
140362,True
140363,False
140364,False
140365,False
140366,False
140367,False
140368,False
140369,True
140370,False
140371,True
140372,False
140373,True
140374,True
140375,True
140376,False
140377,False
140378,True
140379,True
140380,False
140381,False
140382,False
140383,False
140384,False
140385,True
140386,False
140387,True
140388,False
140389,False
140390,False
140391,True
140392,True
140393,False
140394,False
140395,True
140396,True
140397,True
140398,True
140399,True
140400,False
140401,False
140402,False
140403,False
140404,False
140405,False
140406,False
140407,True
140408,False
140409,False
140410,True
140411,False
140412,True
140413,False
140414,False
140415,True
140416,False
140417,True
140418,True
140419,True
140420,False
140421,False
140422,False
140423,False
140424,False
140425,False
140426,False
140427,False
140428,False
140429,False
140430,False
140431,False
140432,False
140433,False
140434,False
140435,False
140436,False
140437,True
140438,False
140439,False
140440,True
140441,False
140442,False
140443,False
140444,False
140445,False
140446,False
140447,True
140448,False
140449,False
140450,False
140451,False
140452,True
140453,True
140454,False
140455,True
140456,False
140457,False
140458,False
140459,False
140460,False
140461,False
140462,False
140463,False
140464,False
140465,False
140466,False
140467,False
140468,False
140469,False
140470,True
140471,True
140472,False
140473,True
140474,False
140475,False
140476,False
140477,False
140478,True
140479,True
140480,True
140481,False
140482,False
140483,False
140484,False
140485,True
140486,False
140487,False
140488,True
140489,False
140490,True
140491,False
140492,False
140493,False
140494,False
140495,True
140496,False
140497,True
140498,True
140499,False
140500,False
140501,True
140502,False
140503,True
140504,True
140505,False
140506,False
140507,True
140508,False
140509,False
140510,False
140511,True
140512,False
140513,False
140514,False
140515,False
140516,False
140517,False
140518,False
140519,False
140520,False
140521,False
140522,False
140523,True
140524,False
140525,True
140526,True
140527,True
140528,True
140529,False
140530,False
140531,False
140532,False
140533,False
140534,False
140535,False
140536,False
140537,False
140538,True
140539,False
140540,False
140541,True
140542,False
140543,False
140544,True
140545,False
140546,False
140547,True
140548,True
140549,False
140550,False
140551,False
140552,False
140553,False
140554,False
140555,False
140556,False
140557,True
140558,False
140559,False
140560,True
140561,False
140562,False
140563,True
140564,False
140565,False
140566,False
140567,True
140568,False
140569,True
140570,True
140571,True
140572,False
140573,False
140574,False
140575,False
140576,True
140577,False
140578,False
140579,True
140580,False
140581,False
140582,True
140583,True
140584,False
140585,False
140586,False
140587,True
140588,False
140589,False
140590,True
140591,True
140592,True
140593,False
140594,False
140595,False
140596,False
140597,False
140598,False
140599,False
140600,False
140601,False
140602,False
140603,True
140604,True
140605,True
140606,True
140607,True
140608,False
140609,True
140610,False
140611,False
140612,True
140613,True
140614,False
140615,True
140616,True
140617,False
140618,False
140619,False
140620,True
140621,False
140622,False
140623,False
140624,True
140625,True
140626,False
140627,False
140628,True
140629,False
140630,False
140631,False
140632,False
140633,False
140634,True
140635,False
140636,True
140637,False
140638,False
140639,True
140640,False
140641,False
140642,False
140643,False
140644,False
140645,False
140646,True
140647,True
140648,False
140649,True
140650,False
140651,True
140652,False
140653,False
140654,False
140655,False
140656,False
140657,False
140658,True
140659,False
140660,False
140661,False
140662,False
140663,True
140664,False
140665,False
140666,True
140667,False
140668,False
140669,True
140670,True
140671,True
140672,False
140673,False
140674,False
140675,True
140676,True
140677,True
140678,True
140679,True
140680,False
140681,False
140682,True
140683,True
140684,True
140685,False
140686,False
140687,True
140688,True
140689,True
140690,False
140691,False
140692,False
140693,False
140694,True
140695,False
140696,False
140697,False
140698,True
140699,True
140700,True
140701,True
140702,True
140703,False
140704,True
140705,False
140706,False
140707,True
140708,True
140709,True
140710,True
140711,False
140712,False
140713,False
140714,False
140715,False
140716,True
140717,False
140718,False
140719,False
140720,False
140721,False
140722,False
140723,True
140724,True
140725,True
140726,False
140727,True
140728,False
140729,False
140730,False
140731,False
140732,False
140733,True
140734,True
140735,True
140736,True
140737,False
140738,True
140739,False
140740,False
140741,False
140742,False
140743,False
140744,True
140745,False
140746,True
140747,False
140748,False
140749,False
140750,False
140751,True
140752,False
140753,False
140754,False
140755,True
140756,False
140757,False
140758,False
140759,False
140760,False
140761,True
140762,False
140763,True
140764,False
140765,False
140766,False
140767,True
140768,True
140769,False
140770,False
140771,False
140772,False
140773,False
140774,True
140775,False
140776,False
140777,False
140778,False
140779,True
140780,False
140781,True
140782,True
140783,False
140784,False
140785,True
140786,False
140787,True
140788,False
140789,True
140790,False
140791,True
140792,False
140793,False
140794,False
140795,False
140796,False
140797,True
140798,True
140799,True
140800,True
140801,False
140802,False
140803,False
140804,False
140805,True
140806,False
140807,False
140808,False
140809,False
140810,False
140811,True
140812,False
140813,True
140814,False
140815,False
140816,True
140817,True
140818,False
140819,False
140820,False
140821,True
140822,False
140823,False
140824,False
140825,False
140826,False
140827,True
140828,False
140829,False
140830,True
140831,False
140832,True
140833,False
140834,False
140835,False
140836,True
140837,False
140838,True
140839,True
140840,False
140841,False
140842,True
140843,False
140844,False
140845,True
140846,False
140847,False
140848,True
140849,False
140850,True
140851,False
140852,True
140853,True
140854,True
140855,False
140856,False
140857,False
140858,False
140859,False
140860,False
140861,False
140862,False
140863,False
140864,False
140865,True
140866,True
140867,True
140868,False
140869,False
140870,True
140871,False
140872,False
140873,False
140874,False
140875,False
140876,False
140877,True
140878,True
140879,False
140880,False
140881,False
140882,False
140883,True
140884,False
140885,True
140886,False
140887,False
140888,True
140889,False
140890,True
140891,False
140892,False
140893,True
140894,True
140895,False
140896,True
140897,False
140898,True
140899,True
140900,True
140901,True
140902,False
140903,False
140904,False
140905,True
140906,False
140907,False
140908,False
140909,False
140910,False
140911,True
140912,False
140913,False
140914,False
140915,True
140916,False
140917,False
140918,False
140919,True
140920,False
140921,True
140922,True
140923,False
140924,False
140925,False
140926,True
140927,False
140928,True
140929,False
140930,True
140931,False
140932,True
140933,False
140934,True
140935,False
140936,False
140937,True
140938,False
140939,False
140940,True
140941,False
140942,True
140943,True
140944,False
140945,True
140946,True
140947,False
140948,True
140949,False
140950,False
140951,True
140952,False
140953,True
140954,False
140955,False
140956,False
140957,False
140958,False
140959,False
140960,False
140961,False
140962,True
140963,False
140964,True
140965,False
140966,True
140967,True
140968,False
140969,True
140970,True
140971,False
140972,False
140973,False
140974,False
140975,True
140976,True
140977,False
140978,False
140979,False
140980,False
140981,False
140982,False
140983,False
140984,False
140985,False
140986,False
140987,True
140988,True
140989,False
140990,False
140991,False
140992,False
140993,False
140994,True
140995,False
140996,False
140997,True
140998,False
140999,False
141000,False
141001,True
141002,False
141003,False
141004,True
141005,False
141006,False
141007,True
141008,False
141009,False
141010,False
141011,False
141012,False
141013,True
141014,False
141015,False
141016,False
141017,False
141018,False
141019,False
141020,True
141021,False
141022,False
141023,False
141024,False
141025,True
141026,True
141027,True
141028,False
141029,True
141030,False
141031,False
141032,True
141033,True
141034,False
141035,True
141036,False
141037,False
141038,False
141039,False
141040,False
141041,False
141042,False
141043,False
141044,True
141045,False
141046,False
141047,True
141048,True
141049,False
141050,False
141051,False
141052,False
141053,False
141054,False
141055,True
141056,True
141057,False
141058,False
141059,True
141060,True
141061,False
141062,False
141063,False
141064,False
141065,False
141066,False
141067,False
141068,False
141069,False
141070,False
141071,False
141072,True
141073,True
141074,False
141075,True
141076,False
141077,False
141078,True
141079,False
141080,True
141081,False
141082,True
141083,False
141084,False
141085,False
141086,True
141087,False
141088,False
141089,True
141090,False
141091,False
141092,False
141093,False
141094,True
141095,False
141096,False
141097,True
141098,False
141099,False
141100,True
141101,False
141102,False
141103,False
141104,False
141105,False
141106,False
141107,False
141108,False
141109,False
141110,False
141111,False
141112,False
141113,False
141114,False
141115,False
141116,False
141117,False
141118,False
141119,False
141120,False
141121,False
141122,True
141123,False
141124,True
141125,True
141126,False
141127,True
141128,True
141129,True
141130,False
141131,True
141132,False
141133,False
141134,True
141135,False
141136,False
141137,True
141138,True
141139,True
141140,False
141141,False
141142,False
141143,False
141144,False
141145,False
141146,False
141147,False
141148,True
141149,False
141150,False
141151,False
141152,True
141153,True
141154,False
141155,False
141156,True
141157,False
141158,True
141159,True
141160,False
141161,False
141162,False
141163,False
141164,True
141165,False
141166,True
141167,False
141168,True
141169,True
141170,True
141171,False
141172,False
141173,False
141174,False
141175,False
141176,True
141177,True
141178,True
141179,True
141180,True
141181,True
141182,False
141183,False
141184,True
141185,True
141186,False
141187,False
141188,False
141189,False
141190,False
141191,True
141192,True
141193,False
141194,False
141195,False
141196,False
141197,False
141198,False
141199,False
141200,True
141201,True
141202,True
141203,False
141204,False
141205,False
141206,False
141207,False
141208,True
141209,False
141210,True
141211,True
141212,False
141213,False
141214,False
141215,True
141216,False
141217,True
141218,False
141219,False
141220,False
141221,True
141222,False
141223,False
141224,True
141225,False
141226,False
141227,False
141228,True
141229,False
141230,False
141231,False
141232,False
141233,True
141234,False
141235,True
141236,True
141237,False
141238,True
141239,True
141240,False
141241,False
141242,False
141243,False
141244,False
141245,False
141246,False
141247,True
141248,True
141249,True
141250,False
141251,False
141252,True
141253,False
141254,True
141255,True
141256,False
141257,False
141258,False
141259,False
141260,True
141261,True
141262,False
141263,False
141264,False
141265,True
141266,False
141267,False
141268,False
141269,False
141270,False
141271,False
141272,True
141273,False
141274,False
141275,False
141276,False
141277,False
141278,True
141279,False
141280,False
141281,False
141282,False
141283,False
141284,False
141285,True
141286,False
141287,True
141288,True
141289,True
141290,False
141291,True
141292,True
141293,False
141294,True
141295,False
141296,False
141297,False
141298,False
141299,True
141300,True
141301,False
141302,True
141303,False
141304,False
141305,False
141306,False
141307,False
141308,True
141309,True
141310,False
141311,True
141312,False
141313,True
141314,False
141315,True
141316,True
141317,True
141318,False
141319,False
141320,False
141321,False
141322,False
141323,False
141324,True
141325,False
141326,False
141327,True
141328,False
141329,True
141330,True
141331,False
141332,False
141333,True
141334,True
141335,False
141336,False
141337,True
141338,False
141339,False
141340,False
141341,True
141342,False
141343,False
141344,False
141345,True
141346,True
141347,True
141348,True
141349,False
141350,False
141351,True
141352,True
141353,True
141354,False
141355,False
141356,False
141357,False
141358,True
141359,True
141360,False
141361,False
141362,False
141363,False
141364,False
141365,True
141366,True
141367,True
141368,False
141369,True
141370,True
141371,False
141372,False
141373,False
141374,False
141375,True
141376,False
141377,False
141378,False
141379,False
141380,False
141381,False
141382,False
141383,True
141384,True
141385,True
141386,True
141387,False
141388,True
141389,False
141390,False
141391,False
141392,True
141393,False
141394,False
141395,False
141396,False
141397,False
141398,False
141399,False
141400,False
141401,False
141402,True
141403,False
141404,False
141405,False
141406,False
141407,False
141408,True
141409,False
141410,True
141411,False
141412,True
141413,False
141414,False
141415,False
141416,False
141417,False
141418,False
141419,False
141420,False
141421,False
141422,True
141423,False
141424,False
141425,False
141426,False
141427,False
141428,True
141429,True
141430,True
141431,False
141432,False
141433,False
141434,False
141435,False
141436,True
141437,False
141438,False
141439,False
141440,True
141441,False
141442,False
141443,False
141444,True
141445,False
141446,False
141447,False
141448,True
141449,True
141450,True
141451,False
141452,True
141453,True
141454,True
141455,True
141456,False
141457,False
141458,False
141459,True
141460,False
141461,True
141462,False
141463,False
141464,False
141465,True
141466,True
141467,True
141468,False
141469,False
141470,False
141471,True
141472,False
141473,True
141474,True
141475,True
141476,True
141477,True
141478,False
141479,False
141480,False
141481,False
141482,False
141483,False
141484,False
141485,True
141486,False
141487,False
141488,False
141489,False
141490,True
141491,False
141492,False
141493,True
141494,True
141495,True
141496,True
141497,True
141498,True
141499,True
141500,False
141501,False
141502,True
141503,False
141504,False
141505,False
141506,False
141507,False
141508,False
141509,True
141510,False
141511,True
141512,False
141513,True
141514,False
141515,False
141516,False
141517,False
141518,False
141519,True
141520,True
141521,True
141522,True
141523,False
141524,True
141525,False
141526,True
141527,False
141528,False
141529,False
141530,False
141531,False
141532,True
141533,True
141534,False
141535,False
141536,False
141537,True
141538,False
141539,True
141540,False
141541,False
141542,False
141543,False
141544,False
141545,False
141546,False
141547,False
141548,False
141549,False
141550,False
141551,False
141552,True
141553,False
141554,False
141555,False
141556,False
141557,True
141558,False
141559,False
141560,True
141561,False
141562,False
141563,False
141564,True
141565,False
141566,False
141567,True
141568,False
141569,True
141570,True
141571,True
141572,False
141573,False
141574,False
141575,True
141576,True
141577,True
141578,True
141579,False
141580,False
141581,True
141582,False
141583,False
141584,False
141585,False
141586,False
141587,False
141588,True
141589,True
141590,False
141591,False
141592,False
141593,False
141594,False
141595,True
141596,False
141597,False
141598,False
141599,False
141600,False
141601,True
141602,True
141603,True
141604,True
141605,True
141606,False
141607,False
141608,False
141609,False
141610,False
141611,True
141612,True
141613,True
141614,True
141615,False
141616,False
141617,False
141618,False
141619,True
141620,False
141621,False
141622,False
141623,False
141624,False
141625,False
141626,False
141627,False
141628,False
141629,False
141630,False
141631,False
141632,False
141633,False
141634,False
141635,True
141636,True
141637,False
141638,True
141639,True
141640,False
141641,True
141642,True
141643,False
141644,True
141645,False
141646,True
141647,False
141648,False
141649,False
141650,False
141651,False
141652,True
141653,True
141654,False
141655,False
141656,False
141657,False
141658,False
141659,False
141660,False
141661,False
141662,False
141663,False
141664,False
141665,True
141666,True
141667,False
141668,False
141669,True
141670,False
141671,True
141672,False
141673,True
141674,True
141675,False
141676,False
141677,False
141678,True
141679,False
141680,False
141681,False
141682,False
141683,False
141684,False
141685,True
141686,False
141687,True
141688,False
141689,False
141690,True
141691,False
141692,False
141693,False
141694,True
141695,True
141696,True
141697,True
141698,False
141699,False
141700,True
141701,False
141702,False
141703,False
141704,True
141705,False
141706,False
141707,False
141708,True
141709,False
141710,False
141711,False
141712,False
141713,False
141714,False
141715,True
141716,True
141717,False
141718,False
141719,False
141720,False
141721,False
141722,True
141723,False
141724,True
141725,False
141726,False
141727,True
141728,False
141729,False
141730,True
141731,False
141732,False
141733,False
141734,False
141735,False
141736,True
141737,False
141738,True
141739,True
141740,True
141741,False
141742,False
141743,False
141744,True
141745,False
141746,False
141747,False
141748,False
141749,False
141750,False
141751,False
141752,True
141753,True
141754,False
141755,False
141756,False
141757,False
141758,False
141759,False
141760,False
141761,True
141762,False
141763,False
141764,True
141765,False
141766,False
141767,False
141768,False
141769,False
141770,False
141771,True
141772,True
141773,True
141774,False
141775,False
141776,False
141777,False
141778,True
141779,False
141780,True
141781,True
141782,False
141783,True
141784,False
141785,True
141786,True
141787,False
141788,True
141789,False
141790,True
141791,True
141792,False
141793,False
141794,True
141795,False
141796,False
141797,False
141798,False
141799,True
141800,False
141801,True
141802,False
141803,False
141804,False
141805,True
141806,False
141807,True
141808,False
141809,False
141810,True
141811,True
141812,True
141813,True
141814,True
141815,True
141816,True
141817,False
141818,False
141819,False
141820,False
141821,False
141822,True
141823,False
141824,True
141825,True
141826,False
141827,False
141828,False
141829,True
141830,True
141831,False
141832,True
141833,True
141834,True
141835,False
141836,True
141837,False
141838,False
141839,False
141840,False
141841,False
141842,False
141843,False
141844,False
141845,True
141846,False
141847,True
141848,True
141849,False
141850,False
141851,False
141852,False
141853,False
141854,False
141855,False
141856,False
141857,True
141858,False
141859,True
141860,True
141861,False
141862,True
141863,False
141864,True
141865,False
141866,False
141867,False
141868,True
141869,False
141870,False
141871,False
141872,True
141873,False
141874,False
141875,False
141876,False
141877,False
141878,False
141879,False
141880,False
141881,False
141882,True
141883,False
141884,False
141885,True
141886,True
141887,True
141888,True
141889,False
141890,True
141891,False
141892,False
141893,False
141894,False
141895,True
141896,False
141897,False
141898,False
141899,True
141900,True
141901,False
141902,True
141903,False
141904,False
141905,False
141906,False
141907,False
141908,True
141909,True
141910,False
141911,False
141912,True
141913,False
141914,False
141915,True
141916,True
141917,False
141918,False
141919,True
141920,False
141921,False
141922,False
141923,True
141924,False
141925,False
141926,False
141927,False
141928,True
141929,False
141930,True
141931,False
141932,False
141933,False
141934,True
141935,False
141936,True
141937,False
141938,False
141939,True
141940,True
141941,True
141942,False
141943,False
141944,False
141945,False
141946,True
141947,False
141948,False
141949,True
141950,False
141951,True
141952,False
141953,False
141954,False
141955,True
141956,False
141957,False
141958,False
141959,False
141960,True
141961,True
141962,False
141963,False
141964,True
141965,True
141966,True
141967,False
141968,False
141969,True
141970,False
141971,True
141972,False
141973,False
141974,True
141975,False
141976,False
141977,True
141978,True
141979,True
141980,False
141981,False
141982,False
141983,True
141984,False
141985,False
141986,False
141987,False
141988,False
141989,False
141990,True
141991,False
141992,False
141993,False
141994,False
141995,True
141996,True
141997,True
141998,False
141999,False
142000,False
142001,False
142002,False
142003,False
142004,False
142005,True
142006,True
142007,False
142008,False
142009,False
142010,True
142011,True
142012,True
142013,True
142014,False
142015,False
142016,False
142017,False
142018,False
142019,True
142020,False
142021,False
142022,False
142023,True
142024,True
142025,True
142026,False
142027,False
142028,False
142029,False
142030,False
142031,False
142032,True
142033,True
142034,True
142035,False
142036,True
142037,True
142038,False
142039,True
142040,True
142041,False
142042,True
142043,False
142044,False
142045,False
142046,False
142047,False
142048,True
142049,False
142050,False
142051,False
142052,False
142053,True
142054,False
142055,True
142056,True
142057,False
142058,False
142059,False
142060,False
142061,True
142062,False
142063,False
142064,True
142065,False
142066,False
142067,False
142068,False
142069,True
142070,False
142071,True
142072,False
142073,True
142074,False
142075,False
142076,False
142077,True
142078,False
142079,False
142080,False
142081,True
142082,False
142083,False
142084,True
142085,True
142086,True
142087,False
142088,True
142089,False
142090,False
142091,False
142092,False
142093,False
142094,False
142095,False
142096,True
142097,False
142098,False
142099,False
142100,False
142101,True
142102,False
142103,False
142104,True
142105,False
142106,False
142107,False
142108,False
142109,True
142110,True
142111,False
142112,True
142113,False
142114,False
142115,False
142116,True
142117,False
142118,False
142119,True
142120,False
142121,False
142122,False
142123,True
142124,False
142125,False
142126,False
142127,False
142128,False
142129,False
142130,True
142131,True
142132,True
142133,False
142134,False
142135,False
142136,False
142137,False
142138,False
142139,True
142140,False
142141,False
142142,True
142143,True
142144,False
142145,False
142146,False
142147,False
142148,False
142149,False
142150,False
142151,True
142152,False
142153,True
142154,False
142155,False
142156,False
142157,False
142158,False
142159,False
142160,False
142161,False
142162,False
142163,False
142164,False
142165,True
142166,True
142167,True
142168,False
142169,True
142170,False
142171,False
142172,True
142173,True
142174,True
142175,False
142176,False
142177,False
142178,True
142179,True
142180,True
142181,True
142182,False
142183,False
142184,False
142185,False
142186,False
142187,False
142188,True
142189,True
142190,False
142191,False
142192,True
142193,False
142194,False
142195,True
142196,False
142197,False
142198,False
142199,False
142200,False
142201,False
142202,True
142203,True
142204,False
142205,False
142206,False
142207,False
142208,False
142209,True
142210,True
142211,True
142212,False
142213,False
142214,True
142215,False
142216,False
142217,True
142218,True
142219,False
142220,True
142221,False
142222,True
142223,False
142224,False
142225,False
142226,False
142227,True
142228,True
142229,True
142230,True
142231,True
142232,True
142233,True
142234,False
142235,True
142236,False
142237,False
142238,False
142239,True
142240,False
142241,True
142242,True
142243,False
142244,True
142245,False
142246,False
142247,False
142248,True
142249,False
142250,False
142251,False
142252,False
142253,False
142254,False
142255,False
142256,False
142257,False
142258,False
142259,False
142260,False
142261,False
142262,False
142263,False
142264,False
142265,True
142266,True
142267,False
142268,False
142269,True
142270,False
142271,False
142272,False
142273,False
142274,False
142275,True
142276,True
142277,False
142278,True
142279,True
142280,False
142281,False
142282,False
142283,False
142284,False
142285,False
142286,False
142287,True
142288,False
142289,False
142290,False
142291,True
142292,False
142293,False
142294,False
142295,False
142296,False
142297,True
142298,True
142299,True
142300,False
142301,False
142302,True
142303,False
142304,False
142305,False
142306,False
142307,False
142308,False
142309,True
142310,False
142311,False
142312,True
142313,False
142314,False
142315,True
142316,True
142317,True
142318,False
142319,False
142320,True
142321,False
142322,False
142323,True
142324,False
142325,True
142326,True
142327,True
142328,False
142329,False
142330,False
142331,False
142332,False
142333,True
142334,False
142335,False
142336,False
142337,False
142338,False
142339,False
142340,False
142341,False
142342,False
142343,False
142344,True
142345,False
142346,True
142347,False
142348,False
142349,False
142350,False
142351,True
142352,True
142353,True
142354,False
142355,False
142356,False
142357,False
142358,False
142359,False
142360,True
142361,True
142362,False
142363,False
142364,False
142365,True
142366,False
142367,False
142368,False
142369,True
142370,False
142371,False
142372,False
142373,True
142374,True
142375,False
142376,False
142377,False
142378,False
142379,True
142380,False
142381,False
142382,True
142383,False
142384,False
142385,True
142386,False
142387,False
142388,False
142389,False
142390,False
142391,False
142392,True
142393,True
142394,False
142395,False
142396,True
142397,False
142398,False
142399,False
142400,False
142401,True
142402,False
142403,False
142404,True
142405,False
142406,True
142407,False
142408,False
142409,True
142410,False
142411,False
142412,False
142413,False
142414,False
142415,False
142416,False
142417,False
142418,True
142419,False
142420,True
142421,False
142422,False
142423,False
142424,False
142425,True
142426,False
142427,False
142428,False
142429,False
142430,False
142431,False
142432,True
142433,False
142434,True
142435,False
142436,False
142437,False
142438,True
142439,False
142440,False
142441,False
142442,True
142443,False
142444,True
142445,False
142446,True
142447,False
142448,False
142449,True
142450,False
142451,False
142452,True
142453,True
142454,False
142455,True
142456,False
142457,False
142458,True
142459,False
142460,True
142461,False
142462,True
142463,False
142464,False
142465,False
142466,False
142467,False
142468,False
142469,False
142470,False
142471,True
142472,False
142473,False
142474,False
142475,False
142476,True
142477,False
142478,True
142479,True
142480,True
142481,False
142482,False
142483,False
142484,False
142485,False
142486,False
142487,True
142488,True
142489,True
142490,False
142491,False
142492,False
142493,False
142494,False
142495,False
142496,True
142497,False
142498,False
142499,True
142500,True
142501,True
142502,True
142503,True
142504,False
142505,False
142506,True
142507,False
142508,False
142509,False
142510,True
142511,False
142512,False
142513,False
142514,True
142515,False
142516,True
142517,False
142518,True
142519,False
142520,True
142521,False
142522,False
142523,False
142524,True
142525,True
142526,False
142527,False
142528,False
142529,False
142530,False
142531,False
142532,False
142533,False
142534,True
142535,False
142536,False
142537,False
142538,True
142539,False
142540,True
142541,False
142542,False
142543,True
142544,True
142545,True
142546,False
142547,False
142548,False
142549,False
142550,False
142551,False
142552,False
142553,False
142554,False
142555,True
142556,False
142557,False
142558,True
142559,False
142560,True
142561,False
142562,False
142563,False
142564,True
142565,False
142566,False
142567,True
142568,False
142569,False
142570,False
142571,False
142572,False
142573,False
142574,True
142575,True
142576,False
142577,True
142578,False
142579,False
142580,False
142581,True
142582,False
142583,False
142584,False
142585,False
142586,False
142587,False
142588,True
142589,False
142590,True
142591,False
142592,False
142593,False
142594,True
142595,False
142596,False
142597,False
142598,True
142599,True
142600,False
142601,False
142602,False
142603,True
142604,False
142605,False
142606,False
142607,False
142608,False
142609,False
142610,True
142611,True
142612,False
142613,True
142614,False
142615,False
142616,True
142617,False
142618,False
142619,True
142620,True
142621,False
142622,True
142623,True
142624,True
142625,False
142626,False
142627,True
142628,True
142629,False
142630,True
142631,False
142632,False
142633,False
142634,False
142635,False
142636,False
142637,True
142638,False
142639,False
142640,True
142641,False
142642,False
142643,False
142644,True
142645,False
142646,True
142647,True
142648,False
142649,False
142650,True
142651,True
142652,False
142653,True
142654,True
142655,False
142656,False
142657,True
142658,False
142659,False
142660,False
142661,False
142662,False
142663,False
142664,False
142665,False
142666,False
142667,True
142668,False
142669,False
142670,True
142671,False
142672,False
142673,False
142674,False
142675,False
142676,True
142677,False
142678,False
142679,True
142680,True
142681,False
142682,False
142683,False
142684,True
142685,False
142686,False
142687,False
142688,True
142689,True
142690,False
142691,True
142692,False
142693,False
142694,False
142695,False
142696,False
142697,False
142698,False
142699,True
142700,False
142701,True
142702,False
142703,False
142704,False
142705,False
142706,False
142707,False
142708,False
142709,False
142710,True
142711,False
142712,False
142713,False
142714,False
142715,False
142716,False
142717,True
142718,False
142719,False
142720,False
142721,False
142722,False
142723,False
142724,True
142725,False
142726,False
142727,False
142728,False
142729,True
142730,False
142731,False
142732,True
142733,True
142734,False
142735,False
142736,True
142737,False
142738,False
142739,False
142740,False
142741,False
142742,True
142743,False
142744,False
142745,False
142746,False
142747,False
142748,True
142749,True
142750,False
142751,False
142752,False
142753,True
142754,False
142755,False
142756,True
142757,False
142758,False
142759,False
142760,False
142761,False
142762,False
142763,True
142764,True
142765,False
142766,False
142767,True
142768,True
142769,False
142770,False
142771,True
142772,False
142773,False
142774,False
142775,False
142776,True
142777,True
142778,True
142779,False
142780,False
142781,False
142782,False
142783,False
142784,True
142785,True
142786,True
142787,True
142788,False
142789,False
142790,True
142791,True
142792,False
142793,False
142794,True
142795,True
142796,True
142797,False
142798,True
142799,False
142800,False
142801,False
142802,False
142803,False
142804,True
142805,False
142806,True
142807,False
142808,True
142809,False
142810,False
142811,False
142812,False
142813,False
142814,False
142815,True
142816,True
142817,True
142818,True
142819,False
142820,True
142821,True
142822,False
142823,False
142824,True
142825,True
142826,False
142827,False
142828,True
142829,False
142830,False
142831,True
142832,True
142833,True
142834,False
142835,False
142836,True
142837,False
142838,True
142839,False
142840,False
142841,True
142842,True
142843,False
142844,True
142845,False
142846,False
142847,True
142848,False
142849,False
142850,True
142851,False
142852,False
142853,False
142854,False
142855,False
142856,True
142857,True
142858,False
142859,False
142860,False
142861,True
142862,False
142863,True
142864,False
142865,True
142866,False
142867,False
142868,False
142869,False
142870,False
142871,True
142872,True
142873,False
142874,False
142875,False
142876,False
142877,False
142878,False
142879,True
142880,True
142881,False
142882,False
142883,False
142884,True
142885,False
142886,False
142887,True
142888,True
142889,False
142890,True
142891,False
142892,False
142893,True
142894,False
142895,False
142896,False
142897,True
142898,False
142899,False
142900,False
142901,False
142902,True
142903,False
142904,False
142905,False
142906,True
142907,True
142908,False
142909,False
142910,False
142911,False
142912,False
142913,True
142914,True
142915,False
142916,False
142917,False
142918,True
142919,False
142920,True
142921,False
142922,False
142923,False
142924,True
142925,False
142926,False
142927,True
142928,False
142929,False
142930,False
142931,False
142932,False
142933,True
142934,False
142935,True
142936,True
142937,True
142938,False
142939,True
142940,True
142941,False
142942,False
142943,False
142944,False
142945,False
142946,False
142947,False
142948,False
142949,False
142950,False
142951,True
142952,False
142953,True
142954,True
142955,False
142956,False
142957,True
142958,False
142959,False
142960,False
142961,False
142962,False
142963,False
142964,False
142965,True
142966,False
142967,False
142968,True
142969,True
142970,False
142971,True
142972,False
142973,True
142974,True
142975,False
142976,False
142977,True
142978,True
142979,False
142980,False
142981,False
142982,True
142983,True
142984,False
142985,True
142986,False
142987,False
142988,True
142989,False
142990,True
142991,True
142992,False
142993,True
142994,False
142995,False
142996,False
142997,True
142998,False
142999,False
143000,False
143001,False
143002,True
143003,False
143004,True
143005,True
143006,False
143007,False
143008,False
143009,False
143010,False
143011,True
143012,True
143013,True
143014,True
143015,True
143016,True
143017,False
143018,False
143019,False
143020,True
143021,False
143022,False
143023,True
143024,True
143025,False
143026,False
143027,True
143028,False
143029,False
143030,False
143031,False
143032,False
143033,False
143034,True
143035,False
143036,True
143037,False
143038,True
143039,False
143040,False
143041,False
143042,True
143043,False
143044,True
143045,True
143046,False
143047,True
143048,False
143049,True
143050,True
143051,True
143052,False
143053,True
143054,False
143055,True
143056,False
143057,True
143058,False
143059,False
143060,False
143061,True
143062,True
143063,False
143064,True
143065,False
143066,False
143067,False
143068,False
143069,False
143070,False
143071,True
143072,True
143073,False
143074,False
143075,False
143076,True
143077,False
143078,True
143079,True
143080,False
143081,False
143082,True
143083,True
143084,True
143085,True
143086,False
143087,False
143088,True
143089,True
143090,False
143091,False
143092,True
143093,True
143094,False
143095,True
143096,False
143097,False
143098,True
143099,True
143100,True
143101,True
143102,True
143103,False
143104,True
143105,True
143106,True
143107,False
143108,False
143109,False
143110,True
143111,True
143112,False
143113,False
143114,False
143115,True
143116,False
143117,False
143118,False
143119,True
143120,False
143121,False
143122,False
143123,False
143124,False
143125,True
143126,False
143127,False
143128,True
143129,False
143130,False
143131,False
143132,False
143133,False
143134,False
143135,False
143136,False
143137,False
143138,False
143139,True
143140,True
143141,True
143142,False
143143,False
143144,False
143145,True
143146,False
143147,False
143148,False
143149,False
143150,True
143151,False
143152,False
143153,False
143154,False
143155,False
143156,False
143157,True
143158,False
143159,True
143160,True
143161,True
143162,False
143163,False
143164,False
143165,False
143166,False
143167,False
143168,True
143169,False
143170,True
143171,False
143172,False
143173,False
143174,True
143175,False
143176,True
143177,True
143178,False
143179,True
143180,True
143181,False
143182,False
143183,True
143184,False
143185,True
143186,False
143187,True
143188,False
143189,True
143190,True
143191,True
143192,False
143193,False
143194,False
143195,False
143196,False
143197,False
143198,False
143199,False
143200,True
143201,False
143202,False
143203,False
143204,True
143205,False
143206,True
143207,True
143208,True
143209,True
143210,False
143211,False
143212,False
143213,True
143214,False
143215,True
143216,False
143217,True
143218,False
143219,False
143220,False
143221,False
143222,False
143223,False
143224,True
143225,False
143226,False
143227,True
143228,False
143229,False
143230,False
143231,True
143232,False
143233,True
143234,True
143235,True
143236,False
143237,False
143238,True
143239,False
143240,False
143241,True
143242,True
143243,False
143244,False
143245,False
143246,True
143247,False
143248,False
143249,True
143250,True
143251,True
143252,False
143253,True
143254,True
143255,False
143256,False
143257,False
143258,False
143259,False
143260,False
143261,False
143262,False
143263,True
143264,False
143265,False
143266,True
143267,False
143268,False
143269,False
143270,True
143271,False
143272,False
143273,False
143274,False
143275,False
143276,True
143277,False
143278,False
143279,True
143280,False
143281,False
143282,False
143283,True
143284,False
143285,False
143286,True
143287,False
143288,False
143289,False
143290,True
143291,False
143292,False
143293,False
143294,False
143295,False
143296,False
143297,False
143298,False
143299,False
143300,False
143301,True
143302,False
143303,False
143304,False
143305,True
143306,False
143307,False
143308,False
143309,False
143310,True
143311,False
143312,False
143313,False
143314,False
143315,True
143316,False
143317,True
143318,False
143319,False
143320,True
143321,False
143322,False
143323,True
143324,False
143325,False
143326,False
143327,False
143328,True
143329,True
143330,False
143331,False
143332,True
143333,True
143334,False
143335,False
143336,False
143337,True
143338,True
143339,False
143340,False
143341,False
143342,False
143343,False
143344,False
143345,False
143346,False
143347,True
143348,False
143349,True
143350,True
143351,False
143352,True
143353,False
143354,True
143355,False
143356,False
143357,True
143358,False
143359,False
143360,False
143361,False
143362,False
143363,True
143364,False
143365,False
143366,False
143367,True
143368,True
143369,True
143370,True
143371,False
143372,False
143373,True
143374,True
143375,True
143376,False
143377,True
143378,True
143379,False
143380,True
143381,True
143382,True
143383,False
143384,False
143385,True
143386,True
143387,False
143388,False
143389,False
143390,False
143391,False
143392,False
143393,False
143394,True
143395,False
143396,False
143397,False
143398,False
143399,True
143400,False
143401,False
143402,False
143403,False
143404,True
143405,False
143406,True
143407,True
143408,True
143409,False
143410,False
143411,False
143412,False
143413,False
143414,False
143415,True
143416,True
143417,False
143418,False
143419,False
143420,True
143421,True
143422,False
143423,False
143424,True
143425,True
143426,True
143427,False
143428,False
143429,False
143430,True
143431,False
143432,False
143433,False
143434,False
143435,True
143436,True
143437,True
143438,False
143439,True
143440,True
143441,False
143442,False
143443,False
143444,False
143445,False
143446,False
143447,False
143448,False
143449,False
143450,False
143451,False
143452,True
143453,False
143454,False
143455,True
143456,True
143457,True
143458,False
143459,False
143460,False
143461,False
143462,False
143463,False
143464,False
143465,False
143466,False
143467,False
143468,False
143469,True
143470,False
143471,False
143472,True
143473,False
143474,True
143475,False
143476,True
143477,False
143478,False
143479,False
143480,False
143481,True
143482,False
143483,True
143484,True
143485,True
143486,False
143487,True
143488,False
143489,False
143490,False
143491,True
143492,False
143493,True
143494,False
143495,False
143496,True
143497,False
143498,True
143499,False
143500,True
143501,False
143502,True
143503,True
143504,False
143505,True
143506,False
143507,True
143508,True
143509,False
143510,False
143511,False
143512,True
143513,False
143514,False
143515,False
143516,True
143517,True
143518,False
143519,False
143520,True
143521,False
143522,False
143523,False
143524,False
143525,False
143526,False
143527,True
143528,True
143529,False
143530,True
143531,True
143532,False
143533,True
143534,False
143535,True
143536,False
143537,False
143538,False
143539,True
143540,False
143541,False
143542,False
143543,False
143544,True
143545,False
143546,False
143547,False
143548,False
143549,True
143550,False
143551,False
143552,True
143553,True
143554,True
143555,False
143556,True
143557,False
143558,False
143559,False
143560,True
143561,False
143562,False
143563,False
143564,True
143565,True
143566,False
143567,False
143568,False
143569,True
143570,False
143571,True
143572,True
143573,False
143574,False
143575,False
143576,False
143577,True
143578,False
143579,False
143580,False
143581,False
143582,False
143583,True
143584,True
143585,True
143586,False
143587,False
143588,False
143589,True
143590,False
143591,False
143592,False
143593,False
143594,True
143595,False
143596,False
143597,False
143598,False
143599,False
143600,False
143601,False
143602,False
143603,True
143604,True
143605,True
143606,False
143607,False
143608,False
143609,False
143610,True
143611,False
143612,True
143613,False
143614,False
143615,False
143616,False
143617,True
143618,False
143619,False
143620,False
143621,False
143622,False
143623,False
143624,False
143625,False
143626,False
143627,True
143628,True
143629,False
143630,False
143631,True
143632,True
143633,False
143634,False
143635,False
143636,False
143637,False
143638,True
143639,False
143640,True
143641,False
143642,True
143643,False
143644,False
143645,False
143646,False
143647,False
143648,False
143649,True
143650,False
143651,True
143652,False
143653,False
143654,False
143655,False
143656,False
143657,False
143658,True
143659,False
143660,False
143661,False
143662,False
143663,True
143664,False
143665,True
143666,True
143667,False
143668,False
143669,False
143670,False
143671,False
143672,False
143673,False
143674,True
143675,True
143676,False
143677,True
143678,True
143679,True
143680,False
143681,False
143682,False
143683,False
143684,True
143685,False
143686,False
143687,False
143688,False
143689,True
143690,True
143691,False
143692,False
143693,True
143694,False
143695,False
143696,True
143697,False
143698,False
143699,False
143700,False
143701,False
143702,True
143703,False
143704,False
143705,False
143706,False
143707,False
143708,False
143709,False
143710,False
143711,True
143712,False
143713,True
143714,False
143715,True
143716,True
143717,False
143718,False
143719,True
143720,False
143721,True
143722,True
143723,False
143724,True
143725,True
143726,True
143727,False
143728,False
143729,False
143730,False
143731,True
143732,True
143733,False
143734,True
143735,True
143736,True
143737,False
143738,False
143739,False
143740,False
143741,True
143742,False
143743,False
143744,False
143745,False
143746,False
143747,False
143748,True
143749,False
143750,False
143751,False
143752,False
143753,True
143754,True
143755,False
143756,True
143757,False
143758,False
143759,False
143760,True
143761,False
143762,False
143763,True
143764,False
143765,False
143766,True
143767,False
143768,False
143769,False
143770,False
143771,True
143772,False
143773,True
143774,False
143775,False
143776,False
143777,True
143778,True
143779,True
143780,True
143781,False
143782,False
143783,False
143784,False
143785,True
143786,False
143787,False
143788,False
143789,False
143790,False
143791,False
143792,False
143793,True
143794,False
143795,False
143796,False
143797,False
143798,False
143799,False
143800,False
143801,False
143802,True
143803,True
143804,False
143805,False
143806,True
143807,False
143808,False
143809,True
143810,False
143811,True
143812,False
143813,False
143814,False
143815,True
143816,False
143817,False
143818,False
143819,False
143820,True
143821,False
143822,False
143823,False
143824,True
143825,False
143826,False
143827,False
143828,True
143829,False
143830,True
143831,False
143832,True
143833,True
143834,False
143835,False
143836,True
143837,False
143838,False
143839,True
143840,False
143841,False
143842,False
143843,False
143844,True
143845,False
143846,False
143847,False
143848,True
143849,False
143850,False
143851,False
143852,False
143853,False
143854,True
143855,False
143856,True
143857,True
143858,False
143859,False
143860,True
143861,False
143862,True
143863,False
143864,True
143865,False
143866,False
143867,True
143868,False
143869,True
143870,True
143871,False
143872,False
143873,True
143874,False
143875,False
143876,False
143877,True
143878,True
143879,False
143880,False
143881,True
143882,False
143883,True
143884,False
143885,False
143886,True
143887,True
143888,False
143889,True
143890,False
143891,False
143892,False
143893,True
143894,False
143895,False
143896,False
143897,False
143898,False
143899,False
143900,False
143901,False
143902,False
143903,False
143904,False
143905,False
143906,False
143907,False
143908,False
143909,True
143910,False
143911,False
143912,True
143913,True
143914,False
143915,False
143916,False
143917,False
143918,False
143919,False
143920,False
143921,True
143922,True
143923,True
143924,False
143925,False
143926,False
143927,False
143928,False
143929,False
143930,True
143931,False
143932,False
143933,False
143934,False
143935,True
143936,False
143937,False
143938,False
143939,False
143940,True
143941,True
143942,False
143943,False
143944,False
143945,False
143946,False
143947,False
143948,False
143949,False
143950,False
143951,True
143952,False
143953,False
143954,False
143955,True
143956,False
143957,False
143958,False
143959,False
143960,False
143961,True
143962,True
143963,False
143964,False
143965,False
143966,False
143967,True
143968,False
143969,True
143970,False
143971,False
143972,False
143973,False
143974,True
143975,True
143976,False
143977,False
143978,False
143979,False
143980,True
143981,True
143982,False
143983,False
143984,False
143985,False
143986,True
143987,False
143988,False
143989,False
143990,True
143991,False
143992,False
143993,False
143994,True
143995,False
143996,True
143997,False
143998,False
143999,False
144000,False
144001,True
144002,True
144003,False
144004,False
144005,False
144006,False
144007,False
144008,True
144009,True
144010,False
144011,False
144012,False
144013,False
144014,False
144015,False
144016,True
144017,False
144018,False
144019,True
144020,False
144021,False
144022,True
144023,False
144024,True
144025,False
144026,False
144027,True
144028,False
144029,False
144030,True
144031,True
144032,True
144033,False
144034,False
144035,True
144036,True
144037,True
144038,True
144039,False
144040,False
144041,False
144042,False
144043,False
144044,False
144045,False
144046,False
144047,True
144048,False
144049,True
144050,False
144051,True
144052,True
144053,False
144054,True
144055,True
144056,True
144057,False
144058,False
144059,True
144060,True
144061,False
144062,False
144063,False
144064,False
144065,False
144066,False
144067,True
144068,False
144069,False
144070,False
144071,True
144072,False
144073,False
144074,False
144075,False
144076,True
144077,False
144078,False
144079,False
144080,False
144081,False
144082,False
144083,True
144084,True
144085,True
144086,False
144087,False
144088,False
144089,False
144090,False
144091,False
144092,True
144093,True
144094,False
144095,False
144096,True
144097,True
144098,False
144099,True
144100,False
144101,True
144102,False
144103,True
144104,False
144105,False
144106,False
144107,False
144108,True
144109,False
144110,False
144111,True
144112,False
144113,False
144114,True
144115,True
144116,True
144117,False
144118,False
144119,True
144120,False
144121,False
144122,False
144123,False
144124,False
144125,True
144126,True
144127,True
144128,True
144129,False
144130,True
144131,False
144132,True
144133,False
144134,False
144135,False
144136,False
144137,False
144138,False
144139,False
144140,False
144141,False
144142,False
144143,False
144144,False
144145,False
144146,False
144147,True
144148,False
144149,False
144150,False
144151,True
144152,False
144153,False
144154,False
144155,False
144156,False
144157,True
144158,False
144159,True
144160,False
144161,True
144162,True
144163,False
144164,False
144165,False
144166,False
144167,True
144168,True
144169,False
144170,True
144171,False
144172,False
144173,False
144174,False
144175,False
144176,False
144177,False
144178,True
144179,False
144180,True
144181,False
144182,True
144183,False
144184,False
144185,True
144186,True
144187,False
144188,True
144189,True
144190,True
144191,True
144192,True
144193,False
144194,False
144195,False
144196,True
144197,False
144198,False
144199,True
144200,False
144201,False
144202,False
144203,False
144204,True
144205,False
144206,False
144207,False
144208,False
144209,False
144210,True
144211,True
144212,True
144213,False
144214,True
144215,False
144216,False
144217,True
144218,False
144219,False
144220,False
144221,False
144222,False
144223,False
144224,False
144225,True
144226,False
144227,True
144228,False
144229,False
144230,False
144231,True
144232,False
144233,False
144234,False
144235,True
144236,True
144237,False
144238,False
144239,True
144240,False
144241,True
144242,False
144243,False
144244,False
144245,False
144246,True
144247,True
144248,True
144249,True
144250,False
144251,False
144252,True
144253,False
144254,False
144255,False
144256,False
144257,False
144258,False
144259,False
144260,True
144261,False
144262,True
144263,True
144264,False
144265,False
144266,False
144267,False
144268,True
144269,False
144270,False
144271,True
144272,True
144273,False
144274,True
144275,False
144276,True
144277,True
144278,False
144279,False
144280,True
144281,True
144282,True
144283,True
144284,True
144285,False
144286,True
144287,True
144288,False
144289,False
144290,False
144291,False
144292,True
144293,False
144294,False
144295,True
144296,False
144297,True
144298,True
144299,True
144300,False
144301,False
144302,True
144303,True
144304,False
144305,False
144306,False
144307,False
144308,False
144309,False
144310,False
144311,False
144312,True
144313,False
144314,False
144315,False
144316,True
144317,False
144318,True
144319,True
144320,True
144321,True
144322,False
144323,True
144324,False
144325,False
144326,False
144327,False
144328,True
144329,False
144330,True
144331,False
144332,False
144333,False
144334,False
144335,False
144336,False
144337,True
144338,True
144339,False
144340,False
144341,False
144342,False
144343,False
144344,True
144345,False
144346,False
144347,True
144348,True
144349,False
144350,False
144351,False
144352,False
144353,False
144354,False
144355,False
144356,False
144357,True
144358,False
144359,False
144360,True
144361,False
144362,False
144363,False
144364,False
144365,False
144366,False
144367,True
144368,False
144369,False
144370,True
144371,False
144372,True
144373,False
144374,False
144375,False
144376,False
144377,True
144378,True
144379,False
144380,False
144381,False
144382,False
144383,False
144384,False
144385,False
144386,False
144387,True
144388,False
144389,True
144390,True
144391,False
144392,True
144393,False
144394,False
144395,False
144396,False
144397,False
144398,False
144399,False
144400,False
144401,False
144402,False
144403,True
144404,True
144405,True
144406,False
144407,False
144408,True
144409,False
144410,False
144411,False
144412,False
144413,False
144414,False
144415,False
144416,False
144417,False
144418,False
144419,True
144420,False
144421,True
144422,False
144423,True
144424,False
144425,False
144426,True
144427,False
144428,False
144429,True
144430,True
144431,False
144432,False
144433,False
144434,True
144435,True
144436,False
144437,True
144438,False
144439,True
144440,False
144441,True
144442,True
144443,True
144444,True
144445,False
144446,True
144447,True
144448,False
144449,False
144450,True
144451,False
144452,False
144453,False
144454,False
144455,False
144456,False
144457,False
144458,True
144459,False
144460,True
144461,False
144462,False
144463,True
144464,False
144465,True
144466,False
144467,False
144468,False
144469,False
144470,False
144471,True
144472,True
144473,False
144474,False
144475,False
144476,False
144477,False
144478,True
144479,True
144480,False
144481,True
144482,False
144483,False
144484,True
144485,True
144486,False
144487,False
144488,True
144489,False
144490,True
144491,False
144492,False
144493,True
144494,False
144495,True
144496,False
144497,True
144498,True
144499,False
144500,True
144501,True
144502,False
144503,False
144504,False
144505,False
144506,False
144507,False
144508,True
144509,False
144510,True
144511,False
144512,False
144513,False
144514,False
144515,False
144516,False
144517,False
144518,True
144519,True
144520,False
144521,False
144522,False
144523,True
144524,False
144525,True
144526,False
144527,False
144528,True
144529,False
144530,False
144531,True
144532,False
144533,True
144534,False
144535,True
144536,True
144537,False
144538,False
144539,False
144540,False
144541,False
144542,False
144543,True
144544,False
144545,True
144546,False
144547,False
144548,False
144549,False
144550,False
144551,True
144552,True
144553,True
144554,False
144555,True
144556,True
144557,False
144558,True
144559,False
144560,False
144561,False
144562,False
144563,False
144564,True
144565,False
144566,False
144567,True
144568,False
144569,False
144570,False
144571,False
144572,False
144573,True
144574,False
144575,False
144576,True
144577,False
144578,False
144579,False
144580,False
144581,False
144582,False
144583,True
144584,False
144585,True
144586,True
144587,False
144588,False
144589,False
144590,False
144591,False
144592,False
144593,False
144594,True
144595,False
144596,False
144597,False
144598,True
144599,False
144600,True
144601,True
144602,False
144603,False
144604,False
144605,False
144606,False
144607,False
144608,False
144609,True
144610,False
144611,True
144612,False
144613,True
144614,False
144615,False
144616,True
144617,False
144618,True
144619,False
144620,False
144621,True
144622,False
144623,False
144624,False
144625,True
144626,False
144627,False
144628,True
144629,False
144630,False
144631,True
144632,False
144633,True
144634,False
144635,False
144636,False
144637,False
144638,False
144639,True
144640,True
144641,False
144642,True
144643,False
144644,True
144645,True
144646,True
144647,False
144648,False
144649,False
144650,False
144651,True
144652,True
144653,False
144654,False
144655,False
144656,False
144657,False
144658,False
144659,True
144660,True
144661,False
144662,False
144663,True
144664,False
144665,False
144666,False
144667,True
144668,False
144669,False
144670,False
144671,False
144672,True
144673,False
144674,False
144675,False
144676,False
144677,False
144678,False
144679,False
144680,False
144681,True
144682,False
144683,False
144684,True
144685,False
144686,False
144687,True
144688,False
144689,True
144690,False
144691,False
144692,False
144693,False
144694,False
144695,False
144696,False
144697,False
144698,False
144699,False
144700,False
144701,True
144702,False
144703,True
144704,False
144705,False
144706,False
144707,False
144708,False
144709,False
144710,False
144711,False
144712,False
144713,False
144714,False
144715,False
144716,False
144717,False
144718,False
144719,False
144720,True
144721,False
144722,False
144723,False
144724,False
144725,False
144726,False
144727,False
144728,False
144729,True
144730,False
144731,True
144732,True
144733,True
144734,False
144735,False
144736,False
144737,True
144738,True
144739,True
144740,False
144741,False
144742,False
144743,False
144744,False
144745,False
144746,False
144747,False
144748,False
144749,False
144750,False
144751,True
144752,True
144753,False
144754,True
144755,False
144756,False
144757,True
144758,False
144759,False
144760,True
144761,False
144762,False
144763,False
144764,True
144765,True
144766,False
144767,True
144768,False
144769,False
144770,True
144771,True
144772,False
144773,False
144774,False
144775,False
144776,False
144777,False
144778,True
144779,False
144780,False
144781,True
144782,True
144783,False
144784,False
144785,True
144786,False
144787,False
144788,False
144789,False
144790,True
144791,False
144792,False
144793,True
144794,True
144795,False
144796,False
144797,False
144798,False
144799,True
144800,True
144801,False
144802,True
144803,True
144804,False
144805,False
144806,False
144807,True
144808,False
144809,True
144810,False
144811,True
144812,False
144813,False
144814,False
144815,False
144816,False
144817,False
144818,False
144819,True
144820,True
144821,True
144822,True
144823,False
144824,False
144825,True
144826,True
144827,False
144828,False
144829,False
144830,True
144831,False
144832,False
144833,False
144834,True
144835,False
144836,True
144837,False
144838,True
144839,True
144840,False
144841,False
144842,False
144843,False
144844,False
144845,False
144846,False
144847,False
144848,False
144849,True
144850,False
144851,False
144852,False
144853,False
144854,False
144855,False
144856,False
144857,False
144858,True
144859,False
144860,True
144861,True
144862,True
144863,True
144864,False
144865,False
144866,False
144867,False
144868,False
144869,True
144870,False
144871,False
144872,True
144873,True
144874,False
144875,True
144876,True
144877,True
144878,False
144879,True
144880,False
144881,True
144882,False
144883,False
144884,False
144885,True
144886,False
144887,False
144888,False
144889,False
144890,False
144891,False
144892,False
144893,False
144894,False
144895,False
144896,True
144897,True
144898,False
144899,True
144900,False
144901,True
144902,True
144903,False
144904,True
144905,True
144906,True
144907,True
144908,True
144909,False
144910,True
144911,False
144912,True
144913,False
144914,False
144915,False
144916,True
144917,False
144918,False
144919,False
144920,False
144921,True
144922,False
144923,False
144924,True
144925,False
144926,False
144927,True
144928,False
144929,True
144930,False
144931,False
144932,False
144933,False
144934,False
144935,False
144936,True
144937,True
144938,False
144939,False
144940,True
144941,False
144942,False
144943,True
144944,False
144945,False
144946,False
144947,False
144948,False
144949,True
144950,True
144951,False
144952,True
144953,False
144954,True
144955,False
144956,False
144957,False
144958,False
144959,True
144960,False
144961,False
144962,True
144963,False
144964,False
144965,False
144966,False
144967,False
144968,False
144969,False
144970,False
144971,False
144972,False
144973,False
144974,False
144975,True
144976,True
144977,False
144978,False
144979,True
144980,False
144981,False
144982,False
144983,True
144984,False
144985,False
144986,False
144987,True
144988,True
144989,True
144990,True
144991,True
144992,False
144993,False
144994,True
144995,False
144996,True
144997,True
144998,True
144999,False
145000,False
145001,False
145002,False
145003,True
145004,True
145005,False
145006,False
145007,False
145008,False
145009,True
145010,True
145011,True
145012,False
145013,False
145014,False
145015,True
145016,False
145017,False
145018,False
145019,False
145020,False
145021,False
145022,False
145023,False
145024,False
145025,True
145026,False
145027,True
145028,False
145029,False
145030,False
145031,True
145032,False
145033,False
145034,False
145035,False
145036,True
145037,False
145038,False
145039,False
145040,False
145041,True
145042,False
145043,False
145044,False
145045,False
145046,True
145047,False
145048,False
145049,False
145050,True
145051,False
145052,True
145053,True
145054,False
145055,True
145056,False
145057,True
145058,True
145059,True
145060,False
145061,False
145062,False
145063,True
145064,False
145065,False
145066,False
145067,False
145068,False
145069,True
145070,False
145071,False
145072,True
145073,False
145074,True
145075,True
145076,True
145077,False
145078,False
145079,False
145080,False
145081,False
145082,True
145083,False
145084,True
145085,False
145086,False
145087,True
145088,True
145089,False
145090,False
145091,False
145092,False
145093,False
145094,True
145095,False
145096,False
145097,False
145098,True
145099,False
145100,False
145101,True
145102,False
145103,False
145104,True
145105,True
145106,True
145107,True
145108,False
145109,False
145110,True
145111,False
145112,False
145113,True
145114,False
145115,True
145116,False
145117,False
145118,False
145119,False
145120,False
145121,True
145122,True
145123,False
145124,True
145125,False
145126,False
145127,True
145128,True
145129,False
145130,False
145131,False
145132,True
145133,False
145134,False
145135,True
145136,True
145137,False
145138,True
145139,True
145140,False
145141,False
145142,False
145143,False
145144,False
145145,True
145146,False
145147,False
145148,False
145149,False
145150,False
145151,False
145152,False
145153,False
145154,True
145155,True
145156,False
145157,True
145158,True
145159,True
145160,False
145161,False
145162,False
145163,False
145164,True
145165,True
145166,True
145167,False
145168,True
145169,False
145170,True
145171,False
145172,True
145173,False
145174,True
145175,True
145176,False
145177,True
145178,True
145179,True
145180,True
145181,False
145182,True
145183,False
145184,False
145185,True
145186,False
145187,True
145188,True
145189,False
145190,False
145191,False
145192,False
145193,False
145194,True
145195,False
145196,False
145197,True
145198,True
145199,False
145200,False
145201,False
145202,False
145203,False
145204,True
145205,True
145206,False
145207,False
145208,False
145209,False
145210,True
145211,False
145212,True
145213,False
145214,False
145215,False
145216,False
145217,False
145218,False
145219,True
145220,True
145221,True
145222,False
145223,True
145224,True
145225,False
145226,False
145227,True
145228,False
145229,False
145230,True
145231,False
145232,False
145233,False
145234,True
145235,False
145236,True
145237,True
145238,True
145239,False
145240,False
145241,True
145242,False
145243,True
145244,False
145245,False
145246,True
145247,True
145248,False
145249,False
145250,False
145251,False
145252,False
145253,False
145254,False
145255,True
145256,True
145257,False
145258,False
145259,True
145260,True
145261,False
145262,False
145263,True
145264,True
145265,False
145266,True
145267,False
145268,True
145269,True
145270,False
145271,False
145272,False
145273,False
145274,False
145275,False
145276,False
145277,False
145278,True
145279,False
145280,False
145281,False
145282,False
145283,False
145284,False
145285,False
145286,False
145287,False
145288,True
145289,False
145290,False
145291,False
145292,True
145293,False
145294,False
145295,False
145296,False
145297,True
145298,False
145299,True
145300,False
145301,False
145302,False
145303,True
145304,False
145305,True
145306,True
145307,True
145308,False
145309,False
145310,False
145311,False
145312,True
145313,False
145314,False
145315,False
145316,False
145317,False
145318,False
145319,False
145320,True
145321,False
145322,True
145323,True
145324,False
145325,False
145326,True
145327,False
145328,False
145329,False
145330,True
145331,False
145332,False
145333,False
145334,True
145335,False
145336,False
145337,True
145338,True
145339,True
145340,False
145341,True
145342,True
145343,False
145344,False
145345,False
145346,True
145347,False
145348,False
145349,False
145350,True
145351,False
145352,False
145353,False
145354,False
145355,False
145356,True
145357,True
145358,True
145359,True
145360,False
145361,False
145362,False
145363,True
145364,True
145365,False
145366,True
145367,True
145368,False
145369,False
145370,True
145371,True
145372,False
145373,True
145374,False
145375,True
145376,False
145377,False
145378,True
145379,False
145380,False
145381,False
145382,False
145383,False
145384,True
145385,False
145386,False
145387,False
145388,False
145389,False
145390,True
145391,False
145392,False
145393,True
145394,True
145395,True
145396,True
145397,False
145398,False
145399,True
145400,False
145401,False
145402,False
145403,True
145404,False
145405,False
145406,False
145407,True
145408,False
145409,True
145410,False
145411,False
145412,True
145413,False
145414,True
145415,False
145416,False
145417,True
145418,False
145419,True
145420,False
145421,True
145422,True
145423,False
145424,False
145425,False
145426,False
145427,False
145428,False
145429,True
145430,True
145431,True
145432,False
145433,False
145434,True
145435,True
145436,True
145437,True
145438,False
145439,False
145440,False
145441,False
145442,False
145443,True
145444,True
145445,True
145446,False
145447,False
145448,False
145449,False
145450,False
145451,True
145452,True
145453,True
145454,False
145455,True
145456,False
145457,False
145458,True
145459,True
145460,False
145461,False
145462,False
145463,False
145464,False
145465,False
145466,False
145467,True
145468,False
145469,False
145470,True
145471,False
145472,True
145473,True
145474,False
145475,True
145476,True
145477,True
145478,False
145479,True
145480,False
145481,False
145482,True
145483,False
145484,False
145485,False
145486,False
145487,True
145488,False
145489,False
145490,True
145491,False
145492,True
145493,True
145494,False
145495,True
145496,True
145497,True
145498,False
145499,False
145500,False
145501,True
145502,False
145503,True
145504,False
145505,True
145506,True
145507,False
145508,True
145509,False
145510,False
145511,False
145512,False
145513,False
145514,False
145515,False
145516,True
145517,False
145518,True
145519,False
145520,False
145521,False
145522,False
145523,True
145524,True
145525,False
145526,True
145527,False
145528,True
145529,True
145530,False
145531,False
145532,False
145533,True
145534,True
145535,False
145536,False
145537,False
145538,False
145539,True
145540,True
145541,True
145542,True
145543,False
145544,False
145545,False
145546,True
145547,True
145548,False
145549,False
145550,True
145551,True
145552,True
145553,True
145554,False
145555,False
145556,False
145557,False
145558,False
145559,True
145560,False
145561,False
145562,True
145563,False
145564,True
145565,False
145566,False
145567,True
145568,False
145569,True
145570,True
145571,True
145572,False
145573,True
145574,False
145575,False
145576,True
145577,False
145578,True
145579,False
145580,True
145581,True
145582,False
145583,True
145584,False
145585,True
145586,False
145587,False
145588,False
145589,True
145590,True
145591,True
145592,True
145593,False
145594,False
145595,False
145596,True
145597,False
145598,False
145599,False
145600,False
145601,True
145602,False
145603,False
145604,False
145605,False
145606,True
145607,True
145608,False
145609,True
145610,False
145611,False
145612,True
145613,False
145614,False
145615,True
145616,False
145617,True
145618,True
145619,False
145620,False
145621,False
145622,False
145623,False
145624,True
145625,False
145626,False
145627,False
145628,False
145629,False
145630,False
145631,True
145632,False
145633,False
145634,False
145635,False
145636,False
145637,True
145638,False
145639,False
145640,False
145641,False
145642,True
145643,False
145644,False
145645,False
145646,False
145647,True
145648,True
145649,True
145650,True
145651,True
145652,False
145653,True
145654,True
145655,False
145656,False
145657,False
145658,False
145659,False
145660,False
145661,True
145662,False
145663,False
145664,True
145665,True
145666,False
145667,False
145668,True
145669,False
145670,False
145671,False
145672,False
145673,False
145674,True
145675,False
145676,False
145677,False
145678,True
145679,False
145680,False
145681,True
145682,False
145683,True
145684,False
145685,True
145686,False
145687,True
145688,False
145689,False
145690,False
145691,True
145692,False
145693,False
145694,False
145695,True
145696,False
145697,True
145698,True
145699,False
145700,False
145701,True
145702,False
145703,True
145704,False
145705,False
145706,False
145707,False
145708,False
145709,False
145710,False
145711,True
145712,True
145713,True
145714,True
145715,False
145716,False
145717,True
145718,True
145719,False
145720,False
145721,False
145722,True
145723,True
145724,True
145725,True
145726,False
145727,False
145728,True
145729,False
145730,False
145731,False
145732,False
145733,True
145734,False
145735,False
145736,True
145737,False
145738,True
145739,False
145740,False
145741,False
145742,True
145743,True
145744,False
145745,True
145746,False
145747,False
145748,False
145749,False
145750,False
145751,True
145752,False
145753,False
145754,False
145755,False
145756,False
145757,False
145758,True
145759,False
145760,False
145761,False
145762,True
145763,True
145764,True
145765,False
145766,False
145767,False
145768,False
145769,True
145770,False
145771,False
145772,True
145773,False
145774,True
145775,False
145776,False
145777,True
145778,True
145779,True
145780,False
145781,True
145782,False
145783,False
145784,True
145785,True
145786,True
145787,False
145788,True
145789,False
145790,False
145791,False
145792,False
145793,False
145794,True
145795,False
145796,False
145797,False
145798,False
145799,False
145800,True
145801,False
145802,True
145803,False
145804,False
145805,False
145806,False
145807,True
145808,False
145809,True
145810,True
145811,False
145812,False
145813,False
145814,True
145815,False
145816,True
145817,False
145818,False
145819,False
145820,False
145821,False
145822,False
145823,True
145824,True
145825,False
145826,False
145827,False
145828,True
145829,True
145830,False
145831,False
145832,True
145833,False
145834,False
145835,True
145836,False
145837,False
145838,True
145839,True
145840,False
145841,True
145842,True
145843,False
145844,True
145845,True
145846,False
145847,True
145848,False
145849,False
145850,True
145851,True
145852,False
145853,False
145854,True
145855,False
145856,True
145857,True
145858,False
145859,False
145860,True
145861,False
145862,False
145863,False
145864,False
145865,True
145866,False
145867,True
145868,False
145869,False
145870,True
145871,False
145872,False
145873,False
145874,False
145875,True
145876,True
145877,False
145878,False
145879,True
145880,False
145881,True
145882,False
145883,True
145884,False
145885,False
145886,False
145887,True
145888,False
145889,False
145890,True
145891,False
145892,True
145893,True
145894,False
145895,False
145896,False
145897,True
145898,True
145899,False
145900,False
145901,False
145902,False
145903,False
145904,True
145905,False
145906,False
145907,False
145908,False
145909,True
145910,False
145911,False
145912,False
145913,False
145914,True
145915,True
145916,False
145917,False
145918,True
145919,False
145920,False
145921,False
145922,True
145923,False
145924,True
145925,False
145926,True
145927,False
145928,False
145929,False
145930,False
145931,False
145932,False
145933,False
145934,True
145935,False
145936,False
145937,False
145938,False
145939,True
145940,False
145941,False
145942,True
145943,False
145944,False
145945,True
145946,False
145947,False
145948,False
145949,True
145950,False
145951,False
145952,False
145953,False
145954,False
145955,False
145956,False
145957,True
145958,True
145959,True
145960,True
145961,False
145962,True
145963,False
145964,True
145965,True
145966,False
145967,False
145968,True
145969,True
145970,False
145971,False
145972,True
145973,False
145974,False
145975,False
145976,False
145977,False
145978,False
145979,False
145980,True
145981,False
145982,True
145983,False
145984,False
145985,True
145986,False
145987,True
145988,True
145989,False
145990,True
145991,False
145992,True
145993,True
145994,True
145995,True
145996,False
145997,False
145998,False
145999,False
146000,True
146001,True
146002,False
146003,True
146004,False
146005,False
146006,False
146007,False
146008,False
146009,True
146010,True
146011,False
146012,False
146013,False
146014,False
146015,False
146016,False
146017,False
146018,True
146019,True
146020,True
146021,False
146022,False
146023,False
146024,False
146025,True
146026,True
146027,False
146028,True
146029,False
146030,False
146031,False
146032,False
146033,True
146034,True
146035,True
146036,False
146037,False
146038,False
146039,False
146040,False
146041,False
146042,False
146043,False
146044,False
146045,True
146046,True
146047,True
146048,False
146049,False
146050,True
146051,False
146052,True
146053,False
146054,True
146055,False
146056,False
146057,False
146058,False
146059,False
146060,True
146061,False
146062,False
146063,False
146064,True
146065,False
146066,True
146067,False
146068,True
146069,True
146070,False
146071,False
146072,True
146073,False
146074,False
146075,False
146076,True
146077,False
146078,True
146079,False
146080,False
146081,False
146082,True
146083,True
146084,False
146085,False
146086,False
146087,False
146088,True
146089,False
146090,True
146091,False
146092,True
146093,True
146094,False
146095,False
146096,False
146097,False
146098,False
146099,False
146100,False
146101,False
146102,True
146103,False
146104,False
146105,False
146106,True
146107,True
146108,True
146109,False
146110,True
146111,True
146112,False
146113,True
146114,False
146115,False
146116,True
146117,False
146118,True
146119,False
146120,False
146121,False
146122,False
146123,False
146124,False
146125,False
146126,False
146127,True
146128,False
146129,True
146130,False
146131,False
146132,True
146133,False
146134,False
146135,True
146136,False
146137,True
146138,False
146139,True
146140,False
146141,False
146142,False
146143,False
146144,True
146145,False
146146,False
146147,True
146148,False
146149,True
146150,True
146151,False
146152,True
146153,True
146154,True
146155,False
146156,False
146157,False
146158,False
146159,False
146160,True
146161,True
146162,False
146163,True
146164,False
146165,True
146166,False
146167,True
146168,False
146169,False
146170,True
146171,False
146172,True
146173,False
146174,False
146175,False
146176,False
146177,False
146178,False
146179,True
146180,True
146181,False
146182,True
146183,True
146184,False
146185,False
146186,False
146187,True
146188,False
146189,False
146190,False
146191,False
146192,True
146193,True
146194,False
146195,False
146196,True
146197,False
146198,False
146199,True
146200,False
146201,False
146202,False
146203,False
146204,False
146205,False
146206,False
146207,False
146208,False
146209,False
146210,True
146211,True
146212,False
146213,False
146214,False
146215,True
146216,False
146217,False
146218,True
146219,True
146220,True
146221,False
146222,False
146223,False
146224,True
146225,False
146226,True
146227,True
146228,True
146229,True
146230,False
146231,True
146232,False
146233,False
146234,False
146235,False
146236,False
146237,False
146238,True
146239,False
146240,False
146241,True
146242,False
146243,False
146244,False
146245,False
146246,True
146247,False
146248,False
146249,True
146250,True
146251,False
146252,True
146253,True
146254,True
146255,False
146256,True
146257,False
146258,False
146259,False
146260,True
146261,False
146262,False
146263,True
146264,False
146265,False
146266,False
146267,True
146268,False
146269,False
146270,False
146271,False
146272,False
146273,False
146274,True
146275,True
146276,False
146277,False
146278,False
146279,False
146280,True
146281,False
146282,False
146283,True
146284,False
146285,True
146286,False
146287,True
146288,False
146289,False
146290,True
146291,True
146292,False
146293,False
146294,False
146295,True
146296,True
146297,False
146298,True
146299,True
146300,True
146301,False
146302,False
146303,True
146304,True
146305,False
146306,False
146307,False
146308,False
146309,False
146310,False
146311,False
146312,False
146313,False
146314,True
146315,False
146316,True
146317,False
146318,True
146319,False
146320,False
146321,False
146322,True
146323,True
146324,True
146325,False
146326,False
146327,False
146328,True
146329,False
146330,True
146331,False
146332,True
146333,True
146334,False
146335,False
146336,False
146337,True
146338,False
146339,False
146340,True
146341,False
146342,False
146343,False
146344,False
146345,False
146346,False
146347,False
146348,False
146349,True
146350,False
146351,False
146352,True
146353,False
146354,False
146355,False
146356,False
146357,True
146358,True
146359,True
146360,False
146361,False
146362,False
146363,True
146364,False
146365,True
146366,False
146367,False
146368,False
146369,False
146370,False
146371,True
146372,False
146373,True
146374,False
146375,False
146376,False
146377,False
146378,True
146379,True
146380,False
146381,True
146382,False
146383,False
146384,False
146385,False
146386,False
146387,False
146388,False
146389,True
146390,False
146391,False
146392,False
146393,True
146394,False
146395,False
146396,True
146397,False
146398,False
146399,False
146400,True
146401,False
146402,False
146403,True
146404,True
146405,True
146406,True
146407,False
146408,False
146409,False
146410,True
146411,True
146412,True
146413,False
146414,False
146415,False
146416,True
146417,True
146418,False
146419,True
146420,False
146421,False
146422,False
146423,False
146424,True
146425,False
146426,False
146427,True
146428,False
146429,True
146430,False
146431,True
146432,False
146433,False
146434,False
146435,False
146436,True
146437,False
146438,False
146439,False
146440,False
146441,False
146442,True
146443,False
146444,True
146445,False
146446,False
146447,True
146448,False
146449,False
146450,False
146451,False
146452,False
146453,True
146454,False
146455,False
146456,False
146457,False
146458,False
146459,False
146460,False
146461,False
146462,True
146463,False
146464,False
146465,False
146466,False
146467,False
146468,True
146469,False
146470,True
146471,False
146472,False
146473,True
146474,True
146475,False
146476,False
146477,False
146478,True
146479,True
146480,False
146481,False
146482,False
146483,True
146484,False
146485,False
146486,False
146487,True
146488,True
146489,False
146490,False
146491,False
146492,True
146493,False
146494,False
146495,False
146496,False
146497,False
146498,False
146499,True
146500,True
146501,True
146502,False
146503,False
146504,True
146505,False
146506,True
146507,False
146508,False
146509,False
146510,False
146511,False
146512,False
146513,False
146514,True
146515,False
146516,True
146517,True
146518,True
146519,False
146520,True
146521,False
146522,False
146523,False
146524,False
146525,False
146526,False
146527,True
146528,True
146529,False
146530,True
146531,False
146532,False
146533,True
146534,True
146535,False
146536,True
146537,False
146538,False
146539,False
146540,False
146541,False
146542,False
146543,False
146544,True
146545,False
146546,False
146547,True
146548,True
146549,False
146550,False
146551,True
146552,False
146553,False
146554,False
146555,True
146556,True
146557,False
146558,False
146559,False
146560,False
146561,True
146562,True
146563,True
146564,False
146565,False
146566,False
146567,False
146568,False
146569,False
146570,True
146571,True
146572,False
146573,True
146574,False
146575,False
146576,True
146577,True
146578,False
146579,False
146580,True
146581,False
146582,False
146583,True
146584,False
146585,True
146586,True
146587,False
146588,False
146589,True
146590,False
146591,True
146592,False
146593,True
146594,True
146595,False
146596,False
146597,False
146598,False
146599,True
146600,False
146601,True
146602,False
146603,False
146604,True
146605,True
146606,True
146607,False
146608,False
146609,False
146610,False
146611,True
146612,False
146613,False
146614,True
146615,False
146616,False
146617,False
146618,False
146619,False
146620,False
146621,False
146622,False
146623,False
146624,False
146625,True
146626,True
146627,False
146628,False
146629,False
146630,False
146631,False
146632,False
146633,True
146634,False
146635,False
146636,True
146637,True
146638,False
146639,False
146640,False
146641,True
146642,False
146643,False
146644,False
146645,True
146646,True
146647,False
146648,False
146649,True
146650,False
146651,False
146652,True
146653,False
146654,True
146655,False
146656,True
146657,False
146658,False
146659,False
146660,False
146661,False
146662,False
146663,False
146664,True
146665,True
146666,False
146667,True
146668,False
146669,False
146670,False
146671,False
146672,False
146673,True
146674,True
146675,False
146676,False
146677,True
146678,True
146679,True
146680,False
146681,True
146682,True
146683,False
146684,True
146685,False
146686,False
146687,False
146688,False
146689,False
146690,False
146691,True
146692,False
146693,False
146694,False
146695,False
146696,True
146697,True
146698,False
146699,False
146700,False
146701,True
146702,True
146703,False
146704,False
146705,False
146706,False
146707,False
146708,False
146709,False
146710,False
146711,True
146712,False
146713,True
146714,False
146715,True
146716,False
146717,False
146718,False
146719,True
146720,False
146721,True
146722,False
146723,True
146724,False
146725,True
146726,False
146727,False
146728,False
146729,True
146730,True
146731,False
146732,True
146733,True
146734,False
146735,False
146736,True
146737,False
146738,False
146739,False
146740,False
146741,True
146742,False
146743,False
146744,False
146745,True
146746,True
146747,False
146748,False
146749,True
146750,False
146751,False
146752,True
146753,False
146754,True
146755,True
146756,False
146757,False
146758,False
146759,False
146760,False
146761,False
146762,False
146763,False
146764,False
146765,True
146766,False
146767,False
146768,False
146769,False
146770,False
146771,True
146772,True
146773,False
146774,True
146775,False
146776,True
146777,True
146778,False
146779,False
146780,False
146781,True
146782,False
146783,False
146784,False
146785,True
146786,False
146787,False
146788,False
146789,False
146790,True
146791,False
146792,False
146793,True
146794,True
146795,False
146796,False
146797,False
146798,False
146799,True
146800,True
146801,True
146802,False
146803,False
146804,True
146805,False
146806,False
146807,False
146808,True
146809,True
146810,False
146811,False
146812,True
146813,False
146814,False
146815,True
146816,False
146817,True
146818,True
146819,False
146820,False
146821,False
146822,False
146823,False
146824,True
146825,False
146826,True
146827,False
146828,False
146829,False
146830,False
146831,False
146832,False
146833,False
146834,True
146835,True
146836,False
146837,True
146838,False
146839,False
146840,False
146841,True
146842,False
146843,False
146844,True
146845,False
146846,False
146847,True
146848,True
146849,False
146850,False
146851,False
146852,False
146853,True
146854,False
146855,False
146856,False
146857,True
146858,True
146859,False
146860,False
146861,True
146862,False
146863,False
146864,False
146865,False
146866,False
146867,False
146868,False
146869,False
146870,False
146871,True
146872,False
146873,True
146874,False
146875,False
146876,False
146877,False
146878,False
146879,True
146880,False
146881,True
146882,False
146883,True
146884,False
146885,True
146886,False
146887,False
146888,True
146889,True
146890,False
146891,True
146892,True
146893,True
146894,True
146895,True
146896,False
146897,False
146898,True
146899,False
146900,True
146901,False
146902,False
146903,False
146904,True
146905,False
146906,True
146907,False
146908,False
146909,False
146910,False
146911,False
146912,False
146913,False
146914,False
146915,True
146916,False
146917,False
146918,False
146919,False
146920,True
146921,True
146922,False
146923,True
146924,False
146925,False
146926,True
146927,False
146928,False
146929,False
146930,False
146931,True
146932,False
146933,False
146934,False
146935,True
146936,True
146937,True
146938,True
146939,False
146940,True
146941,True
146942,True
146943,False
146944,False
146945,True
146946,False
146947,False
146948,True
146949,False
146950,False
146951,True
146952,True
146953,True
146954,False
146955,True
146956,False
146957,False
146958,True
146959,False
146960,False
146961,False
146962,True
146963,False
146964,False
146965,False
146966,False
146967,False
146968,False
146969,False
146970,False
146971,False
146972,False
146973,False
146974,False
146975,True
146976,True
146977,True
146978,False
146979,False
146980,False
146981,False
146982,False
146983,False
146984,True
146985,True
146986,False
146987,False
146988,False
146989,False
146990,False
146991,False
146992,False
146993,False
146994,True
146995,False
146996,True
146997,False
146998,True
146999,True
147000,True
147001,False
147002,False
147003,False
147004,False
147005,False
147006,False
147007,False
147008,False
147009,False
147010,False
147011,False
147012,False
147013,False
147014,False
147015,True
147016,False
147017,False
147018,True
147019,False
147020,False
147021,False
147022,False
147023,False
147024,True
147025,False
147026,False
147027,False
147028,False
147029,False
147030,False
147031,True
147032,True
147033,True
147034,False
147035,True
147036,False
147037,False
147038,False
147039,True
147040,False
147041,False
147042,False
147043,False
147044,False
147045,False
147046,False
147047,True
147048,True
147049,True
147050,False
147051,False
147052,False
147053,False
147054,False
147055,True
147056,False
147057,True
147058,False
147059,False
147060,True
147061,False
147062,True
147063,True
147064,False
147065,False
147066,False
147067,False
147068,True
147069,True
147070,False
147071,False
147072,False
147073,False
147074,True
147075,False
147076,False
147077,False
147078,False
147079,False
147080,True
147081,True
147082,False
147083,False
147084,False
147085,False
147086,True
147087,False
147088,True
147089,False
147090,True
147091,False
147092,False
147093,False
147094,False
147095,False
147096,True
147097,False
147098,False
147099,True
147100,False
147101,False
147102,False
147103,True
147104,False
147105,True
147106,True
147107,True
147108,False
147109,False
147110,True
147111,False
147112,False
147113,True
147114,False
147115,False
147116,False
147117,True
147118,False
147119,True
147120,False
147121,True
147122,False
147123,False
147124,False
147125,False
147126,False
147127,True
147128,False
147129,False
147130,False
147131,False
147132,True
147133,False
147134,False
147135,False
147136,False
147137,True
147138,False
147139,True
147140,False
147141,False
147142,False
147143,False
147144,False
147145,True
147146,True
147147,False
147148,False
147149,True
147150,True
147151,False
147152,False
147153,False
147154,False
147155,False
147156,False
147157,True
147158,False
147159,False
147160,False
147161,True
147162,False
147163,False
147164,False
147165,False
147166,True
147167,False
147168,False
147169,True
147170,True
147171,False
147172,True
147173,False
147174,True
147175,True
147176,False
147177,False
147178,False
147179,False
147180,True
147181,True
147182,True
147183,False
147184,True
147185,True
147186,False
147187,False
147188,False
147189,True
147190,False
147191,False
147192,False
147193,False
147194,False
147195,False
147196,True
147197,False
147198,True
147199,True
147200,False
147201,True
147202,False
147203,False
147204,False
147205,True
147206,False
147207,False
147208,False
147209,True
147210,False
147211,True
147212,True
147213,False
147214,True
147215,False
147216,False
147217,False
147218,True
147219,False
147220,False
147221,True
147222,False
147223,False
147224,True
147225,True
147226,False
147227,True
147228,True
147229,False
147230,False
147231,False
147232,True
147233,False
147234,False
147235,False
147236,True
147237,False
147238,False
147239,False
147240,False
147241,True
147242,True
147243,False
147244,False
147245,True
147246,True
147247,True
147248,False
147249,False
147250,False
147251,False
147252,False
147253,False
147254,False
147255,False
147256,True
147257,True
147258,False
147259,False
147260,False
147261,False
147262,True
147263,False
147264,False
147265,False
147266,False
147267,False
147268,False
147269,True
147270,True
147271,False
147272,False
147273,True
147274,False
147275,True
147276,False
147277,False
147278,False
147279,False
147280,False
147281,True
147282,True
147283,True
147284,False
147285,False
147286,False
147287,False
147288,False
147289,False
147290,False
147291,False
147292,False
147293,False
147294,True
147295,False
147296,False
147297,True
147298,True
147299,True
147300,True
147301,False
147302,True
147303,False
147304,True
147305,False
147306,True
147307,True
147308,True
147309,True
147310,False
147311,True
147312,False
147313,True
147314,False
147315,True
147316,True
147317,False
147318,True
147319,True
147320,False
147321,False
147322,False
147323,False
147324,True
147325,False
147326,True
147327,False
147328,False
147329,True
147330,False
147331,True
147332,False
147333,False
147334,True
147335,False
147336,False
147337,True
147338,True
147339,False
147340,True
147341,False
147342,False
147343,True
147344,False
147345,False
147346,False
147347,True
147348,False
147349,True
147350,True
147351,False
147352,False
147353,True
147354,False
147355,True
147356,False
147357,False
147358,False
147359,True
147360,False
147361,True
147362,False
147363,False
147364,False
147365,False
147366,False
147367,True
147368,True
147369,False
147370,True
147371,True
147372,True
147373,False
147374,False
147375,False
147376,False
147377,False
147378,False
147379,False
147380,False
147381,False
147382,False
147383,False
147384,False
147385,True
147386,True
147387,False
147388,False
147389,True
147390,False
147391,False
147392,True
147393,True
147394,False
147395,False
147396,True
147397,False
147398,True
147399,True
147400,False
147401,False
147402,False
147403,True
147404,False
147405,True
147406,False
147407,False
147408,True
147409,False
147410,True
147411,False
147412,False
147413,False
147414,True
147415,False
147416,True
147417,True
147418,False
147419,True
147420,True
147421,True
147422,False
147423,False
147424,False
147425,True
147426,True
147427,True
147428,False
147429,False
147430,False
147431,False
147432,False
147433,False
147434,True
147435,False
147436,True
147437,False
147438,True
147439,True
147440,False
147441,True
147442,False
147443,False
147444,True
147445,True
147446,False
147447,True
147448,True
147449,False
147450,False
147451,False
147452,False
147453,False
147454,False
147455,False
147456,True
147457,False
147458,False
147459,True
147460,True
147461,True
147462,True
147463,False
147464,True
147465,False
147466,True
147467,True
147468,True
147469,False
147470,False
147471,True
147472,False
147473,False
147474,False
147475,False
147476,False
147477,True
147478,False
147479,False
147480,False
147481,False
147482,True
147483,False
147484,False
147485,False
147486,False
147487,False
147488,False
147489,True
147490,False
147491,False
147492,False
147493,True
147494,True
147495,False
147496,False
147497,True
147498,True
147499,False
147500,True
147501,False
147502,False
147503,False
147504,True
147505,True
147506,False
147507,False
147508,False
147509,False
147510,True
147511,False
147512,False
147513,False
147514,True
147515,False
147516,False
147517,False
147518,True
147519,False
147520,False
147521,False
147522,False
147523,False
147524,True
147525,False
147526,False
147527,False
147528,False
147529,True
147530,False
147531,False
147532,False
147533,True
147534,False
147535,False
147536,True
147537,False
147538,False
147539,True
147540,False
147541,True
147542,False
147543,False
147544,False
147545,True
147546,True
147547,False
147548,False
147549,True
147550,False
147551,True
147552,True
147553,False
147554,False
147555,False
147556,True
147557,False
147558,False
147559,True
147560,False
147561,False
147562,False
147563,False
147564,False
147565,False
147566,False
147567,False
147568,False
147569,False
147570,True
147571,False
147572,True
147573,False
147574,False
147575,False
147576,False
147577,True
147578,True
147579,True
147580,False
147581,False
147582,True
147583,False
147584,True
147585,True
147586,True
147587,False
147588,True
147589,False
147590,False
147591,False
147592,True
147593,False
147594,False
147595,True
147596,False
147597,True
147598,False
147599,True
147600,True
147601,True
147602,True
147603,False
147604,True
147605,False
147606,False
147607,True
147608,True
147609,True
147610,False
147611,False
147612,False
147613,False
147614,False
147615,False
147616,False
147617,False
147618,False
147619,False
147620,False
147621,False
147622,False
147623,False
147624,False
147625,False
147626,True
147627,False
147628,True
147629,False
147630,False
147631,False
147632,False
147633,True
147634,False
147635,True
147636,False
147637,False
147638,False
147639,True
147640,False
147641,False
147642,False
147643,False
147644,False
147645,False
147646,False
147647,False
147648,False
147649,False
147650,True
147651,False
147652,True
147653,False
147654,False
147655,False
147656,True
147657,False
147658,False
147659,True
147660,False
147661,False
147662,True
147663,False
147664,False
147665,False
147666,False
147667,False
147668,False
147669,True
147670,False
147671,True
147672,False
147673,True
147674,False
147675,False
147676,True
147677,True
147678,False
147679,False
147680,True
147681,False
147682,True
147683,False
147684,True
147685,False
147686,False
147687,False
147688,True
147689,False
147690,True
147691,False
147692,True
147693,True
147694,False
147695,False
147696,False
147697,False
147698,True
147699,False
147700,False
147701,False
147702,False
147703,True
147704,False
147705,False
147706,False
147707,True
147708,False
147709,False
147710,False
147711,False
147712,False
147713,False
147714,False
147715,True
147716,True
147717,False
147718,True
147719,False
147720,False
147721,False
147722,False
147723,False
147724,False
147725,False
147726,False
147727,True
147728,True
147729,True
147730,False
147731,False
147732,False
147733,True
147734,False
147735,True
147736,False
147737,False
147738,True
147739,False
147740,False
147741,False
147742,False
147743,False
147744,True
147745,True
147746,False
147747,False
147748,False
147749,False
147750,False
147751,True
147752,False
147753,True
147754,False
147755,True
147756,False
147757,True
147758,True
147759,True
147760,True
147761,False
147762,False
147763,False
147764,True
147765,False
147766,True
147767,False
147768,True
147769,True
147770,False
147771,True
147772,False
147773,False
147774,False
147775,True
147776,False
147777,False
147778,False
147779,False
147780,False
147781,False
147782,False
147783,True
147784,True
147785,False
147786,False
147787,False
147788,True
147789,False
147790,True
147791,False
147792,False
147793,False
147794,False
147795,True
147796,False
147797,False
147798,False
147799,False
147800,True
147801,False
147802,False
147803,False
147804,False
147805,False
147806,False
147807,False
147808,False
147809,False
147810,True
147811,True
147812,False
147813,False
147814,False
147815,False
147816,False
147817,False
147818,True
147819,True
147820,False
147821,False
147822,True
147823,False
147824,False
147825,False
147826,True
147827,False
147828,True
147829,True
147830,True
147831,True
147832,True
147833,False
147834,False
147835,True
147836,True
147837,True
147838,False
147839,True
147840,True
147841,False
147842,True
147843,False
147844,False
147845,True
147846,False
147847,False
147848,True
147849,False
147850,False
147851,False
147852,False
147853,True
147854,False
147855,False
147856,True
147857,False
147858,True
147859,True
147860,True
147861,False
147862,True
147863,True
147864,True
147865,True
147866,False
147867,False
147868,False
147869,False
147870,True
147871,True
147872,False
147873,False
147874,True
147875,False
147876,True
147877,False
147878,True
147879,False
147880,True
147881,False
147882,True
147883,False
147884,True
147885,False
147886,True
147887,True
147888,True
147889,False
147890,False
147891,True
147892,False
147893,False
147894,False
147895,False
147896,True
147897,True
147898,True
147899,False
147900,False
147901,True
147902,False
147903,True
147904,False
147905,False
147906,False
147907,False
147908,False
147909,True
147910,True
147911,True
147912,False
147913,False
147914,True
147915,True
147916,False
147917,False
147918,True
147919,False
147920,False
147921,True
147922,False
147923,False
147924,True
147925,False
147926,True
147927,False
147928,False
147929,False
147930,False
147931,False
147932,True
147933,True
147934,False
147935,False
147936,False
147937,True
147938,False
147939,False
147940,False
147941,True
147942,False
147943,True
147944,False
147945,False
147946,False
147947,False
147948,False
147949,False
147950,False
147951,False
147952,True
147953,False
147954,True
147955,False
147956,True
147957,False
147958,True
147959,False
147960,False
147961,True
147962,True
147963,True
147964,True
147965,True
147966,True
147967,False
147968,False
147969,False
147970,True
147971,False
147972,False
147973,False
147974,True
147975,False
147976,True
147977,False
147978,False
147979,False
147980,True
147981,True
147982,False
147983,False
147984,True
147985,True
147986,False
147987,False
147988,False
147989,False
147990,True
147991,True
147992,False
147993,False
147994,False
147995,False
147996,True
147997,False
147998,True
147999,False
148000,False
148001,True
148002,True
148003,False
148004,False
148005,False
148006,True
148007,False
148008,False
148009,False
148010,False
148011,False
148012,False
148013,False
148014,False
148015,False
148016,False
148017,True
148018,True
148019,False
148020,False
148021,False
148022,True
148023,False
148024,False
148025,False
148026,True
148027,False
148028,False
148029,False
148030,False
148031,False
148032,False
148033,True
148034,False
148035,False
148036,False
148037,True
148038,False
148039,False
148040,False
148041,False
148042,False
148043,False
148044,True
148045,False
148046,True
148047,False
148048,False
148049,True
148050,False
148051,False
148052,True
148053,True
148054,True
148055,True
148056,True
148057,False
148058,True
148059,False
148060,False
148061,True
148062,False
148063,False
148064,False
148065,True
148066,False
148067,False
148068,True
148069,False
148070,False
148071,False
148072,True
148073,False
148074,True
148075,False
148076,True
148077,False
148078,True
148079,False
148080,False
148081,False
148082,False
148083,True
148084,False
148085,False
148086,True
148087,False
148088,True
148089,True
148090,False
148091,False
148092,True
148093,False
148094,True
148095,False
148096,False
148097,False
148098,False
148099,True
148100,True
148101,True
148102,True
148103,False
148104,False
148105,True
148106,False
148107,True
148108,False
148109,False
148110,False
148111,False
148112,True
148113,True
148114,False
148115,False
148116,True
148117,False
148118,True
148119,False
148120,False
148121,False
148122,False
148123,False
148124,False
148125,False
148126,True
148127,False
148128,False
148129,True
148130,False
148131,False
148132,True
148133,True
148134,True
148135,False
148136,False
148137,False
148138,False
148139,False
148140,False
148141,True
148142,False
148143,True
148144,True
148145,False
148146,False
148147,True
148148,False
148149,True
148150,False
148151,True
148152,False
148153,True
148154,False
148155,True
148156,True
148157,False
148158,True
148159,False
148160,False
148161,True
148162,False
148163,False
148164,True
148165,False
148166,True
148167,True
148168,True
148169,False
148170,False
148171,False
148172,False
148173,False
148174,False
148175,False
148176,False
148177,True
148178,False
148179,True
148180,False
148181,True
148182,False
148183,False
148184,True
148185,False
148186,False
148187,True
148188,True
148189,True
148190,False
148191,False
148192,True
148193,False
148194,True
148195,False
148196,False
148197,True
148198,True
148199,True
148200,False
148201,False
148202,False
148203,False
148204,False
148205,False
148206,False
148207,False
148208,True
148209,False
148210,False
148211,False
148212,False
148213,False
148214,False
148215,False
148216,False
148217,False
148218,False
148219,True
148220,False
148221,False
148222,True
148223,False
148224,False
148225,False
148226,True
148227,False
148228,True
148229,True
148230,False
148231,True
148232,False
148233,False
148234,False
148235,False
148236,True
148237,True
148238,False
148239,True
148240,False
148241,True
148242,True
148243,True
148244,True
148245,True
148246,False
148247,False
148248,False
148249,False
148250,False
148251,True
148252,True
148253,False
148254,False
148255,False
148256,True
148257,False
148258,True
148259,True
148260,False
148261,False
148262,True
148263,False
148264,False
148265,True
148266,True
148267,False
148268,True
148269,False
148270,True
148271,False
148272,False
148273,False
148274,False
148275,False
148276,True
148277,False
148278,True
148279,True
148280,True
148281,True
148282,False
148283,False
148284,False
148285,False
148286,True
148287,True
148288,False
148289,False
148290,False
148291,False
148292,False
148293,False
148294,False
148295,True
148296,True
148297,False
148298,True
148299,True
148300,False
148301,False
148302,False
148303,False
148304,True
148305,False
148306,False
148307,False
148308,False
148309,True
148310,False
148311,True
148312,False
148313,False
148314,False
148315,False
148316,False
148317,False
148318,True
148319,True
148320,False
148321,False
148322,True
148323,False
148324,False
148325,False
148326,False
148327,True
148328,False
148329,False
148330,True
148331,True
148332,False
148333,False
148334,False
148335,False
148336,True
148337,False
148338,False
148339,False
148340,False
148341,False
148342,False
148343,True
148344,False
148345,False
148346,True
148347,False
148348,True
148349,False
148350,True
148351,False
148352,False
148353,False
148354,False
148355,False
148356,True
148357,True
148358,True
148359,True
148360,False
148361,False
148362,True
148363,False
148364,True
148365,False
148366,False
148367,False
148368,False
148369,True
148370,True
148371,False
148372,False
148373,False
148374,False
148375,True
148376,True
148377,False
148378,False
148379,True
148380,True
148381,True
148382,False
148383,True
148384,True
148385,False
148386,True
148387,False
148388,False
148389,False
148390,False
148391,False
148392,False
148393,False
148394,False
148395,False
148396,False
148397,False
148398,False
148399,True
148400,True
148401,False
148402,False
148403,False
148404,False
148405,False
148406,False
148407,False
148408,False
148409,True
148410,False
148411,False
148412,False
148413,False
148414,True
148415,True
148416,False
148417,False
148418,False
148419,False
148420,False
148421,True
148422,False
148423,False
148424,False
148425,True
148426,True
148427,False
148428,True
148429,True
148430,False
148431,True
148432,False
148433,False
148434,False
148435,False
148436,False
148437,True
148438,False
148439,False
148440,True
148441,False
148442,False
148443,False
148444,True
148445,True
148446,False
148447,False
148448,False
148449,False
148450,False
148451,False
148452,True
148453,False
148454,False
148455,False
148456,False
148457,True
148458,False
148459,False
148460,False
148461,False
148462,False
148463,False
148464,False
148465,False
148466,True
148467,True
148468,False
148469,False
148470,False
148471,False
148472,False
148473,False
148474,True
148475,False
148476,False
148477,True
148478,False
148479,False
148480,True
148481,True
148482,False
148483,False
148484,False
148485,False
148486,True
148487,False
148488,False
148489,True
148490,False
148491,False
148492,True
148493,False
148494,False
148495,False
148496,True
148497,True
148498,True
148499,True
148500,True
148501,False
148502,True
148503,False
148504,True
148505,False
148506,True
148507,True
148508,True
148509,False
148510,False
148511,False
148512,False
148513,False
148514,True
148515,True
148516,False
148517,True
148518,False
148519,False
148520,False
148521,True
148522,False
148523,False
148524,True
148525,False
148526,False
148527,False
148528,True
148529,True
148530,False
148531,False
148532,False
148533,False
148534,False
148535,False
148536,True
148537,False
148538,True
148539,False
148540,False
148541,False
148542,False
148543,False
148544,True
148545,False
148546,True
148547,False
148548,True
148549,True
148550,True
148551,False
148552,False
148553,False
148554,False
148555,False
148556,True
148557,False
148558,False
148559,False
148560,False
148561,True
148562,False
148563,False
148564,False
148565,False
148566,True
148567,False
148568,True
148569,False
148570,True
148571,True
148572,False
148573,False
148574,False
148575,True
148576,False
148577,True
148578,False
148579,False
148580,False
148581,True
148582,False
148583,True
148584,False
148585,False
148586,False
148587,False
148588,False
148589,True
148590,False
148591,False
148592,False
148593,True
148594,True
148595,False
148596,True
148597,True
148598,True
148599,False
148600,False
148601,False
148602,False
148603,True
148604,False
148605,False
148606,True
148607,True
148608,False
148609,False
148610,False
148611,True
148612,False
148613,True
148614,True
148615,False
148616,False
148617,False
148618,False
148619,False
148620,True
148621,True
148622,False
148623,False
148624,True
148625,True
148626,False
148627,True
148628,False
148629,False
148630,False
148631,False
148632,False
148633,True
148634,False
148635,False
148636,False
148637,False
148638,False
148639,True
148640,False
148641,False
148642,False
148643,True
148644,True
148645,False
148646,True
148647,True
148648,True
148649,False
148650,False
148651,False
148652,False
148653,False
148654,True
148655,True
148656,False
148657,False
148658,False
148659,False
148660,True
148661,False
148662,True
148663,False
148664,False
148665,True
148666,False
148667,True
148668,True
148669,True
148670,False
148671,True
148672,True
148673,True
148674,True
148675,False
148676,False
148677,True
148678,False
148679,False
148680,True
148681,False
148682,False
148683,False
148684,True
148685,False
148686,True
148687,True
148688,False
148689,False
148690,False
148691,False
148692,False
148693,False
148694,False
148695,False
148696,False
148697,False
148698,False
148699,True
148700,False
148701,False
148702,True
148703,False
148704,False
148705,False
148706,False
148707,True
148708,False
148709,False
148710,False
148711,False
148712,False
148713,True
148714,False
148715,False
148716,False
148717,False
148718,False
148719,False
148720,True
148721,False
148722,True
148723,False
148724,True
148725,True
148726,True
148727,False
148728,False
148729,True
148730,False
148731,False
148732,False
148733,False
148734,False
148735,False
148736,False
148737,False
148738,False
148739,True
148740,False
148741,False
148742,True
148743,True
148744,False
148745,True
148746,True
148747,False
148748,False
148749,False
148750,True
148751,False
148752,True
148753,True
148754,False
148755,True
148756,True
148757,False
148758,False
148759,False
148760,False
148761,True
148762,False
148763,False
148764,False
148765,False
148766,True
148767,True
148768,False
148769,True
148770,True
148771,False
148772,False
148773,True
148774,True
148775,False
148776,False
148777,True
148778,False
148779,True
148780,False
148781,True
148782,False
148783,False
148784,True
148785,False
148786,False
148787,False
148788,False
148789,False
148790,True
148791,True
148792,False
148793,False
148794,True
148795,False
148796,True
148797,False
148798,True
148799,False
148800,False
148801,False
148802,False
148803,False
148804,False
148805,False
148806,False
148807,False
148808,True
148809,False
148810,False
148811,False
148812,False
148813,True
148814,False
148815,True
148816,False
148817,True
148818,False
148819,False
148820,True
148821,True
148822,True
148823,False
148824,True
148825,True
148826,True
148827,False
148828,True
148829,False
148830,False
148831,True
148832,True
148833,True
148834,False
148835,False
148836,False
148837,False
148838,True
148839,False
148840,False
148841,True
148842,False
148843,False
148844,False
148845,True
148846,True
148847,False
148848,False
148849,True
148850,False
148851,False
148852,False
148853,False
148854,False
148855,True
148856,False
148857,False
148858,False
148859,False
148860,False
148861,False
148862,False
148863,False
148864,True
148865,True
148866,True
148867,False
148868,True
148869,False
148870,False
148871,False
148872,True
148873,True
148874,False
148875,False
148876,True
148877,False
148878,False
148879,False
148880,False
148881,False
148882,False
148883,True
148884,False
148885,False
148886,True
148887,False
148888,False
148889,True
148890,False
148891,True
148892,False
148893,True
148894,False
148895,True
148896,False
148897,False
148898,False
148899,False
148900,False
148901,False
148902,False
148903,True
148904,False
148905,True
148906,True
148907,True
148908,False
148909,True
148910,False
148911,True
148912,False
148913,False
148914,True
148915,True
148916,False
148917,True
148918,False
148919,False
148920,False
148921,False
148922,True
148923,False
148924,False
148925,False
148926,True
148927,False
148928,False
148929,False
148930,False
148931,False
148932,False
148933,True
148934,False
148935,False
148936,False
148937,True
148938,True
148939,True
148940,False
148941,False
148942,True
148943,False
148944,True
148945,False
148946,False
148947,False
148948,False
148949,False
148950,True
148951,False
148952,False
148953,True
148954,False
148955,False
148956,False
148957,False
148958,False
148959,True
148960,True
148961,False
148962,False
148963,True
148964,False
148965,True
148966,True
148967,False
148968,False
148969,True
148970,False
148971,True
148972,False
148973,False
148974,False
148975,False
148976,False
148977,False
148978,False
148979,False
148980,True
148981,False
148982,True
148983,False
148984,True
148985,False
148986,True
148987,False
148988,False
148989,False
148990,True
148991,False
148992,False
148993,False
148994,False
148995,True
148996,False
148997,True
148998,False
148999,False
149000,False
149001,False
149002,True
149003,False
149004,False
149005,True
149006,False
149007,True
149008,False
149009,True
149010,False
149011,False
149012,True
149013,False
149014,True
149015,False
149016,False
149017,False
149018,False
149019,False
149020,False
149021,False
149022,False
149023,False
149024,False
149025,False
149026,True
149027,False
149028,True
149029,True
149030,True
149031,False
149032,False
149033,True
149034,False
149035,True
149036,False
149037,False
149038,True
149039,False
149040,False
149041,False
149042,True
149043,False
149044,False
149045,False
149046,True
149047,True
149048,False
149049,True
149050,False
149051,True
149052,False
149053,False
149054,False
149055,True
149056,False
149057,True
149058,False
149059,True
149060,False
149061,False
149062,False
149063,False
149064,True
149065,True
149066,False
149067,False
149068,False
149069,True
149070,True
149071,False
149072,True
149073,False
149074,True
149075,False
149076,False
149077,False
149078,False
149079,False
149080,True
149081,False
149082,False
149083,False
149084,False
149085,True
149086,False
149087,False
149088,True
149089,True
149090,False
149091,False
149092,False
149093,True
149094,True
149095,False
149096,False
149097,False
149098,False
149099,False
149100,True
149101,False
149102,True
149103,False
149104,False
149105,True
149106,False
149107,False
149108,True
149109,True
149110,False
149111,False
149112,True
149113,False
149114,False
149115,False
149116,False
149117,True
149118,False
149119,True
149120,False
149121,False
149122,False
149123,False
149124,False
149125,False
149126,False
149127,True
149128,False
149129,False
149130,True
149131,False
149132,False
149133,True
149134,False
149135,True
149136,True
149137,False
149138,False
149139,False
149140,True
149141,False
149142,True
149143,False
149144,True
149145,False
149146,False
149147,False
149148,False
149149,False
149150,True
149151,True
149152,False
149153,False
149154,True
149155,False
149156,True
149157,True
149158,True
149159,False
149160,False
149161,False
149162,True
149163,False
149164,True
149165,False
149166,False
149167,True
149168,True
149169,True
149170,False
149171,False
149172,False
149173,False
149174,True
149175,False
149176,False
149177,False
149178,False
149179,False
149180,True
149181,False
149182,False
149183,False
149184,False
149185,False
149186,False
149187,False
149188,True
149189,False
149190,True
149191,True
149192,False
149193,False
149194,False
149195,False
149196,False
149197,True
149198,False
149199,False
149200,False
149201,False
149202,False
149203,False
149204,True
149205,True
149206,False
149207,False
149208,False
149209,True
149210,False
149211,False
149212,False
149213,False
149214,True
149215,False
149216,False
149217,True
149218,False
149219,False
149220,True
149221,True
149222,True
149223,False
149224,False
149225,False
149226,False
149227,False
149228,True
149229,False
149230,True
149231,True
149232,True
149233,True
149234,True
149235,False
149236,False
149237,True
149238,False
149239,True
149240,False
149241,True
149242,False
149243,True
149244,False
149245,True
149246,False
149247,False
149248,True
149249,False
149250,True
149251,True
149252,True
149253,False
149254,False
149255,False
149256,False
149257,False
149258,False
149259,True
149260,False
149261,True
149262,True
149263,False
149264,True
149265,False
149266,True
149267,False
149268,True
149269,False
149270,True
149271,True
149272,False
149273,False
149274,True
149275,False
149276,False
149277,False
149278,True
149279,True
149280,True
149281,False
149282,False
149283,False
149284,False
149285,False
149286,False
149287,True
149288,False
149289,False
149290,False
149291,True
149292,True
149293,False
149294,True
149295,True
149296,False
149297,True
149298,False
149299,False
149300,False
149301,False
149302,False
149303,False
149304,False
149305,False
149306,False
149307,False
149308,False
149309,False
149310,True
149311,False
149312,True
149313,True
149314,True
149315,False
149316,True
149317,False
149318,True
149319,False
149320,False
149321,False
149322,True
149323,False
149324,False
149325,False
149326,False
149327,True
149328,False
149329,False
149330,True
149331,False
149332,False
149333,True
149334,False
149335,True
149336,False
149337,True
149338,False
149339,False
149340,False
149341,True
149342,False
149343,True
149344,False
149345,False
149346,True
149347,False
149348,True
149349,False
149350,False
149351,False
149352,False
149353,True
149354,False
149355,False
149356,True
149357,False
149358,False
149359,True
149360,False
149361,False
149362,False
149363,True
149364,False
149365,True
149366,False
149367,False
149368,True
149369,False
149370,True
149371,False
149372,True
149373,False
149374,False
149375,False
149376,False
149377,False
149378,True
149379,True
149380,False
149381,False
149382,False
149383,False
149384,False
149385,False
149386,False
149387,True
149388,True
149389,False
149390,False
149391,False
149392,False
149393,True
149394,False
149395,False
149396,False
149397,False
149398,False
149399,False
149400,True
149401,False
149402,False
149403,False
149404,True
149405,True
149406,False
149407,False
149408,False
149409,False
149410,False
149411,True
149412,False
149413,True
149414,False
149415,False
149416,True
149417,True
149418,False
149419,False
149420,False
149421,False
149422,True
149423,False
149424,True
149425,True
149426,False
149427,True
149428,False
149429,False
149430,False
149431,True
149432,True
149433,True
149434,True
149435,False
149436,True
149437,True
149438,True
149439,True
149440,False
149441,True
149442,False
149443,True
149444,True
149445,True
149446,False
149447,False
149448,True
149449,False
149450,True
149451,False
149452,False
149453,False
149454,False
149455,False
149456,False
149457,False
149458,False
149459,False
149460,False
149461,True
149462,False
149463,False
149464,True
149465,True
149466,False
149467,False
149468,False
149469,False
149470,False
149471,False
149472,True
149473,False
149474,True
149475,True
149476,False
149477,True
149478,True
149479,False
149480,False
149481,False
149482,True
149483,False
149484,True
149485,False
149486,True
149487,True
149488,False
149489,True
149490,True
149491,False
149492,True
149493,False
149494,False
149495,True
149496,True
149497,False
149498,False
149499,True
149500,False
149501,True
149502,False
149503,False
149504,False
149505,False
149506,False
149507,False
149508,False
149509,False
149510,True
149511,True
149512,False
149513,False
149514,False
149515,True
149516,True
149517,True
149518,False
149519,False
149520,True
149521,False
149522,False
149523,False
149524,True
149525,True
149526,True
149527,False
149528,False
149529,False
149530,True
149531,False
149532,False
149533,False
149534,False
149535,False
149536,True
149537,False
149538,False
149539,False
149540,False
149541,False
149542,True
149543,True
149544,False
149545,True
149546,False
149547,True
149548,False
149549,True
149550,False
149551,False
149552,False
149553,False
149554,False
149555,False
149556,True
149557,False
149558,False
149559,False
149560,True
149561,False
149562,False
149563,False
149564,False
149565,False
149566,False
149567,True
149568,False
149569,False
149570,False
149571,False
149572,False
149573,False
149574,False
149575,False
149576,False
149577,False
149578,False
149579,False
149580,False
149581,True
149582,False
149583,False
149584,False
149585,False
149586,False
149587,True
149588,False
149589,True
149590,False
149591,False
149592,False
149593,False
149594,False
149595,False
149596,False
149597,False
149598,False
149599,True
149600,False
149601,True
149602,False
149603,True
149604,False
149605,False
149606,False
149607,False
149608,False
149609,False
149610,False
149611,True
149612,True
149613,True
149614,True
149615,False
149616,False
149617,False
149618,True
149619,False
149620,False
149621,False
149622,True
149623,True
149624,True
149625,False
149626,True
149627,False
149628,True
149629,True
149630,False
149631,False
149632,False
149633,False
149634,False
149635,False
149636,False
149637,False
149638,False
149639,False
149640,False
149641,False
149642,False
149643,False
149644,False
149645,False
149646,False
149647,False
149648,False
149649,True
149650,False
149651,False
149652,False
149653,True
149654,False
149655,False
149656,False
149657,False
149658,False
149659,True
149660,False
149661,True
149662,False
149663,False
149664,False
149665,False
149666,False
149667,False
149668,False
149669,False
149670,False
149671,False
149672,True
149673,False
149674,True
149675,False
149676,False
149677,False
149678,False
149679,True
149680,False
149681,False
149682,False
149683,False
149684,False
149685,False
149686,False
149687,False
149688,False
149689,True
149690,False
149691,True
149692,True
149693,True
149694,True
149695,False
149696,False
149697,True
149698,True
149699,True
149700,True
149701,True
149702,True
149703,False
149704,False
149705,False
149706,True
149707,True
149708,False
149709,True
149710,False
149711,True
149712,False
149713,False
149714,False
149715,True
149716,True
149717,False
149718,True
149719,False
149720,False
149721,False
149722,False
149723,False
149724,False
149725,False
149726,False
149727,False
149728,True
149729,False
149730,True
149731,False
149732,True
149733,False
149734,False
149735,False
149736,False
149737,False
149738,False
149739,True
149740,True
149741,False
149742,False
149743,True
149744,False
149745,True
149746,False
149747,False
149748,True
149749,True
149750,False
149751,True
149752,False
149753,False
149754,True
149755,False
149756,False
149757,False
149758,False
149759,True
149760,False
149761,False
149762,False
149763,True
149764,False
149765,True
149766,True
149767,False
149768,False
149769,False
149770,False
149771,False
149772,True
149773,False
149774,True
149775,False
149776,False
149777,False
149778,False
149779,False
149780,False
149781,True
149782,False
149783,True
149784,True
149785,False
149786,False
149787,False
149788,False
149789,False
149790,False
149791,True
149792,True
149793,False
149794,False
149795,True
149796,False
149797,False
149798,False
149799,True
149800,False
149801,True
149802,False
149803,False
149804,False
149805,False
149806,True
149807,True
149808,False
149809,False
149810,False
149811,False
149812,False
149813,False
149814,True
149815,False
149816,True
149817,True
149818,False
149819,True
149820,False
149821,True
149822,False
149823,False
149824,False
149825,True
149826,False
149827,True
149828,False
149829,False
149830,False
149831,False
149832,False
149833,False
149834,False
149835,True
149836,False
149837,True
149838,False
149839,False
149840,True
149841,True
149842,False
149843,True
149844,False
149845,False
149846,False
149847,False
149848,False
149849,False
149850,False
149851,True
149852,True
149853,False
149854,True
149855,False
149856,False
149857,False
149858,False
149859,False
149860,True
149861,False
149862,False
149863,False
149864,False
149865,False
149866,True
149867,True
149868,True
149869,False
149870,True
149871,True
149872,True
149873,False
149874,False
149875,False
149876,True
149877,False
149878,False
149879,True
149880,False
149881,False
149882,False
149883,False
149884,False
149885,False
149886,True
149887,False
149888,False
149889,True
149890,False
149891,False
149892,False
149893,True
149894,False
149895,False
149896,True
149897,True
149898,False
149899,False
149900,True
149901,True
149902,False
149903,False
149904,True
149905,True
149906,True
149907,False
149908,True
149909,False
149910,True
149911,True
149912,True
149913,False
149914,False
149915,True
149916,True
149917,False
149918,False
149919,False
149920,True
149921,False
149922,False
149923,False
149924,True
149925,False
149926,True
149927,False
149928,False
149929,False
149930,False
149931,False
149932,False
149933,False
149934,False
149935,True
149936,True
149937,True
149938,True
149939,False
149940,True
149941,False
149942,True
149943,False
149944,False
149945,False
149946,False
149947,False
149948,False
149949,True
149950,False
149951,False
149952,True
149953,True
149954,True
149955,False
149956,False
149957,True
149958,False
149959,True
149960,True
149961,False
149962,False
149963,False
149964,True
149965,True
149966,False
149967,False
149968,False
149969,False
149970,True
149971,True
149972,False
149973,False
149974,True
149975,True
149976,True
149977,False
149978,True
149979,False
149980,False
149981,False
149982,False
149983,True
149984,False
149985,True
149986,False
149987,False
149988,True
149989,True
149990,False
149991,True
149992,True
149993,True
149994,False
149995,False
149996,False
149997,False
149998,True
149999,False
150000,True
150001,True
150002,True
150003,False
150004,False
150005,False
150006,False
150007,False
150008,False
150009,False
150010,True
150011,True
150012,False
150013,False
150014,True
150015,False
150016,False
150017,False
150018,True
150019,False
150020,False
150021,True
150022,True
150023,True
150024,False
150025,False
150026,False
150027,False
150028,True
150029,True
150030,False
150031,False
150032,False
150033,False
150034,True
150035,True
150036,False
150037,False
150038,True
150039,False
150040,False
150041,True
150042,True
150043,False
150044,True
150045,True
150046,False
150047,False
150048,True
150049,True
150050,True
150051,False
150052,False
150053,False
150054,False
150055,False
150056,False
150057,True
150058,False
150059,True
150060,False
150061,False
150062,False
150063,True
150064,False
150065,False
150066,False
150067,False
150068,False
150069,True
150070,False
150071,True
150072,True
150073,False
150074,False
150075,False
150076,True
150077,False
150078,True
150079,True
150080,True
150081,True
150082,True
150083,False
150084,False
150085,False
150086,False
150087,False
150088,True
150089,False
150090,False
150091,False
150092,True
150093,False
150094,False
150095,False
150096,False
150097,False
150098,True
150099,True
150100,False
150101,False
150102,False
150103,False
150104,False
150105,False
150106,True
150107,False
150108,False
150109,False
150110,True
150111,True
150112,False
150113,False
150114,False
150115,False
150116,False
150117,True
150118,False
150119,False
150120,False
150121,False
150122,False
150123,False
150124,False
150125,True
150126,False
150127,True
150128,True
150129,False
150130,False
150131,True
150132,False
150133,False
150134,False
150135,False
150136,True
150137,False
150138,True
150139,False
150140,False
150141,False
150142,True
150143,True
150144,True
150145,True
150146,True
150147,False
150148,False
150149,False
150150,True
150151,False
150152,True
150153,True
150154,False
150155,False
150156,False
150157,False
150158,True
150159,False
150160,False
150161,False
150162,False
150163,True
150164,False
150165,False
150166,True
150167,False
150168,True
150169,True
150170,False
150171,True
150172,False
150173,False
150174,True
150175,True
150176,True
150177,False
150178,False
150179,False
150180,False
150181,False
150182,False
150183,False
150184,False
150185,False
150186,False
150187,True
150188,False
150189,False
150190,False
150191,False
150192,False
150193,False
150194,False
150195,False
150196,True
150197,True
150198,False
150199,False
150200,True
150201,True
150202,True
150203,False
150204,False
150205,False
150206,False
150207,True
150208,False
150209,False
150210,False
150211,False
150212,True
150213,False
150214,False
150215,False
150216,False
150217,False
150218,False
150219,False
150220,False
150221,False
150222,False
150223,False
150224,False
150225,True
150226,False
150227,True
150228,False
150229,True
150230,True
150231,True
150232,False
150233,True
150234,True
150235,False
150236,False
150237,True
150238,False
150239,True
150240,False
150241,False
150242,True
150243,False
150244,False
150245,False
150246,False
150247,True
150248,False
150249,True
150250,True
150251,False
150252,True
150253,False
150254,False
150255,False
150256,False
150257,True
150258,False
150259,False
150260,False
150261,True
150262,False
150263,False
150264,True
150265,False
150266,False
150267,False
150268,False
150269,True
150270,False
150271,True
150272,False
150273,True
150274,False
150275,False
150276,False
150277,False
150278,False
150279,False
150280,False
150281,True
150282,True
150283,False
150284,False
150285,False
150286,False
150287,False
150288,True
150289,False
150290,False
150291,True
150292,False
150293,False
150294,True
150295,False
150296,False
150297,False
150298,False
150299,True
150300,True
150301,True
150302,True
150303,False
150304,False
150305,False
150306,False
150307,False
150308,False
150309,True
150310,False
150311,False
150312,True
150313,False
150314,False
150315,False
150316,False
150317,True
150318,False
150319,False
150320,False
150321,True
150322,False
150323,False
150324,False
150325,True
150326,False
150327,True
150328,False
150329,False
150330,False
150331,False
150332,False
150333,False
150334,True
150335,False
150336,False
150337,False
150338,True
150339,False
150340,True
150341,False
150342,False
150343,False
150344,False
150345,False
150346,True
150347,False
150348,False
150349,False
150350,False
150351,False
150352,False
150353,True
150354,False
150355,True
150356,True
150357,False
150358,False
150359,False
150360,True
150361,False
150362,False
150363,True
150364,False
150365,True
150366,True
150367,False
150368,True
150369,False
150370,False
150371,False
150372,False
150373,False
150374,False
150375,True
150376,False
150377,True
150378,True
150379,True
150380,True
150381,False
150382,True
150383,True
150384,True
150385,False
150386,False
150387,False
150388,True
150389,False
150390,True
150391,False
150392,False
150393,False
150394,False
150395,False
150396,False
150397,False
150398,False
150399,False
150400,False
150401,False
150402,True
150403,False
150404,False
150405,True
150406,False
150407,False
150408,False
150409,False
150410,True
150411,True
150412,False
150413,True
150414,True
150415,False
150416,True
150417,True
150418,True
150419,False
150420,False
150421,True
150422,True
150423,False
150424,True
150425,False
150426,False
150427,False
150428,True
150429,True
150430,False
150431,True
150432,False
150433,True
150434,False
150435,True
150436,False
150437,False
150438,False
150439,True
150440,False
150441,True
150442,False
150443,False
150444,False
150445,True
150446,False
150447,True
150448,False
150449,True
150450,True
150451,True
150452,False
150453,True
150454,False
150455,False
150456,False
150457,False
150458,False
150459,True
150460,False
150461,True
150462,False
150463,False
150464,True
150465,False
150466,False
150467,False
150468,True
150469,True
150470,False
150471,True
150472,True
150473,True
150474,False
150475,False
150476,True
150477,False
150478,True
150479,False
150480,True
150481,True
150482,False
150483,True
150484,True
150485,False
150486,False
150487,False
150488,False
150489,False
150490,True
150491,False
150492,True
150493,False
150494,True
150495,False
150496,False
150497,True
150498,False
150499,False
150500,False
150501,False
150502,False
150503,False
150504,False
150505,False
150506,False
150507,False
150508,False
150509,False
150510,False
150511,False
150512,False
150513,False
150514,True
150515,False
150516,False
150517,False
150518,False
150519,False
150520,False
150521,False
150522,False
150523,True
150524,False
150525,False
150526,True
150527,False
150528,True
150529,False
150530,False
150531,True
150532,False
150533,False
150534,True
150535,False
150536,False
150537,False
150538,True
150539,False
150540,True
150541,True
150542,True
150543,False
150544,False
150545,True
150546,True
150547,False
150548,False
150549,False
150550,False
150551,False
150552,False
150553,False
150554,False
150555,True
150556,False
150557,False
150558,False
150559,False
150560,False
150561,False
150562,False
150563,False
150564,False
150565,False
150566,False
150567,False
150568,True
150569,True
150570,False
150571,False
150572,False
150573,True
150574,False
150575,False
150576,False
150577,True
150578,False
150579,False
150580,False
150581,True
150582,False
150583,False
150584,False
150585,False
150586,False
150587,False
150588,False
150589,True
150590,True
150591,False
150592,False
150593,False
150594,True
150595,False
150596,True
150597,False
150598,False
150599,True
150600,False
150601,False
150602,False
150603,False
150604,True
150605,True
150606,True
150607,True
150608,True
150609,False
150610,False
150611,True
150612,False
150613,False
150614,True
150615,False
150616,True
150617,False
150618,False
150619,False
150620,True
150621,True
150622,False
150623,True
150624,False
150625,False
150626,True
150627,True
150628,False
150629,False
150630,False
150631,False
150632,False
150633,False
150634,True
150635,False
150636,True
150637,False
150638,True
150639,False
150640,True
150641,True
150642,True
150643,False
150644,False
150645,True
150646,False
150647,True
150648,False
150649,False
150650,False
150651,False
150652,False
150653,False
150654,False
150655,False
150656,False
150657,False
150658,False
150659,False
150660,False
150661,False
150662,False
150663,True
150664,True
150665,False
150666,True
150667,True
150668,True
150669,False
150670,True
150671,False
150672,False
150673,True
150674,False
150675,False
150676,False
150677,True
150678,False
150679,True
150680,False
150681,False
150682,False
150683,False
150684,False
150685,True
150686,True
150687,False
150688,False
150689,False
150690,False
150691,True
150692,False
150693,False
150694,True
150695,False
150696,False
150697,False
150698,False
150699,True
150700,False
150701,True
150702,False
150703,False
150704,False
150705,False
150706,False
150707,True
150708,True
150709,False
150710,True
150711,True
150712,False
150713,False
150714,False
150715,True
150716,False
150717,False
150718,True
150719,True
150720,False
150721,False
150722,True
150723,True
150724,False
150725,False
150726,True
150727,True
150728,True
150729,False
150730,False
150731,False
150732,True
150733,False
150734,False
150735,False
150736,True
150737,False
150738,True
150739,False
150740,False
150741,False
150742,False
150743,False
150744,True
150745,False
150746,True
150747,False
150748,True
150749,True
150750,False
150751,False
150752,False
150753,False
150754,False
150755,True
150756,True
150757,True
150758,True
150759,False
150760,False
150761,False
150762,True
150763,False
150764,False
150765,True
150766,False
150767,False
150768,False
150769,False
150770,True
150771,True
150772,True
150773,False
150774,False
150775,True
150776,False
150777,False
150778,False
150779,True
150780,False
150781,False
150782,False
150783,False
150784,False
150785,False
150786,True
150787,True
150788,False
150789,True
150790,False
150791,False
150792,False
150793,True
150794,False
150795,False
150796,False
150797,False
150798,False
150799,False
150800,False
150801,True
150802,False
150803,False
150804,False
150805,False
150806,True
150807,False
150808,True
150809,False
150810,False
150811,False
150812,True
150813,False
150814,False
150815,True
150816,True
150817,False
150818,False
150819,False
150820,False
150821,True
150822,False
150823,True
150824,False
150825,False
150826,True
150827,True
150828,False
150829,False
150830,False
150831,True
150832,False
150833,True
150834,False
150835,True
150836,False
150837,False
150838,True
150839,True
150840,False
150841,True
150842,False
150843,False
150844,False
150845,False
150846,False
150847,False
150848,False
150849,False
150850,False
150851,False
150852,True
150853,False
150854,True
150855,False
150856,True
150857,False
150858,True
150859,True
150860,False
150861,True
150862,True
150863,True
150864,False
150865,False
150866,False
150867,True
150868,False
150869,False
150870,False
150871,False
150872,True
150873,True
150874,False
150875,True
150876,False
150877,True
150878,False
150879,False
150880,False
150881,False
150882,True
150883,False
150884,False
150885,False
150886,False
150887,False
150888,True
150889,False
150890,True
150891,False
150892,True
150893,False
150894,False
150895,False
150896,True
150897,False
150898,False
150899,False
150900,False
150901,True
150902,True
150903,False
150904,True
150905,False
150906,False
150907,False
150908,False
150909,False
150910,True
150911,True
150912,True
150913,True
150914,True
150915,False
150916,True
150917,False
150918,True
150919,False
150920,False
150921,False
150922,True
150923,False
150924,False
150925,True
150926,False
150927,False
150928,True
150929,False
150930,False
150931,False
150932,True
150933,False
150934,True
150935,True
150936,False
150937,False
150938,False
150939,False
150940,False
150941,False
150942,True
150943,True
150944,False
150945,False
150946,False
150947,False
150948,False
150949,False
150950,False
150951,True
150952,False
150953,True
150954,False
150955,False
150956,True
150957,False
150958,False
150959,False
150960,True
150961,True
150962,False
150963,False
150964,False
150965,True
150966,False
150967,False
150968,False
150969,True
150970,True
150971,False
150972,False
150973,True
150974,False
150975,False
150976,False
150977,False
150978,True
150979,False
150980,True
150981,False
150982,False
150983,False
150984,False
150985,False
150986,False
150987,False
150988,True
150989,False
150990,False
150991,False
150992,False
150993,False
150994,False
150995,False
150996,False
150997,False
150998,True
150999,False
151000,True
151001,True
151002,False
151003,False
151004,False
151005,False
151006,False
151007,True
151008,True
151009,True
151010,False
151011,False
151012,True
151013,False
151014,True
151015,False
151016,True
151017,False
151018,False
151019,False
151020,True
151021,True
151022,True
151023,False
151024,True
151025,True
151026,False
151027,False
151028,False
151029,True
151030,True
151031,True
151032,False
151033,False
151034,True
151035,False
151036,False
151037,False
151038,False
151039,False
151040,True
151041,False
151042,False
151043,False
151044,True
151045,False
151046,False
151047,False
151048,False
151049,False
151050,False
151051,False
151052,True
151053,True
151054,False
151055,False
151056,True
151057,True
151058,False
151059,False
151060,False
151061,False
151062,False
151063,True
151064,True
151065,False
151066,False
151067,True
151068,False
151069,False
151070,False
151071,False
151072,True
151073,False
151074,False
151075,False
151076,True
151077,False
151078,True
151079,False
151080,False
151081,False
151082,False
151083,True
151084,False
151085,True
151086,False
151087,False
151088,False
151089,False
151090,True
151091,False
151092,True
151093,False
151094,True
151095,False
151096,False
151097,False
151098,False
151099,True
151100,False
151101,False
151102,True
151103,False
151104,False
151105,False
151106,False
151107,False
151108,False
151109,True
151110,False
151111,False
151112,True
151113,False
151114,False
151115,False
151116,False
151117,False
151118,False
151119,False
151120,True
151121,False
151122,False
151123,False
151124,False
151125,False
151126,False
151127,False
151128,False
151129,False
151130,False
151131,False
151132,True
151133,False
151134,True
151135,False
151136,False
151137,False
151138,False
151139,True
151140,True
151141,True
151142,False
151143,True
151144,True
151145,True
151146,False
151147,False
151148,False
151149,False
151150,False
151151,True
151152,False
151153,False
151154,False
151155,False
151156,False
151157,False
151158,True
151159,False
151160,False
151161,False
151162,False
151163,False
151164,False
151165,False
151166,False
151167,True
151168,False
151169,False
151170,False
151171,True
151172,True
151173,True
151174,True
151175,True
151176,False
151177,True
151178,False
151179,False
151180,False
151181,False
151182,False
151183,False
151184,False
151185,True
151186,True
151187,True
151188,False
151189,True
151190,True
151191,False
151192,False
151193,False
151194,True
151195,False
151196,False
151197,False
151198,True
151199,True
151200,False
151201,False
151202,True
151203,False
151204,False
151205,False
151206,True
151207,False
151208,True
151209,False
151210,False
151211,True
151212,False
151213,False
151214,False
151215,True
151216,False
151217,True
151218,False
151219,True
151220,True
151221,False
151222,False
151223,False
151224,False
151225,False
151226,False
151227,False
151228,True
151229,True
151230,False
151231,False
151232,False
151233,False
151234,True
151235,True
151236,False
151237,True
151238,False
151239,True
151240,False
151241,False
151242,True
151243,True
151244,True
151245,True
151246,False
151247,False
151248,True
151249,False
151250,False
151251,False
151252,True
151253,False
151254,False
151255,False
151256,False
151257,True
151258,True
151259,False
151260,True
151261,False
151262,False
151263,True
151264,False
151265,False
151266,False
151267,True
151268,False
151269,False
151270,False
151271,False
151272,True
151273,True
151274,False
151275,True
151276,True
151277,False
151278,False
151279,True
151280,False
151281,False
151282,False
151283,True
151284,True
151285,False
151286,True
151287,False
151288,True
151289,False
151290,True
151291,False
151292,False
151293,False
151294,True
151295,False
151296,True
151297,False
151298,False
151299,True
151300,True
151301,True
151302,False
151303,False
151304,True
151305,False
151306,True
151307,False
151308,False
151309,True
151310,False
151311,False
151312,True
151313,False
151314,False
151315,True
151316,False
151317,False
151318,False
151319,False
151320,False
151321,False
151322,False
151323,True
151324,False
151325,True
151326,False
151327,False
151328,False
151329,True
151330,False
151331,False
151332,False
151333,False
151334,True
151335,True
151336,True
151337,True
151338,True
151339,False
151340,False
151341,True
151342,True
151343,True
151344,False
151345,False
151346,False
151347,False
151348,True
151349,True
151350,False
151351,True
151352,True
151353,True
151354,False
151355,False
151356,False
151357,False
151358,False
151359,False
151360,False
151361,False
151362,False
151363,False
151364,False
151365,False
151366,False
151367,True
151368,True
151369,False
151370,False
151371,True
151372,False
151373,False
151374,False
151375,False
151376,False
151377,True
151378,False
151379,False
151380,False
151381,True
151382,True
151383,False
151384,True
151385,False
151386,True
151387,False
151388,False
151389,True
151390,True
151391,False
151392,True
151393,False
151394,True
151395,False
151396,False
151397,False
151398,False
151399,False
151400,True
151401,True
151402,True
151403,True
151404,True
151405,False
151406,True
151407,False
151408,False
151409,False
151410,False
151411,False
151412,True
151413,True
151414,False
151415,False
151416,False
151417,True
151418,False
151419,True
151420,True
151421,True
151422,True
151423,False
151424,False
151425,True
151426,False
151427,False
151428,False
151429,False
151430,False
151431,False
151432,True
151433,False
151434,False
151435,True
151436,False
151437,False
151438,False
151439,False
151440,False
151441,False
151442,False
151443,True
151444,True
151445,True
151446,True
151447,False
151448,True
151449,True
151450,False
151451,False
151452,True
151453,True
151454,True
151455,True
151456,False
151457,False
151458,False
151459,True
151460,True
151461,False
151462,True
151463,False
151464,False
151465,False
151466,False
151467,False
151468,True
151469,False
151470,False
151471,False
151472,True
151473,False
151474,True
151475,False
151476,True
151477,False
151478,False
151479,True
151480,True
151481,False
151482,True
151483,False
151484,False
151485,False
151486,False
151487,True
151488,False
151489,False
151490,True
151491,True
151492,False
151493,False
151494,True
151495,True
151496,True
151497,True
151498,False
151499,True
151500,False
151501,True
151502,False
151503,False
151504,False
151505,False
151506,False
151507,False
151508,True
151509,True
151510,False
151511,True
151512,False
151513,True
151514,False
151515,False
151516,False
151517,False
151518,True
151519,True
151520,True
151521,True
151522,False
151523,False
151524,False
151525,False
151526,False
151527,True
151528,False
151529,False
151530,True
151531,False
151532,False
151533,True
151534,True
151535,False
151536,True
151537,True
151538,False
151539,False
151540,True
151541,True
151542,True
151543,False
151544,False
151545,True
151546,False
151547,True
151548,False
151549,False
151550,True
151551,False
151552,False
151553,False
151554,False
151555,True
151556,False
151557,True
151558,False
151559,True
151560,False
151561,False
151562,False
151563,False
151564,True
151565,False
151566,False
151567,False
151568,False
151569,False
151570,False
151571,True
151572,True
151573,False
151574,False
151575,True
151576,False
151577,False
151578,True
151579,False
151580,True
151581,True
151582,True
151583,False
151584,True
151585,False
151586,False
151587,True
151588,False
151589,False
151590,False
151591,False
151592,False
151593,False
151594,False
151595,True
151596,False
151597,False
151598,False
151599,False
151600,False
151601,False
151602,True
151603,False
151604,True
151605,True
151606,True
151607,False
151608,True
151609,True
151610,False
151611,True
151612,False
151613,True
151614,True
151615,False
151616,False
151617,False
151618,False
151619,False
151620,False
151621,False
151622,False
151623,False
151624,True
151625,False
151626,False
151627,True
151628,False
151629,False
151630,True
151631,False
151632,False
151633,False
151634,False
151635,False
151636,False
151637,False
151638,True
151639,True
151640,False
151641,False
151642,False
151643,True
151644,True
151645,True
151646,False
151647,True
151648,True
151649,False
151650,False
151651,False
151652,False
151653,False
151654,True
151655,False
151656,False
151657,False
151658,False
151659,False
151660,False
151661,True
151662,False
151663,True
151664,False
151665,False
151666,False
151667,True
151668,False
151669,False
151670,True
151671,False
151672,True
151673,False
151674,False
151675,False
151676,True
151677,False
151678,True
151679,False
151680,True
151681,False
151682,False
151683,False
151684,False
151685,False
151686,False
151687,False
151688,False
151689,False
151690,False
151691,False
151692,True
151693,True
151694,False
151695,False
151696,False
151697,False
151698,False
151699,False
151700,False
151701,True
151702,False
151703,False
151704,False
151705,False
151706,False
151707,True
151708,False
151709,True
151710,False
151711,False
151712,True
151713,False
151714,False
151715,True
151716,True
151717,False
151718,False
151719,False
151720,False
151721,True
151722,True
151723,True
151724,True
151725,False
151726,False
151727,False
151728,False
151729,False
151730,False
151731,False
151732,False
151733,True
151734,False
151735,False
151736,True
151737,True
151738,False
151739,True
151740,False
151741,True
151742,False
151743,False
151744,True
151745,True
151746,False
151747,True
151748,False
151749,False
151750,True
151751,False
151752,False
151753,False
151754,True
151755,False
151756,False
151757,False
151758,True
151759,True
151760,False
151761,True
151762,False
151763,False
151764,True
151765,True
151766,False
151767,False
151768,False
151769,True
151770,False
151771,False
151772,True
151773,False
151774,False
151775,False
151776,False
151777,True
151778,True
151779,False
151780,True
151781,False
151782,True
151783,True
151784,True
151785,False
151786,True
151787,True
151788,True
151789,True
151790,False
151791,False
151792,True
151793,True
151794,True
151795,False
151796,False
151797,False
151798,True
151799,True
151800,True
151801,False
151802,False
151803,False
151804,True
151805,False
151806,True
151807,True
151808,False
151809,False
151810,False
151811,False
151812,True
151813,False
151814,False
151815,False
151816,False
151817,False
151818,False
151819,False
151820,False
151821,False
151822,False
151823,False
151824,False
151825,False
151826,False
151827,False
151828,False
151829,False
151830,True
151831,True
151832,True
151833,False
151834,True
151835,False
151836,False
151837,False
151838,False
151839,False
151840,True
151841,True
151842,False
151843,False
151844,True
151845,False
151846,True
151847,False
151848,False
151849,True
151850,True
151851,False
151852,False
151853,False
151854,True
151855,False
151856,True
151857,False
151858,True
151859,False
151860,True
151861,True
151862,True
151863,False
151864,True
151865,True
151866,True
151867,False
151868,True
151869,True
151870,False
151871,False
151872,False
151873,False
151874,False
151875,False
151876,False
151877,False
151878,False
151879,False
151880,False
151881,True
151882,True
151883,True
151884,False
151885,True
151886,True
151887,True
151888,False
151889,False
151890,False
151891,True
151892,True
151893,False
151894,True
151895,False
151896,False
151897,False
151898,False
151899,False
151900,False
151901,False
151902,False
151903,True
151904,False
151905,False
151906,True
151907,False
151908,False
151909,False
151910,False
151911,False
151912,True
151913,True
151914,False
151915,False
151916,False
151917,False
151918,False
151919,False
151920,False
151921,False
151922,True
151923,True
151924,True
151925,True
151926,False
151927,False
151928,False
151929,False
151930,False
151931,False
151932,False
151933,False
151934,True
151935,False
151936,False
151937,False
151938,False
151939,True
151940,False
151941,False
151942,True
151943,True
151944,False
151945,False
151946,False
151947,False
151948,False
151949,False
151950,False
151951,False
151952,True
151953,False
151954,False
151955,True
151956,False
151957,False
151958,True
151959,False
151960,True
151961,False
151962,False
151963,False
151964,False
151965,True
151966,False
151967,True
151968,False
151969,False
151970,False
151971,False
151972,True
151973,False
151974,False
151975,False
151976,True
151977,False
151978,True
151979,False
151980,False
151981,False
151982,False
151983,True
151984,False
151985,False
151986,False
151987,True
151988,False
151989,True
151990,False
151991,False
151992,False
151993,False
151994,False
151995,False
151996,False
151997,True
151998,True
151999,True
152000,False
152001,True
152002,True
152003,False
152004,True
152005,False
152006,False
152007,False
152008,True
152009,False
152010,True
152011,False
152012,False
152013,True
152014,True
152015,False
152016,False
152017,True
152018,False
152019,True
152020,False
152021,False
152022,False
152023,True
152024,False
152025,False
152026,False
152027,False
152028,True
152029,False
152030,False
152031,True
152032,True
152033,False
152034,True
152035,True
152036,False
152037,False
152038,True
152039,False
152040,False
152041,False
152042,False
152043,False
152044,False
152045,False
152046,True
152047,False
152048,False
152049,True
152050,False
152051,False
152052,False
152053,False
152054,False
152055,True
152056,False
152057,False
152058,False
152059,True
152060,False
152061,False
152062,False
152063,True
152064,True
152065,False
152066,False
152067,False
152068,False
152069,True
152070,False
152071,False
152072,False
152073,True
152074,False
152075,True
152076,True
152077,True
152078,False
152079,False
152080,True
152081,False
152082,False
152083,True
152084,True
152085,False
152086,True
152087,False
152088,False
152089,False
152090,False
152091,False
152092,False
152093,False
152094,False
152095,False
152096,False
152097,False
152098,False
152099,True
152100,False
152101,True
152102,False
152103,True
152104,False
152105,False
152106,False
152107,False
152108,False
152109,True
152110,True
152111,False
152112,False
152113,False
152114,False
152115,False
152116,True
152117,False
152118,False
152119,True
152120,False
152121,False
152122,True
152123,True
152124,False
152125,False
152126,False
152127,True
152128,True
152129,False
152130,True
152131,True
152132,False
152133,True
152134,False
152135,False
152136,False
152137,False
152138,True
152139,True
152140,False
152141,True
152142,True
152143,False
152144,False
152145,False
152146,True
152147,False
152148,False
152149,True
152150,True
152151,True
152152,False
152153,False
152154,False
152155,True
152156,False
152157,True
152158,True
152159,False
152160,True
152161,False
152162,True
152163,False
152164,False
152165,True
152166,False
152167,False
152168,True
152169,True
152170,True
152171,False
152172,False
152173,False
152174,False
152175,False
152176,True
152177,True
152178,False
152179,False
152180,False
152181,False
152182,True
152183,False
152184,False
152185,False
152186,False
152187,False
152188,False
152189,True
152190,False
152191,True
152192,True
152193,False
152194,False
152195,False
152196,False
152197,False
152198,True
152199,True
152200,False
152201,True
152202,False
152203,True
152204,True
152205,False
152206,True
152207,False
152208,False
152209,True
152210,True
152211,False
152212,True
152213,True
152214,False
152215,True
152216,True
152217,True
152218,False
152219,False
152220,False
152221,False
152222,False
152223,True
152224,False
152225,False
152226,False
152227,False
152228,False
152229,False
152230,True
152231,False
152232,False
152233,False
152234,True
152235,False
152236,False
152237,True
152238,False
152239,False
152240,True
152241,True
152242,True
152243,False
152244,False
152245,False
152246,False
152247,False
152248,False
152249,False
152250,False
152251,False
152252,True
152253,False
152254,False
152255,False
152256,True
152257,False
152258,True
152259,False
152260,False
152261,True
152262,False
152263,True
152264,False
152265,False
152266,True
152267,False
152268,True
152269,True
152270,True
152271,True
152272,True
152273,False
152274,True
152275,True
152276,True
152277,False
152278,True
152279,True
152280,True
152281,False
152282,False
152283,True
152284,False
152285,False
152286,False
152287,False
152288,True
152289,False
152290,True
152291,True
152292,False
152293,True
152294,False
152295,False
152296,False
152297,False
152298,False
152299,True
152300,False
152301,False
152302,False
152303,False
152304,False
152305,True
152306,False
152307,False
152308,False
152309,False
152310,False
152311,False
152312,False
152313,False
152314,False
152315,False
152316,True
152317,False
152318,False
152319,False
152320,False
152321,False
152322,False
152323,True
152324,True
152325,True
152326,True
152327,False
152328,False
152329,False
152330,False
152331,False
152332,False
152333,True
152334,False
152335,False
152336,False
152337,False
152338,False
152339,True
152340,False
152341,False
152342,False
152343,False
152344,False
152345,False
152346,False
152347,True
152348,False
152349,False
152350,True
152351,True
152352,False
152353,False
152354,True
152355,False
152356,True
152357,False
152358,False
152359,False
152360,True
152361,False
152362,False
152363,False
152364,False
152365,False
152366,False
152367,True
152368,True
152369,False
152370,False
152371,True
152372,False
152373,True
152374,False
152375,False
152376,False
152377,False
152378,False
152379,False
152380,True
152381,False
152382,False
152383,True
152384,False
152385,True
152386,False
152387,False
152388,False
152389,False
152390,False
152391,False
152392,True
152393,True
152394,True
152395,False
152396,False
152397,True
152398,True
152399,False
152400,False
152401,False
152402,False
152403,False
152404,False
152405,True
152406,False
152407,False
152408,False
152409,False
152410,False
152411,False
152412,False
152413,False
152414,False
152415,False
152416,True
152417,False
152418,False
152419,False
152420,False
152421,False
152422,False
152423,False
152424,False
152425,True
152426,False
152427,True
152428,False
152429,True
152430,False
152431,False
152432,False
152433,False
152434,True
152435,False
152436,False
152437,True
152438,True
152439,True
152440,True
152441,True
152442,True
152443,True
152444,True
152445,False
152446,False
152447,True
152448,False
152449,False
152450,True
152451,True
152452,False
152453,False
152454,True
152455,False
152456,True
152457,False
152458,True
152459,True
152460,False
152461,False
152462,False
152463,True
152464,False
152465,False
152466,True
152467,False
152468,False
152469,False
152470,False
152471,False
152472,True
152473,True
152474,False
152475,True
152476,False
152477,False
152478,False
152479,True
152480,True
152481,False
152482,False
152483,False
152484,True
152485,True
152486,False
152487,False
152488,False
152489,True
152490,True
152491,True
152492,False
152493,False
152494,False
152495,True
152496,False
152497,False
152498,False
152499,True
152500,True
152501,False
152502,False
152503,False
152504,False
152505,False
152506,False
152507,False
152508,False
152509,False
152510,False
152511,False
152512,False
152513,True
152514,True
152515,False
152516,False
152517,False
152518,True
152519,False
152520,True
152521,True
152522,True
152523,False
152524,False
152525,False
152526,True
152527,False
152528,False
152529,False
152530,False
152531,True
152532,True
152533,False
152534,False
152535,False
152536,True
152537,False
152538,False
152539,False
152540,False
152541,False
152542,True
152543,False
152544,False
152545,False
152546,True
152547,True
152548,True
152549,False
152550,True
152551,False
152552,False
152553,False
152554,True
152555,False
152556,False
152557,False
152558,False
152559,True
152560,False
152561,False
152562,False
152563,False
152564,False
152565,True
152566,False
152567,False
152568,False
152569,False
152570,True
152571,False
152572,False
152573,False
152574,False
152575,True
152576,False
152577,False
152578,True
152579,False
152580,True
152581,False
152582,False
152583,False
152584,True
152585,False
152586,True
152587,False
152588,False
152589,False
152590,True
152591,True
152592,True
152593,False
152594,False
152595,False
152596,False
152597,True
152598,False
152599,False
152600,False
152601,True
152602,True
152603,False
152604,False
152605,True
152606,False
152607,False
152608,False
152609,False
152610,False
152611,False
152612,False
152613,False
152614,False
152615,False
152616,True
152617,False
152618,True
152619,False
152620,True
152621,False
152622,True
152623,False
152624,False
152625,True
152626,True
152627,False
152628,False
152629,False
152630,True
152631,True
152632,False
152633,False
152634,False
152635,False
152636,False
152637,False
152638,False
152639,False
152640,False
152641,False
152642,True
152643,False
152644,False
152645,False
152646,False
152647,True
152648,False
152649,False
152650,True
152651,False
152652,True
152653,False
152654,True
152655,False
152656,False
152657,False
152658,True
152659,False
152660,False
152661,False
152662,False
152663,False
152664,False
152665,False
152666,False
152667,False
152668,True
152669,True
152670,False
152671,False
152672,True
152673,False
152674,True
152675,True
152676,False
152677,True
152678,False
152679,False
152680,True
152681,True
152682,True
152683,False
152684,False
152685,False
152686,False
152687,False
152688,True
152689,True
152690,False
152691,False
152692,False
152693,False
152694,False
152695,False
152696,False
152697,True
152698,False
152699,False
152700,True
152701,False
152702,True
152703,True
152704,True
152705,True
152706,False
152707,True
152708,False
152709,False
152710,False
152711,False
152712,False
152713,False
152714,True
152715,False
152716,False
152717,False
152718,False
152719,False
152720,False
152721,False
152722,False
152723,True
152724,False
152725,False
152726,False
152727,False
152728,False
152729,False
152730,False
152731,False
152732,False
152733,False
152734,False
152735,True
152736,False
152737,True
152738,False
152739,True
152740,False
152741,False
152742,False
152743,False
152744,False
152745,True
152746,False
152747,False
152748,False
152749,False
152750,False
152751,True
152752,False
152753,False
152754,False
152755,False
152756,True
152757,True
152758,False
152759,False
152760,False
152761,True
152762,False
152763,False
152764,False
152765,True
152766,False
152767,False
152768,True
152769,False
152770,False
152771,True
152772,False
152773,False
152774,True
152775,False
152776,True
152777,True
152778,True
152779,False
152780,False
152781,False
152782,True
152783,False
152784,False
152785,False
152786,False
152787,False
152788,False
152789,False
152790,True
152791,False
152792,False
152793,True
152794,False
152795,False
152796,False
152797,False
152798,False
152799,False
152800,False
152801,False
152802,False
152803,False
152804,True
152805,True
152806,False
152807,False
152808,False
152809,False
152810,True
152811,False
152812,False
152813,False
152814,False
152815,False
152816,False
152817,False
152818,False
152819,False
152820,True
152821,False
152822,False
152823,False
152824,True
152825,False
152826,True
152827,False
152828,False
152829,False
152830,False
152831,False
152832,False
152833,False
152834,False
152835,True
152836,False
152837,False
152838,False
152839,True
152840,False
152841,False
152842,False
152843,True
152844,False
152845,False
152846,False
152847,True
152848,True
152849,False
152850,False
152851,False
152852,True
152853,False
152854,False
152855,False
152856,False
152857,True
152858,False
152859,False
152860,False
152861,False
152862,False
152863,False
152864,False
152865,False
152866,False
152867,False
152868,False
152869,False
152870,True
152871,False
152872,True
152873,False
152874,False
152875,False
152876,False
152877,True
152878,False
152879,True
152880,False
152881,False
152882,True
152883,False
152884,True
152885,False
152886,False
152887,False
152888,False
152889,False
152890,True
152891,True
152892,True
152893,True
152894,True
152895,False
152896,False
152897,False
152898,False
152899,True
152900,False
152901,False
152902,False
152903,False
152904,True
152905,False
152906,True
152907,False
152908,False
152909,False
152910,True
152911,False
152912,True
152913,True
152914,False
152915,True
152916,False
152917,False
152918,False
152919,False
152920,True
152921,True
152922,True
152923,True
152924,False
152925,False
152926,False
152927,False
152928,True
152929,False
152930,True
152931,True
152932,False
152933,False
152934,True
152935,False
152936,False
152937,True
152938,False
152939,False
152940,False
152941,True
152942,True
152943,False
152944,True
152945,True
152946,False
152947,False
152948,False
152949,True
152950,False
152951,True
152952,False
152953,False
152954,False
152955,False
152956,False
152957,False
152958,False
152959,False
152960,False
152961,False
152962,False
152963,True
152964,False
152965,True
152966,True
152967,False
152968,False
152969,True
152970,False
152971,True
152972,False
152973,False
152974,True
152975,True
152976,False
152977,True
152978,False
152979,False
152980,True
152981,False
152982,True
152983,False
152984,False
152985,False
152986,True
152987,False
152988,False
152989,False
152990,False
152991,False
152992,False
152993,True
152994,True
152995,False
152996,False
152997,True
152998,True
152999,False
153000,True
153001,False
153002,True
153003,False
153004,False
153005,False
153006,True
153007,False
153008,False
153009,True
153010,False
153011,True
153012,False
153013,False
153014,False
153015,False
153016,False
153017,False
153018,False
153019,True
153020,False
153021,True
153022,True
153023,False
153024,True
153025,False
153026,False
153027,False
153028,False
153029,True
153030,False
153031,False
153032,False
153033,True
153034,False
153035,True
153036,False
153037,True
153038,True
153039,False
153040,True
153041,True
153042,False
153043,False
153044,False
153045,False
153046,True
153047,True
153048,False
153049,False
153050,True
153051,False
153052,True
153053,False
153054,False
153055,True
153056,False
153057,False
153058,True
153059,False
153060,False
153061,True
153062,False
153063,False
153064,False
153065,False
153066,False
153067,False
153068,False
153069,True
153070,False
153071,False
153072,False
153073,False
153074,False
153075,False
153076,False
153077,False
153078,False
153079,False
153080,False
153081,False
153082,False
153083,False
153084,False
153085,False
153086,False
153087,True
153088,False
153089,True
153090,False
153091,False
153092,True
153093,False
153094,False
153095,True
153096,False
153097,False
153098,False
153099,False
153100,False
153101,False
153102,True
153103,True
153104,False
153105,False
153106,False
153107,False
153108,True
153109,True
153110,False
153111,False
153112,True
153113,False
153114,False
153115,False
153116,False
153117,True
153118,False
153119,True
153120,False
153121,False
153122,True
153123,False
153124,True
153125,False
153126,True
153127,False
153128,True
153129,False
153130,False
153131,True
153132,True
153133,False
153134,True
153135,True
153136,False
153137,False
153138,True
153139,True
153140,False
153141,False
153142,True
153143,False
153144,True
153145,False
153146,False
153147,True
153148,True
153149,False
153150,True
153151,True
153152,True
153153,False
153154,True
153155,True
153156,False
153157,False
153158,False
153159,True
153160,True
153161,False
153162,True
153163,True
153164,False
153165,True
153166,True
153167,False
153168,False
153169,False
153170,False
153171,True
153172,True
153173,False
153174,False
153175,False
153176,False
153177,False
153178,True
153179,False
153180,True
153181,False
153182,True
153183,True
153184,False
153185,False
153186,False
153187,True
153188,True
153189,True
153190,False
153191,False
153192,False
153193,True
153194,True
153195,False
153196,True
153197,True
153198,False
153199,False
153200,True
153201,False
153202,False
153203,False
153204,False
153205,False
153206,True
153207,False
153208,True
153209,False
153210,False
153211,False
153212,False
153213,False
153214,True
153215,False
153216,True
153217,True
153218,False
153219,False
153220,False
153221,False
153222,True
153223,True
153224,False
153225,False
153226,True
153227,False
153228,True
153229,False
153230,False
153231,False
153232,False
153233,True
153234,False
153235,False
153236,False
153237,False
153238,True
153239,False
153240,True
153241,False
153242,True
153243,False
153244,False
153245,False
153246,False
153247,False
153248,True
153249,True
153250,False
153251,False
153252,True
153253,True
153254,True
153255,False
153256,False
153257,False
153258,False
153259,False
153260,False
153261,False
153262,False
153263,True
153264,False
153265,False
153266,False
153267,True
153268,False
153269,False
153270,True
153271,True
153272,False
153273,True
153274,False
153275,True
153276,True
153277,True
153278,False
153279,False
153280,False
153281,True
153282,False
153283,True
153284,False
153285,True
153286,True
153287,False
153288,False
153289,True
153290,False
153291,False
153292,True
153293,True
153294,False
153295,True
153296,False
153297,True
153298,True
153299,False
153300,True
153301,False
153302,True
153303,False
153304,False
153305,False
153306,False
153307,True
153308,False
153309,True
153310,True
153311,False
153312,False
153313,False
153314,False
153315,True
153316,False
153317,False
153318,True
153319,False
153320,True
153321,True
153322,False
153323,True
153324,True
153325,False
153326,False
153327,False
153328,False
153329,True
153330,True
153331,False
153332,False
153333,True
153334,False
153335,False
153336,False
153337,False
153338,False
153339,False
153340,False
153341,True
153342,False
153343,False
153344,True
153345,False
153346,False
153347,True
153348,False
153349,True
153350,True
153351,False
153352,True
153353,False
153354,False
153355,False
153356,True
153357,True
153358,False
153359,False
153360,False
153361,False
153362,True
153363,False
153364,True
153365,False
153366,True
153367,False
153368,True
153369,False
153370,False
153371,True
153372,False
153373,False
153374,False
153375,False
153376,False
153377,False
153378,False
153379,True
153380,True
153381,False
153382,True
153383,False
153384,False
153385,False
153386,True
153387,True
153388,False
153389,True
153390,True
153391,True
153392,False
153393,False
153394,False
153395,False
153396,True
153397,True
153398,False
153399,False
153400,False
153401,False
153402,False
153403,True
153404,False
153405,True
153406,False
153407,False
153408,False
153409,False
153410,False
153411,False
153412,False
153413,False
153414,False
153415,False
153416,True
153417,True
153418,False
153419,False
153420,True
153421,False
153422,False
153423,True
153424,True
153425,True
153426,False
153427,False
153428,True
153429,False
153430,True
153431,False
153432,True
153433,True
153434,False
153435,False
153436,True
153437,False
153438,True
153439,False
153440,False
153441,True
153442,True
153443,True
153444,False
153445,False
153446,True
153447,True
153448,False
153449,True
153450,True
153451,True
153452,True
153453,True
153454,False
153455,False
153456,True
153457,False
153458,False
153459,False
153460,True
153461,False
153462,False
153463,True
153464,False
153465,True
153466,False
153467,True
153468,False
153469,True
153470,True
153471,True
153472,True
153473,False
153474,True
153475,True
153476,True
153477,False
153478,False
153479,True
153480,True
153481,True
153482,False
153483,False
153484,True
153485,False
153486,False
153487,True
153488,True
153489,True
153490,False
153491,False
153492,True
153493,False
153494,True
153495,False
153496,False
153497,False
153498,False
153499,True
153500,False
153501,False
153502,False
153503,True
153504,False
153505,False
153506,True
153507,False
153508,False
153509,False
153510,False
153511,False
153512,True
153513,False
153514,True
153515,False
153516,True
153517,False
153518,True
153519,True
153520,False
153521,False
153522,True
153523,True
153524,False
153525,False
153526,False
153527,False
153528,True
153529,False
153530,True
153531,False
153532,False
153533,True
153534,False
153535,True
153536,False
153537,False
153538,False
153539,False
153540,False
153541,False
153542,False
153543,False
153544,True
153545,False
153546,False
153547,False
153548,True
153549,True
153550,True
153551,False
153552,False
153553,True
153554,False
153555,True
153556,True
153557,False
153558,True
153559,False
153560,True
153561,True
153562,True
153563,False
153564,True
153565,True
153566,True
153567,False
153568,False
153569,True
153570,False
153571,False
153572,False
153573,True
153574,False
153575,False
153576,True
153577,False
153578,False
153579,False
153580,False
153581,False
153582,False
153583,False
153584,False
153585,True
153586,True
153587,True
153588,False
153589,True
153590,False
153591,False
153592,True
153593,True
153594,False
153595,False
153596,True
153597,False
153598,False
153599,False
153600,False
153601,False
153602,False
153603,True
153604,False
153605,False
153606,False
153607,False
153608,False
153609,False
153610,True
153611,False
153612,True
153613,False
153614,True
153615,False
153616,True
153617,True
153618,False
153619,False
153620,True
153621,False
153622,True
153623,False
153624,True
153625,False
153626,False
153627,True
153628,True
153629,False
153630,True
153631,True
153632,True
153633,False
153634,False
153635,False
153636,True
153637,False
153638,True
153639,False
153640,True
153641,False
153642,False
153643,True
153644,True
153645,True
153646,False
153647,False
153648,False
153649,False
153650,False
153651,False
153652,False
153653,False
153654,False
153655,False
153656,False
153657,False
153658,False
153659,False
153660,False
153661,True
153662,False
153663,False
153664,True
153665,True
153666,True
153667,True
153668,True
153669,True
153670,False
153671,False
153672,False
153673,True
153674,False
153675,False
153676,False
153677,True
153678,False
153679,False
153680,False
153681,False
153682,False
153683,True
153684,False
153685,False
153686,False
153687,False
153688,True
153689,True
153690,True
153691,True
153692,True
153693,False
153694,False
153695,False
153696,True
153697,False
153698,True
153699,False
153700,False
153701,False
153702,True
153703,False
153704,False
153705,True
153706,False
153707,True
153708,True
153709,False
153710,False
153711,True
153712,True
153713,False
153714,False
153715,False
153716,False
153717,False
153718,False
153719,False
153720,False
153721,False
153722,False
153723,False
153724,True
153725,True
153726,True
153727,False
153728,False
153729,True
153730,False
153731,False
153732,True
153733,True
153734,False
153735,True
153736,False
153737,False
153738,False
153739,False
153740,False
153741,False
153742,False
153743,False
153744,True
153745,True
153746,True
153747,False
153748,False
153749,False
153750,True
153751,True
153752,True
153753,False
153754,True
153755,False
153756,True
153757,False
153758,False
153759,True
153760,False
153761,False
153762,False
153763,False
153764,False
153765,True
153766,False
153767,False
153768,False
153769,False
153770,False
153771,False
153772,False
153773,False
153774,False
153775,True
153776,True
153777,True
153778,False
153779,True
153780,True
153781,False
153782,False
153783,True
153784,True
153785,False
153786,True
153787,True
153788,False
153789,False
153790,True
153791,False
153792,False
153793,True
153794,False
153795,True
153796,False
153797,False
153798,False
153799,False
153800,False
153801,False
153802,False
153803,False
153804,True
153805,True
153806,True
153807,False
153808,False
153809,False
153810,True
153811,False
153812,False
153813,False
153814,False
153815,False
153816,False
153817,False
153818,False
153819,False
153820,True
153821,True
153822,True
153823,False
153824,True
153825,False
153826,True
153827,True
153828,True
153829,False
153830,True
153831,False
153832,False
153833,False
153834,False
153835,False
153836,False
153837,False
153838,True
153839,False
153840,False
153841,False
153842,True
153843,False
153844,False
153845,False
153846,False
153847,False
153848,False
153849,False
153850,False
153851,False
153852,False
153853,False
153854,False
153855,True
153856,False
153857,True
153858,False
153859,False
153860,True
153861,True
153862,True
153863,True
153864,True
153865,False
153866,False
153867,True
153868,True
153869,False
153870,False
153871,False
153872,False
153873,True
153874,False
153875,False
153876,False
153877,False
153878,True
153879,True
153880,True
153881,False
153882,False
153883,True
153884,False
153885,False
153886,False
153887,False
153888,False
153889,False
153890,False
153891,True
153892,False
153893,True
153894,True
153895,False
153896,False
153897,False
153898,True
153899,False
153900,False
153901,False
153902,False
153903,False
153904,False
153905,True
153906,False
153907,True
153908,False
153909,False
153910,False
153911,False
153912,True
153913,False
153914,False
153915,False
153916,True
153917,False
153918,False
153919,False
153920,True
153921,True
153922,False
153923,False
153924,True
153925,False
153926,False
153927,False
153928,False
153929,False
153930,False
153931,False
153932,False
153933,False
153934,True
153935,False
153936,False
153937,True
153938,False
153939,False
153940,True
153941,False
153942,False
153943,True
153944,True
153945,False
153946,False
153947,False
153948,False
153949,True
153950,False
153951,False
153952,False
153953,True
153954,False
153955,False
153956,False
153957,True
153958,True
153959,False
153960,True
153961,True
153962,False
153963,True
153964,True
153965,False
153966,True
153967,False
153968,False
153969,True
153970,True
153971,False
153972,True
153973,False
153974,True
153975,False
153976,False
153977,True
153978,False
153979,True
153980,False
153981,False
153982,False
153983,False
153984,False
153985,False
153986,False
153987,False
153988,False
153989,True
153990,False
153991,True
153992,True
153993,True
153994,True
153995,True
153996,False
153997,False
153998,True
153999,False
154000,True
154001,False
154002,True
154003,False
154004,False
154005,False
154006,False
154007,False
154008,False
154009,False
154010,False
154011,False
154012,False
154013,False
154014,True
154015,True
154016,False
154017,False
154018,False
154019,False
154020,False
154021,False
154022,False
154023,True
154024,False
154025,True
154026,False
154027,False
154028,True
154029,False
154030,False
154031,False
154032,True
154033,True
154034,True
154035,True
154036,False
154037,True
154038,False
154039,False
154040,False
154041,False
154042,False
154043,True
154044,False
154045,True
154046,False
154047,False
154048,True
154049,False
154050,False
154051,False
154052,False
154053,False
154054,False
154055,True
154056,False
154057,False
154058,True
154059,False
154060,False
154061,True
154062,True
154063,False
154064,False
154065,True
154066,False
154067,False
154068,False
154069,True
154070,False
154071,True
154072,False
154073,False
154074,False
154075,True
154076,False
154077,False
154078,False
154079,True
154080,False
154081,False
154082,True
154083,False
154084,True
154085,False
154086,False
154087,False
154088,False
154089,True
154090,False
154091,False
154092,False
154093,False
154094,True
154095,False
154096,False
154097,True
154098,False
154099,True
154100,False
154101,True
154102,False
154103,False
154104,False
154105,False
154106,True
154107,False
154108,False
154109,False
154110,False
154111,False
154112,False
154113,True
154114,False
154115,False
154116,False
154117,False
154118,False
154119,False
154120,False
154121,False
154122,False
154123,False
154124,False
154125,True
154126,True
154127,False
154128,False
154129,True
154130,False
154131,False
154132,False
154133,True
154134,True
154135,False
154136,True
154137,False
154138,False
154139,True
154140,True
154141,False
154142,False
154143,False
154144,False
154145,False
154146,False
154147,False
154148,False
154149,True
154150,False
154151,False
154152,False
154153,False
154154,False
154155,False
154156,False
154157,False
154158,False
154159,True
154160,False
154161,False
154162,False
154163,False
154164,False
154165,False
154166,True
154167,False
154168,False
154169,True
154170,False
154171,False
154172,False
154173,False
154174,False
154175,False
154176,False
154177,True
154178,True
154179,True
154180,False
154181,False
154182,False
154183,True
154184,True
154185,False
154186,False
154187,True
154188,False
154189,True
154190,False
154191,False
154192,False
154193,False
154194,False
154195,False
154196,False
154197,True
154198,False
154199,True
154200,True
154201,True
154202,False
154203,False
154204,False
154205,False
154206,True
154207,False
154208,False
154209,False
154210,True
154211,False
154212,False
154213,False
154214,True
154215,True
154216,False
154217,False
154218,False
154219,False
154220,True
154221,False
154222,False
154223,True
154224,True
154225,True
154226,False
154227,False
154228,False
154229,False
154230,False
154231,True
154232,False
154233,False
154234,False
154235,False
154236,True
154237,False
154238,True
154239,False
154240,False
154241,False
154242,True
154243,True
154244,True
154245,True
154246,True
154247,False
154248,False
154249,False
154250,False
154251,True
154252,False
154253,True
154254,True
154255,True
154256,False
154257,False
154258,True
154259,False
154260,False
154261,False
154262,True
154263,False
154264,False
154265,False
154266,True
154267,True
154268,False
154269,False
154270,False
154271,False
154272,True
154273,False
154274,False
154275,True
154276,False
154277,False
154278,False
154279,True
154280,False
154281,True
154282,False
154283,True
154284,False
154285,False
154286,True
154287,True
154288,False
154289,True
154290,False
154291,True
154292,True
154293,False
154294,False
154295,False
154296,True
154297,True
154298,False
154299,False
154300,False
154301,False
154302,False
154303,False
154304,False
154305,False
154306,False
154307,True
154308,False
154309,True
154310,True
154311,False
154312,False
154313,False
154314,False
154315,False
154316,False
154317,False
154318,False
154319,False
154320,False
154321,False
154322,True
154323,False
154324,True
154325,False
154326,False
154327,False
154328,True
154329,False
154330,False
154331,False
154332,False
154333,True
154334,False
154335,True
154336,False
154337,False
154338,True
154339,False
154340,False
154341,True
154342,False
154343,False
154344,False
154345,False
154346,False
154347,True
154348,True
154349,False
154350,False
154351,False
154352,True
154353,False
154354,False
154355,False
154356,True
154357,True
154358,True
154359,True
154360,True
154361,True
154362,False
154363,False
154364,False
154365,True
154366,False
154367,False
154368,True
154369,False
154370,False
154371,True
154372,True
154373,False
154374,False
154375,False
154376,False
154377,False
154378,True
154379,True
154380,True
154381,True
154382,True
154383,False
154384,True
154385,False
154386,False
154387,False
154388,False
154389,True
154390,False
154391,False
154392,False
154393,False
154394,False
154395,False
154396,True
154397,False
154398,False
154399,True
154400,False
154401,False
154402,False
154403,False
154404,False
154405,False
154406,True
154407,False
154408,True
154409,False
154410,False
154411,False
154412,False
154413,True
154414,False
154415,False
154416,False
154417,False
154418,False
154419,False
154420,False
154421,False
154422,False
154423,False
154424,False
154425,False
154426,False
154427,False
154428,False
154429,True
154430,False
154431,False
154432,False
154433,False
154434,True
154435,False
154436,False
154437,True
154438,False
154439,True
154440,False
154441,False
154442,False
154443,False
154444,True
154445,True
154446,True
154447,False
154448,True
154449,False
154450,False
154451,False
154452,False
154453,False
154454,False
154455,False
154456,False
154457,True
154458,False
154459,True
154460,False
154461,False
154462,True
154463,False
154464,True
154465,False
154466,False
154467,False
154468,False
154469,True
154470,False
154471,True
154472,False
154473,False
154474,False
154475,False
154476,False
154477,False
154478,True
154479,False
154480,False
154481,True
154482,True
154483,False
154484,False
154485,False
154486,False
154487,True
154488,True
154489,False
154490,True
154491,False
154492,False
154493,False
154494,True
154495,False
154496,True
154497,True
154498,False
154499,True
154500,False
154501,True
154502,False
154503,False
154504,False
154505,False
154506,False
154507,False
154508,False
154509,False
154510,False
154511,False
154512,True
154513,False
154514,True
154515,False
154516,False
154517,False
154518,False
154519,True
154520,False
154521,False
154522,True
154523,True
154524,False
154525,False
154526,False
154527,False
154528,False
154529,False
154530,False
154531,False
154532,True
154533,True
154534,False
154535,True
154536,True
154537,False
154538,True
154539,False
154540,False
154541,False
154542,True
154543,False
154544,False
154545,True
154546,True
154547,False
154548,True
154549,False
154550,True
154551,True
154552,False
154553,True
154554,False
154555,False
154556,False
154557,True
154558,False
154559,False
154560,True
154561,False
154562,False
154563,False
154564,True
154565,False
154566,True
154567,False
154568,False
154569,True
154570,False
154571,False
154572,False
154573,False
154574,True
154575,True
154576,False
154577,False
154578,False
154579,True
154580,False
154581,True
154582,False
154583,False
154584,False
154585,True
154586,False
154587,False
154588,True
154589,True
154590,False
154591,False
154592,False
154593,False
154594,True
154595,True
154596,False
154597,True
154598,False
154599,False
154600,False
154601,True
154602,False
154603,False
154604,True
154605,True
154606,False
154607,False
154608,False
154609,False
154610,True
154611,False
154612,False
154613,False
154614,False
154615,False
154616,True
154617,False
154618,False
154619,True
154620,False
154621,False
154622,False
154623,True
154624,True
154625,True
154626,True
154627,False
154628,True
154629,False
154630,True
154631,True
154632,True
154633,True
154634,False
154635,False
154636,False
154637,False
154638,True
154639,True
154640,True
154641,True
154642,True
154643,False
154644,False
154645,False
154646,False
154647,False
154648,False
154649,True
154650,True
154651,False
154652,False
154653,True
154654,False
154655,True
154656,True
154657,False
154658,True
154659,True
154660,False
154661,False
154662,False
154663,False
154664,False
154665,False
154666,False
154667,False
154668,False
154669,False
154670,False
154671,False
154672,False
154673,False
154674,False
154675,False
154676,True
154677,True
154678,True
154679,False
154680,False
154681,False
154682,False
154683,False
154684,False
154685,False
154686,False
154687,False
154688,False
154689,False
154690,True
154691,True
154692,False
154693,False
154694,False
154695,False
154696,False
154697,False
154698,True
154699,False
154700,False
154701,True
154702,False
154703,True
154704,False
154705,True
154706,True
154707,True
154708,False
154709,False
154710,False
154711,False
154712,True
154713,False
154714,False
154715,True
154716,False
154717,True
154718,False
154719,False
154720,False
154721,False
154722,True
154723,True
154724,False
154725,True
154726,False
154727,False
154728,False
154729,False
154730,False
154731,False
154732,True
154733,True
154734,False
154735,False
154736,False
154737,False
154738,True
154739,False
154740,False
154741,False
154742,False
154743,True
154744,False
154745,True
154746,False
154747,False
154748,False
154749,False
154750,False
154751,False
154752,True
154753,True
154754,True
154755,True
154756,False
154757,True
154758,False
154759,False
154760,False
154761,True
154762,True
154763,True
154764,False
154765,False
154766,False
154767,False
154768,False
154769,False
154770,False
154771,False
154772,False
154773,False
154774,True
154775,False
154776,False
154777,False
154778,True
154779,True
154780,False
154781,False
154782,True
154783,True
154784,True
154785,False
154786,True
154787,False
154788,False
154789,False
154790,False
154791,False
154792,True
154793,False
154794,False
154795,False
154796,False
154797,False
154798,True
154799,False
154800,False
154801,False
154802,False
154803,False
154804,True
154805,True
154806,True
154807,False
154808,False
154809,True
154810,False
154811,False
154812,False
154813,False
154814,False
154815,True
154816,False
154817,False
154818,True
154819,False
154820,True
154821,False
154822,False
154823,True
154824,True
154825,True
154826,True
154827,False
154828,False
154829,True
154830,False
154831,False
154832,True
154833,True
154834,False
154835,False
154836,True
154837,False
154838,False
154839,False
154840,False
154841,False
154842,False
154843,False
154844,True
154845,False
154846,True
154847,False
154848,True
154849,False
154850,False
154851,True
154852,False
154853,False
154854,False
154855,False
154856,False
154857,False
154858,False
154859,False
154860,False
154861,False
154862,True
154863,True
154864,False
154865,True
154866,False
154867,False
154868,False
154869,True
154870,False
154871,True
154872,True
154873,False
154874,False
154875,False
154876,True
154877,True
154878,False
154879,False
154880,False
154881,True
154882,True
154883,True
154884,False
154885,False
154886,False
154887,True
154888,True
154889,True
154890,False
154891,False
154892,False
154893,False
154894,False
154895,False
154896,False
154897,False
154898,False
154899,False
154900,False
154901,False
154902,False
154903,False
154904,False
154905,True
154906,False
154907,True
154908,False
154909,False
154910,False
154911,True
154912,False
154913,True
154914,False
154915,True
154916,True
154917,False
154918,False
154919,False
154920,True
154921,True
154922,True
154923,False
154924,True
154925,True
154926,True
154927,False
154928,True
154929,False
154930,False
154931,False
154932,False
154933,False
154934,False
154935,False
154936,False
154937,False
154938,True
154939,False
154940,False
154941,False
154942,False
154943,True
154944,True
154945,False
154946,False
154947,True
154948,False
154949,False
154950,False
154951,False
154952,False
154953,False
154954,True
154955,False
154956,True
154957,True
154958,False
154959,False
154960,False
154961,False
154962,False
154963,True
154964,False
154965,True
154966,True
154967,True
154968,False
154969,True
154970,False
154971,False
154972,False
154973,False
154974,True
154975,False
154976,False
154977,True
154978,False
154979,False
154980,True
154981,False
154982,True
154983,True
154984,False
154985,False
154986,False
154987,True
154988,False
154989,False
154990,True
154991,True
154992,True
154993,True
154994,False
154995,False
154996,False
154997,False
154998,False
154999,False
155000,False
155001,False
155002,True
155003,True
155004,True
155005,False
155006,True
155007,True
155008,False
155009,True
155010,False
155011,False
155012,True
155013,True
155014,False
155015,False
155016,True
155017,False
155018,False
155019,False
155020,False
155021,False
155022,False
155023,False
155024,True
155025,True
155026,False
155027,True
155028,True
155029,True
155030,False
155031,False
155032,True
155033,False
155034,True
155035,False
155036,False
155037,False
155038,False
155039,False
155040,False
155041,False
155042,True
155043,False
155044,False
155045,False
155046,False
155047,True
155048,True
155049,False
155050,False
155051,False
155052,False
155053,False
155054,True
155055,False
155056,True
155057,False
155058,False
155059,False
155060,True
155061,False
155062,False
155063,False
155064,False
155065,False
155066,False
155067,False
155068,False
155069,False
155070,True
155071,True
155072,True
155073,False
155074,False
155075,False
155076,False
155077,True
155078,False
155079,False
155080,True
155081,False
155082,True
155083,True
155084,True
155085,True
155086,False
155087,False
155088,False
155089,False
155090,True
155091,False
155092,False
155093,False
155094,False
155095,True
155096,True
155097,True
155098,True
155099,False
155100,True
155101,False
155102,True
155103,False
155104,False
155105,True
155106,True
155107,True
155108,False
155109,True
155110,True
155111,False
155112,True
155113,False
155114,False
155115,False
155116,False
155117,True
155118,True
155119,False
155120,False
155121,False
155122,False
155123,True
155124,True
155125,True
155126,True
155127,True
155128,False
155129,False
155130,False
155131,False
155132,False
155133,True
155134,False
155135,False
155136,True
155137,False
155138,True
155139,True
155140,False
155141,False
155142,True
155143,False
155144,False
155145,True
155146,True
155147,False
155148,False
155149,False
155150,True
155151,False
155152,True
155153,False
155154,False
155155,False
155156,False
155157,False
155158,False
155159,False
155160,False
155161,False
155162,True
155163,False
155164,False
155165,True
155166,True
155167,True
155168,True
155169,False
155170,True
155171,False
155172,False
155173,False
155174,False
155175,False
155176,True
155177,True
155178,False
155179,True
155180,False
155181,True
155182,False
155183,False
155184,False
155185,True
155186,True
155187,False
155188,False
155189,False
155190,False
155191,True
155192,False
155193,False
155194,True
155195,False
155196,False
155197,True
155198,False
155199,False
155200,False
155201,True
155202,False
155203,False
155204,False
155205,False
155206,True
155207,True
155208,False
155209,False
155210,False
155211,False
155212,False
155213,False
155214,True
155215,True
155216,False
155217,False
155218,True
155219,False
155220,False
155221,False
155222,False
155223,False
155224,False
155225,False
155226,True
155227,False
155228,False
155229,False
155230,False
155231,True
155232,False
155233,False
155234,False
155235,True
155236,False
155237,False
155238,False
155239,True
155240,False
155241,False
155242,True
155243,False
155244,False
155245,True
155246,False
155247,False
155248,True
155249,False
155250,False
155251,True
155252,False
155253,False
155254,False
155255,False
155256,False
155257,True
155258,False
155259,True
155260,False
155261,False
155262,True
155263,True
155264,False
155265,True
155266,False
155267,False
155268,False
155269,False
155270,True
155271,False
155272,False
155273,True
155274,False
155275,True
155276,False
155277,False
155278,False
155279,False
155280,False
155281,False
155282,True
155283,True
155284,False
155285,True
155286,True
155287,False
155288,False
155289,False
155290,False
155291,False
155292,False
155293,False
155294,False
155295,False
155296,True
155297,True
155298,True
155299,False
155300,False
155301,True
155302,False
155303,False
155304,True
155305,False
155306,False
155307,True
155308,False
155309,False
155310,False
155311,True
155312,False
155313,False
155314,False
155315,True
155316,True
155317,True
155318,False
155319,True
155320,False
155321,True
155322,True
155323,False
155324,False
155325,True
155326,True
155327,False
155328,True
155329,False
155330,False
155331,False
155332,False
155333,False
155334,False
155335,False
155336,True
155337,True
155338,False
155339,False
155340,True
155341,False
155342,True
155343,False
155344,True
155345,False
155346,False
155347,False
155348,False
155349,False
155350,False
155351,False
155352,False
155353,True
155354,False
155355,False
155356,False
155357,False
155358,False
155359,False
155360,False
155361,False
155362,True
155363,False
155364,False
155365,True
155366,False
155367,False
155368,False
155369,False
155370,True
155371,True
155372,False
155373,False
155374,False
155375,True
155376,True
155377,False
155378,False
155379,False
155380,True
155381,False
155382,False
155383,False
155384,True
155385,False
155386,False
155387,False
155388,False
155389,True
155390,True
155391,False
155392,False
155393,True
155394,False
155395,False
155396,False
155397,True
155398,False
155399,False
155400,False
155401,False
155402,True
155403,False
155404,False
155405,False
155406,True
155407,False
155408,True
155409,True
155410,False
155411,False
155412,False
155413,True
155414,False
155415,False
155416,False
155417,False
155418,True
155419,False
155420,False
155421,False
155422,False
155423,False
155424,True
155425,False
155426,False
155427,True
155428,True
155429,False
155430,True
155431,False
155432,False
155433,True
155434,False
155435,True
155436,True
155437,False
155438,False
155439,False
155440,True
155441,False
155442,False
155443,False
155444,False
155445,True
155446,True
155447,False
155448,True
155449,False
155450,False
155451,True
155452,True
155453,False
155454,False
155455,True
155456,True
155457,False
155458,True
155459,False
155460,False
155461,False
155462,True
155463,True
155464,False
155465,True
155466,True
155467,True
155468,True
155469,False
155470,True
155471,False
155472,True
155473,False
155474,False
155475,False
155476,False
155477,True
155478,False
155479,False
155480,True
155481,False
155482,True
155483,True
155484,False
155485,False
155486,False
155487,False
155488,True
155489,False
155490,False
155491,True
155492,False
155493,False
155494,False
155495,False
155496,False
155497,False
155498,False
155499,True
155500,False
155501,False
155502,False
155503,False
155504,False
155505,True
155506,False
155507,False
155508,False
155509,False
155510,True
155511,True
155512,False
155513,False
155514,False
155515,False
155516,False
155517,True
155518,False
155519,False
155520,False
155521,True
155522,False
155523,False
155524,False
155525,False
155526,False
155527,False
155528,True
155529,False
155530,False
155531,False
155532,False
155533,False
155534,True
155535,False
155536,False
155537,True
155538,True
155539,False
155540,False
155541,False
155542,False
155543,True
155544,False
155545,True
155546,False
155547,False
155548,True
155549,False
155550,False
155551,False
155552,True
155553,False
155554,False
155555,False
155556,False
155557,True
155558,True
155559,False
155560,False
155561,True
155562,True
155563,False
155564,False
155565,False
155566,False
155567,False
155568,False
155569,False
155570,False
155571,False
155572,False
155573,True
155574,False
155575,False
155576,True
155577,True
155578,True
155579,True
155580,True
155581,True
155582,True
155583,True
155584,True
155585,False
155586,True
155587,False
155588,False
155589,True
155590,False
155591,True
155592,False
155593,False
155594,False
155595,False
155596,False
155597,True
155598,False
155599,False
155600,False
155601,True
155602,True
155603,True
155604,False
155605,False
155606,False
155607,False
155608,False
155609,True
155610,False
155611,True
155612,False
155613,True
155614,True
155615,True
155616,False
155617,False
155618,False
155619,False
155620,False
155621,False
155622,False
155623,False
155624,False
155625,False
155626,True
155627,False
155628,False
155629,True
155630,False
155631,False
155632,False
155633,False
155634,True
155635,False
155636,False
155637,False
155638,False
155639,False
155640,True
155641,False
155642,False
155643,False
155644,False
155645,False
155646,False
155647,False
155648,False
155649,False
155650,False
155651,True
155652,False
155653,False
155654,False
155655,False
155656,False
155657,True
155658,False
155659,False
155660,False
155661,False
155662,True
155663,True
155664,False
155665,False
155666,False
155667,False
155668,False
155669,False
155670,True
155671,True
155672,True
155673,False
155674,True
155675,True
155676,False
155677,False
155678,True
155679,True
155680,True
155681,False
155682,False
155683,True
155684,False
155685,False
155686,False
155687,False
155688,False
155689,False
155690,False
155691,False
155692,False
155693,False
155694,False
155695,False
155696,True
155697,False
155698,False
155699,False
155700,False
155701,False
155702,False
155703,False
155704,True
155705,False
155706,True
155707,False
155708,True
155709,False
155710,True
155711,False
155712,False
155713,False
155714,True
155715,False
155716,False
155717,False
155718,True
155719,False
155720,False
155721,False
155722,False
155723,False
155724,True
155725,True
155726,True
155727,False
155728,True
155729,False
155730,False
155731,True
155732,False
155733,False
155734,True
155735,True
155736,True
155737,False
155738,False
155739,False
155740,False
155741,False
155742,False
155743,False
155744,True
155745,True
155746,False
155747,False
155748,True
155749,False
155750,False
155751,True
155752,False
155753,True
155754,False
155755,False
155756,False
155757,False
155758,False
155759,True
155760,False
155761,False
155762,False
155763,False
155764,False
155765,False
155766,True
155767,False
155768,False
155769,True
155770,False
155771,True
155772,False
155773,True
155774,True
155775,True
155776,False
155777,True
155778,False
155779,False
155780,False
155781,False
155782,True
155783,False
155784,False
155785,False
155786,False
155787,True
155788,True
155789,False
155790,False
155791,False
155792,True
155793,False
155794,True
155795,False
155796,True
155797,False
155798,True
155799,False
155800,False
155801,False
155802,False
155803,False
155804,False
155805,False
155806,True
155807,True
155808,True
155809,True
155810,True
155811,False
155812,True
155813,False
155814,False
155815,False
155816,False
155817,False
155818,False
155819,False
155820,False
155821,False
155822,False
155823,False
155824,False
155825,False
155826,False
155827,False
155828,False
155829,True
155830,True
155831,True
155832,False
155833,False
155834,False
155835,True
155836,True
155837,False
155838,True
155839,False
155840,False
155841,False
155842,True
155843,False
155844,False
155845,True
155846,False
155847,False
155848,False
155849,True
155850,True
155851,True
155852,False
155853,False
155854,False
155855,False
155856,False
155857,False
155858,False
155859,False
155860,True
155861,False
155862,False
155863,False
155864,False
155865,False
155866,True
155867,False
155868,False
155869,True
155870,False
155871,False
155872,True
155873,False
155874,True
155875,False
155876,False
155877,False
155878,True
155879,False
155880,False
155881,False
155882,True
155883,False
155884,False
155885,False
155886,False
155887,False
155888,False
155889,True
155890,False
155891,True
155892,True
155893,False
155894,True
155895,True
155896,True
155897,True
155898,False
155899,True
155900,False
155901,False
155902,False
155903,False
155904,False
155905,False
155906,False
155907,False
155908,False
155909,False
155910,False
155911,False
155912,False
155913,False
155914,False
155915,True
155916,False
155917,False
155918,True
155919,False
155920,True
155921,False
155922,False
155923,True
155924,True
155925,False
155926,False
155927,False
155928,False
155929,False
155930,True
155931,False
155932,False
155933,False
155934,False
155935,False
155936,False
155937,True
155938,False
155939,False
155940,False
155941,False
155942,True
155943,False
155944,False
155945,True
155946,True
155947,False
155948,True
155949,False
155950,True
155951,True
155952,False
155953,False
155954,False
155955,True
155956,False
155957,False
155958,True
155959,True
155960,False
155961,False
155962,True
155963,True
155964,False
155965,False
155966,True
155967,False
155968,True
155969,False
155970,False
155971,False
155972,False
155973,False
155974,False
155975,False
155976,True
155977,True
155978,True
155979,False
155980,True
155981,False
155982,True
155983,False
155984,True
155985,True
155986,False
155987,False
155988,False
155989,False
155990,True
155991,False
155992,True
155993,False
155994,True
155995,True
155996,True
155997,False
155998,True
155999,True
156000,False
156001,False
156002,False
156003,False
156004,True
156005,False
156006,False
156007,False
156008,True
156009,True
156010,False
156011,False
156012,True
156013,False
156014,True
156015,True
156016,True
156017,False
156018,True
156019,True
156020,False
156021,False
156022,False
156023,False
156024,True
156025,False
156026,True
156027,True
156028,False
156029,True
156030,False
156031,False
156032,False
156033,True
156034,False
156035,False
156036,False
156037,True
156038,False
156039,True
156040,True
156041,False
156042,False
156043,True
156044,False
156045,False
156046,True
156047,False
156048,False
156049,False
156050,True
156051,True
156052,False
156053,True
156054,False
156055,False
156056,True
156057,False
156058,False
156059,False
156060,False
156061,True
156062,True
156063,True
156064,False
156065,True
156066,False
156067,False
156068,True
156069,True
156070,True
156071,False
156072,True
156073,False
156074,False
156075,True
156076,True
156077,False
156078,True
156079,False
156080,False
156081,False
156082,False
156083,True
156084,True
156085,True
156086,False
156087,False
156088,False
156089,False
156090,False
156091,False
156092,True
156093,False
156094,False
156095,True
156096,False
156097,False
156098,True
156099,False
156100,False
156101,True
156102,False
156103,False
156104,False
156105,False
156106,True
156107,False
156108,False
156109,False
156110,False
156111,False
156112,False
156113,False
156114,True
156115,False
156116,True
156117,False
156118,False
156119,False
156120,False
156121,True
156122,False
156123,False
156124,True
156125,True
156126,False
156127,False
156128,True
156129,True
156130,False
156131,False
156132,False
156133,True
156134,True
156135,True
156136,False
156137,False
156138,False
156139,False
156140,False
156141,False
156142,False
156143,False
156144,False
156145,True
156146,False
156147,True
156148,True
156149,True
156150,False
156151,False
156152,False
156153,False
156154,True
156155,False
156156,False
156157,True
156158,True
156159,False
156160,False
156161,True
156162,False
156163,True
156164,False
156165,True
156166,False
156167,False
156168,False
156169,False
156170,False
156171,True
156172,True
156173,False
156174,False
156175,False
156176,False
156177,False
156178,False
156179,True
156180,False
156181,True
156182,False
156183,True
156184,False
156185,False
156186,False
156187,True
156188,False
156189,True
156190,True
156191,True
156192,False
156193,False
156194,False
156195,True
156196,False
156197,False
156198,False
156199,False
156200,False
156201,False
156202,True
156203,False
156204,False
156205,False
156206,False
156207,True
156208,False
156209,False
156210,False
156211,False
156212,True
156213,False
156214,True
156215,True
156216,True
156217,False
156218,True
156219,True
156220,False
156221,False
156222,False
156223,False
156224,False
156225,False
156226,True
156227,False
156228,True
156229,False
156230,True
156231,True
156232,True
156233,False
156234,False
156235,False
156236,False
156237,False
156238,True
156239,False
156240,False
156241,True
156242,False
156243,True
156244,False
156245,False
156246,False
156247,True
156248,False
156249,False
156250,False
156251,False
156252,False
156253,False
156254,False
156255,True
156256,True
156257,False
156258,True
156259,False
156260,False
156261,False
156262,False
156263,False
156264,True
156265,True
156266,False
156267,False
156268,True
156269,False
156270,False
156271,False
156272,True
156273,True
156274,True
156275,True
156276,False
156277,False
156278,False
156279,True
156280,False
156281,False
156282,False
156283,False
156284,False
156285,True
156286,False
156287,False
156288,False
156289,False
156290,False
156291,False
156292,False
156293,False
156294,False
156295,False
156296,True
156297,True
156298,False
156299,False
156300,False
156301,False
156302,False
156303,False
156304,True
156305,True
156306,True
156307,False
156308,False
156309,False
156310,False
156311,False
156312,False
156313,False
156314,True
156315,False
156316,False
156317,True
156318,False
156319,True
156320,True
156321,False
156322,False
156323,False
156324,False
156325,False
156326,False
156327,True
156328,True
156329,False
156330,False
156331,False
156332,False
156333,False
156334,True
156335,False
156336,False
156337,False
156338,True
156339,False
156340,True
156341,False
156342,True
156343,True
156344,True
156345,False
156346,False
156347,True
156348,False
156349,False
156350,False
156351,False
156352,True
156353,True
156354,True
156355,True
156356,True
156357,False
156358,False
156359,False
156360,False
156361,False
156362,False
156363,False
156364,False
156365,False
156366,True
156367,False
156368,False
156369,False
156370,False
156371,False
156372,True
156373,False
156374,True
156375,True
156376,False
156377,False
156378,False
156379,True
156380,True
156381,False
156382,False
156383,False
156384,True
156385,True
156386,False
156387,False
156388,False
156389,False
156390,True
156391,False
156392,False
156393,False
156394,True
156395,False
156396,False
156397,False
156398,False
156399,False
156400,True
156401,True
156402,False
156403,False
156404,False
156405,False
156406,False
156407,False
156408,False
156409,False
156410,False
156411,False
156412,False
156413,False
156414,False
156415,True
156416,True
156417,False
156418,True
156419,True
156420,False
156421,True
156422,False
156423,True
156424,True
156425,True
156426,True
156427,False
156428,True
156429,False
156430,False
156431,False
156432,False
156433,True
156434,False
156435,True
156436,False
156437,False
156438,False
156439,False
156440,True
156441,True
156442,False
156443,True
156444,True
156445,False
156446,True
156447,True
156448,False
156449,True
156450,False
156451,False
156452,True
156453,False
156454,False
156455,False
156456,True
156457,True
156458,True
156459,False
156460,False
156461,False
156462,False
156463,True
156464,False
156465,True
156466,False
156467,True
156468,False
156469,True
156470,False
156471,True
156472,False
156473,False
156474,False
156475,False
156476,False
156477,False
156478,False
156479,False
156480,False
156481,False
156482,True
156483,False
156484,False
156485,False
156486,True
156487,False
156488,True
156489,True
156490,False
156491,False
156492,False
156493,True
156494,True
156495,False
156496,False
156497,True
156498,False
156499,False
156500,False
156501,False
156502,True
156503,False
156504,True
156505,False
156506,True
156507,False
156508,False
156509,False
156510,False
156511,False
156512,False
156513,False
156514,False
156515,True
156516,True
156517,False
156518,True
156519,True
156520,False
156521,False
156522,False
156523,True
156524,False
156525,True
156526,False
156527,False
156528,False
156529,True
156530,False
156531,True
156532,False
156533,False
156534,False
156535,False
156536,False
156537,True
156538,False
156539,False
156540,False
156541,False
156542,False
156543,False
156544,True
156545,True
156546,False
156547,True
156548,True
156549,False
156550,False
156551,False
156552,False
156553,True
156554,False
156555,True
156556,False
156557,False
156558,False
156559,False
156560,False
156561,False
156562,True
156563,False
156564,False
156565,True
156566,False
156567,False
156568,False
156569,False
156570,False
156571,False
156572,True
156573,False
156574,False
156575,False
156576,False
156577,False
156578,False
156579,False
156580,False
156581,False
156582,False
156583,False
156584,True
156585,False
156586,True
156587,False
156588,False
156589,False
156590,True
156591,False
156592,False
156593,False
156594,False
156595,False
156596,False
156597,False
156598,True
156599,False
156600,False
156601,True
156602,False
156603,True
156604,True
156605,True
156606,False
156607,True
156608,False
156609,False
156610,True
156611,False
156612,False
156613,False
156614,False
156615,True
156616,True
156617,False
156618,False
156619,False
156620,False
156621,False
156622,False
156623,True
156624,False
156625,False
156626,True
156627,False
156628,True
156629,True
156630,False
156631,False
156632,False
156633,False
156634,False
156635,False
156636,False
156637,True
156638,True
156639,True
156640,False
156641,False
156642,False
156643,False
156644,False
156645,True
156646,True
156647,False
156648,True
156649,False
156650,False
156651,False
156652,True
156653,False
156654,False
156655,False
156656,False
156657,True
156658,True
156659,True
156660,True
156661,True
156662,False
156663,False
156664,True
156665,True
156666,True
156667,False
156668,False
156669,False
156670,True
156671,False
156672,True
156673,False
156674,True
156675,True
156676,False
156677,False
156678,True
156679,False
156680,True
156681,False
156682,True
156683,True
156684,True
156685,True
156686,False
156687,True
156688,True
156689,False
156690,False
156691,True
156692,False
156693,False
156694,False
156695,False
156696,False
156697,True
156698,False
156699,False
156700,False
156701,False
156702,False
156703,False
156704,False
156705,True
156706,False
156707,True
156708,True
156709,False
156710,False
156711,False
156712,True
156713,True
156714,False
156715,True
156716,False
156717,True
156718,True
156719,False
156720,True
156721,True
156722,False
156723,False
156724,False
156725,False
156726,False
156727,True
156728,False
156729,False
156730,False
156731,True
156732,True
156733,True
156734,True
156735,False
156736,False
156737,False
156738,True
156739,True
156740,False
156741,False
156742,False
156743,False
156744,False
156745,False
156746,True
156747,False
156748,True
156749,True
156750,True
156751,True
156752,True
156753,False
156754,False
156755,True
156756,True
156757,False
156758,False
156759,False
156760,True
156761,True
156762,True
156763,False
156764,False
156765,False
156766,False
156767,True
156768,False
156769,False
156770,True
156771,False
156772,False
156773,False
156774,False
156775,True
156776,True
156777,True
156778,True
156779,False
156780,False
156781,True
156782,False
156783,False
156784,False
156785,False
156786,False
156787,False
156788,True
156789,False
156790,True
156791,False
156792,True
156793,False
156794,True
156795,False
156796,False
156797,False
156798,True
156799,True
156800,False
156801,True
156802,False
156803,False
156804,False
156805,False
156806,True
156807,False
156808,False
156809,False
156810,True
156811,False
156812,True
156813,False
156814,True
156815,True
156816,False
156817,False
156818,False
156819,True
156820,False
156821,True
156822,False
156823,False
156824,True
156825,True
156826,True
156827,False
156828,False
156829,True
156830,False
156831,False
156832,True
156833,False
156834,False
156835,False
156836,True
156837,False
156838,True
156839,True
156840,False
156841,True
156842,True
156843,True
156844,True
156845,False
156846,True
156847,False
156848,False
156849,False
156850,True
156851,True
156852,True
156853,True
156854,True
156855,False
156856,False
156857,False
156858,True
156859,True
156860,False
156861,False
156862,True
156863,True
156864,True
156865,False
156866,False
156867,False
156868,False
156869,False
156870,True
156871,True
156872,False
156873,True
156874,True
156875,False
156876,False
156877,False
156878,True
156879,False
156880,False
156881,False
156882,False
156883,True
156884,False
156885,False
156886,False
156887,True
156888,False
156889,False
156890,False
156891,False
156892,False
156893,False
156894,False
156895,True
156896,True
156897,False
156898,True
156899,False
156900,False
156901,False
156902,True
156903,True
156904,False
156905,True
156906,False
156907,False
156908,False
156909,True
156910,False
156911,False
156912,False
156913,False
156914,False
156915,True
156916,True
156917,False
156918,False
156919,False
156920,False
156921,True
156922,False
156923,True
156924,False
156925,False
156926,False
156927,False
156928,False
156929,False
156930,False
156931,False
156932,False
156933,True
156934,False
156935,False
156936,True
156937,False
156938,False
156939,False
156940,True
156941,False
156942,False
156943,False
156944,False
156945,True
156946,False
156947,False
156948,False
156949,True
156950,True
156951,False
156952,True
156953,True
156954,False
156955,True
156956,False
156957,True
156958,False
156959,True
156960,False
156961,False
156962,True
156963,False
156964,False
156965,True
156966,False
156967,True
156968,True
156969,False
156970,False
156971,True
156972,False
156973,False
156974,False
156975,True
156976,False
156977,True
156978,False
156979,False
156980,True
156981,False
156982,False
156983,False
156984,True
156985,False
156986,True
156987,True
156988,True
156989,True
156990,False
156991,False
156992,True
156993,True
156994,False
156995,False
156996,False
156997,False
156998,False
156999,False
157000,False
157001,False
157002,True
157003,False
157004,True
157005,False
157006,False
157007,True
157008,False
157009,True
157010,False
157011,True
157012,True
157013,True
157014,False
157015,False
157016,True
157017,False
157018,False
157019,False
157020,False
157021,False
157022,True
157023,True
157024,False
157025,False
157026,False
157027,False
157028,False
157029,False
157030,False
157031,False
157032,False
157033,True
157034,False
157035,False
157036,True
157037,True
157038,False
157039,False
157040,False
157041,False
157042,False
157043,False
157044,False
157045,True
157046,True
157047,True
157048,True
157049,True
157050,False
157051,True
157052,False
157053,False
157054,True
157055,True
157056,True
157057,True
157058,False
157059,False
157060,False
157061,False
157062,False
157063,False
157064,False
157065,True
157066,False
157067,False
157068,True
157069,False
157070,True
157071,True
157072,False
157073,False
157074,True
157075,False
157076,False
157077,False
157078,True
157079,True
157080,True
157081,False
157082,False
157083,True
157084,False
157085,False
157086,False
157087,False
157088,False
157089,False
157090,False
157091,True
157092,False
157093,True
157094,False
157095,True
157096,False
157097,False
157098,True
157099,False
157100,False
157101,False
157102,False
157103,False
157104,False
157105,False
157106,False
157107,False
157108,False
157109,True
157110,True
157111,True
157112,False
157113,False
157114,True
157115,False
157116,False
157117,True
157118,True
157119,False
157120,True
157121,False
157122,False
157123,False
157124,True
157125,False
157126,False
157127,False
157128,False
157129,False
157130,True
157131,False
157132,True
157133,True
157134,False
157135,False
157136,False
157137,False
157138,False
157139,False
157140,False
157141,False
157142,False
157143,False
157144,False
157145,True
157146,True
157147,True
157148,False
157149,True
157150,False
157151,False
157152,True
157153,False
157154,True
157155,True
157156,False
157157,False
157158,True
157159,False
157160,True
157161,False
157162,False
157163,False
157164,False
157165,False
157166,False
157167,False
157168,False
157169,False
157170,False
157171,False
157172,False
157173,True
157174,False
157175,False
157176,False
157177,True
157178,False
157179,False
157180,False
157181,False
157182,True
157183,False
157184,False
157185,False
157186,False
157187,False
157188,False
157189,False
157190,True
157191,True
157192,True
157193,False
157194,True
157195,False
157196,False
157197,True
157198,True
157199,True
157200,False
157201,False
157202,True
157203,False
157204,True
157205,False
157206,False
157207,False
157208,False
157209,False
157210,True
157211,False
157212,True
157213,False
157214,False
157215,False
157216,False
157217,False
157218,True
157219,False
157220,False
157221,False
157222,True
157223,True
157224,False
157225,True
157226,True
157227,True
157228,False
157229,False
157230,True
157231,True
157232,False
157233,False
157234,True
157235,True
157236,False
157237,False
157238,False
157239,False
157240,True
157241,False
157242,False
157243,False
157244,False
157245,False
157246,True
157247,True
157248,True
157249,False
157250,False
157251,False
157252,False
157253,False
157254,False
157255,True
157256,True
157257,True
157258,True
157259,False
157260,False
157261,False
157262,True
157263,True
157264,True
157265,False
157266,False
157267,False
157268,False
157269,True
157270,True
157271,False
157272,False
157273,True
157274,False
157275,True
157276,True
157277,False
157278,False
157279,False
157280,True
157281,False
157282,False
157283,True
157284,False
157285,False
157286,False
157287,False
157288,True
157289,True
157290,False
157291,False
157292,False
157293,False
157294,False
157295,False
157296,False
157297,False
157298,False
157299,True
157300,False
157301,True
157302,False
157303,False
157304,False
157305,False
157306,False
157307,True
157308,True
157309,False
157310,True
157311,False
157312,True
157313,False
157314,True
157315,True
157316,False
157317,False
157318,False
157319,False
157320,False
157321,False
157322,True
157323,False
157324,False
157325,True
157326,True
157327,True
157328,True
157329,False
157330,False
157331,False
157332,False
157333,False
157334,False
157335,True
157336,False
157337,False
157338,True
157339,False
157340,True
157341,False
157342,False
157343,False
157344,True
157345,True
157346,False
157347,True
157348,False
157349,False
157350,True
157351,False
157352,True
157353,False
157354,False
157355,True
157356,False
157357,True
157358,True
157359,True
157360,False
157361,True
157362,False
157363,True
157364,False
157365,False
157366,False
157367,False
157368,False
157369,True
157370,False
157371,True
157372,True
157373,False
157374,False
157375,False
157376,True
157377,False
157378,True
157379,True
157380,True
157381,True
157382,False
157383,False
157384,False
157385,True
157386,False
157387,False
157388,False
157389,False
157390,False
157391,False
157392,False
157393,True
157394,True
157395,True
157396,False
157397,True
157398,False
157399,True
157400,True
157401,True
157402,False
157403,True
157404,False
157405,False
157406,False
157407,True
157408,False
157409,False
157410,False
157411,True
157412,False
157413,False
157414,True
157415,False
157416,False
157417,False
157418,False
157419,True
157420,False
157421,False
157422,False
157423,True
157424,False
157425,True
157426,True
157427,False
157428,False
157429,False
157430,False
157431,False
157432,False
157433,False
157434,True
157435,False
157436,True
157437,True
157438,False
157439,False
157440,False
157441,False
157442,False
157443,False
157444,True
157445,True
157446,True
157447,False
157448,False
157449,False
157450,False
157451,True
157452,False
157453,False
157454,False
157455,False
157456,False
157457,False
157458,False
157459,False
157460,False
157461,False
157462,False
157463,False
157464,False
157465,False
157466,True
157467,False
157468,False
157469,True
157470,True
157471,False
157472,False
157473,False
157474,True
157475,True
157476,False
157477,False
157478,True
157479,False
157480,False
157481,True
157482,False
157483,False
157484,False
157485,False
157486,False
157487,False
157488,False
157489,False
157490,True
157491,False
157492,True
157493,False
157494,False
157495,False
157496,False
157497,True
157498,False
157499,False
157500,False
157501,False
157502,False
157503,False
157504,False
157505,False
157506,False
157507,False
157508,False
157509,False
157510,False
157511,False
157512,False
157513,False
157514,False
157515,True
157516,False
157517,False
157518,False
157519,False
157520,False
157521,True
157522,True
157523,True
157524,True
157525,False
157526,False
157527,False
157528,True
157529,False
157530,True
157531,False
157532,False
157533,False
157534,False
157535,True
157536,False
157537,False
157538,True
157539,False
157540,False
157541,False
157542,False
157543,False
157544,False
157545,True
157546,False
157547,False
157548,True
157549,False
157550,False
157551,False
157552,False
157553,False
157554,False
157555,True
157556,False
157557,True
157558,True
157559,True
157560,True
157561,True
157562,True
157563,False
157564,False
157565,False
157566,False
157567,False
157568,False
157569,True
157570,False
157571,False
157572,True
157573,False
157574,False
157575,False
157576,False
157577,False
157578,False
157579,False
157580,False
157581,False
157582,False
157583,False
157584,False
157585,False
157586,True
157587,False
157588,False
157589,False
157590,False
157591,False
157592,True
157593,False
157594,False
157595,False
157596,True
157597,False
157598,False
157599,False
157600,False
157601,True
157602,False
157603,False
157604,False
157605,False
157606,False
157607,False
157608,False
157609,False
157610,True
157611,False
157612,False
157613,True
157614,False
157615,False
157616,False
157617,True
157618,False
157619,False
157620,False
157621,True
157622,True
157623,True
157624,False
157625,False
157626,False
157627,True
157628,False
157629,True
157630,True
157631,True
157632,False
157633,False
157634,False
157635,True
157636,True
157637,True
157638,False
157639,False
157640,False
157641,False
157642,False
157643,True
157644,False
157645,False
157646,True
157647,True
157648,False
157649,False
157650,True
157651,False
157652,False
157653,True
157654,False
157655,True
157656,True
157657,False
157658,True
157659,False
157660,True
157661,True
157662,True
157663,True
157664,False
157665,False
157666,False
157667,False
157668,False
157669,False
157670,False
157671,False
157672,False
157673,False
157674,False
157675,True
157676,True
157677,True
157678,False
157679,False
157680,True
157681,True
157682,False
157683,False
157684,False
157685,False
157686,False
157687,False
157688,False
157689,True
157690,False
157691,True
157692,False
157693,False
157694,False
157695,True
157696,True
157697,False
157698,True
157699,True
157700,False
157701,True
157702,False
157703,False
157704,True
157705,False
157706,False
157707,False
157708,False
157709,True
157710,True
157711,False
157712,False
157713,False
157714,False
157715,True
157716,True
157717,True
157718,False
157719,False
157720,False
157721,False
157722,True
157723,False
157724,False
157725,False
157726,False
157727,True
157728,True
157729,True
157730,False
157731,True
157732,False
157733,True
157734,True
157735,False
157736,False
157737,True
157738,True
157739,False
157740,False
157741,False
157742,False
157743,False
157744,False
157745,False
157746,True
157747,False
157748,True
157749,False
157750,True
157751,False
157752,True
157753,False
157754,False
157755,False
157756,True
157757,True
157758,False
157759,False
157760,False
157761,True
157762,False
157763,False
157764,False
157765,False
157766,True
157767,False
157768,False
157769,False
157770,True
157771,False
157772,True
157773,False
157774,True
157775,False
157776,True
157777,False
157778,False
157779,False
157780,False
157781,True
157782,True
157783,True
157784,True
157785,True
157786,True
157787,True
157788,False
157789,False
157790,True
157791,False
157792,False
157793,False
157794,True
157795,True
157796,False
157797,False
157798,False
157799,False
157800,False
157801,True
157802,True
157803,True
157804,False
157805,False
157806,True
157807,False
157808,False
157809,True
157810,False
157811,True
157812,False
157813,False
157814,False
157815,True
157816,True
157817,False
157818,False
157819,False
157820,False
157821,False
157822,False
157823,True
157824,False
157825,False
157826,False
157827,True
157828,False
157829,True
157830,True
157831,True
157832,True
157833,False
157834,False
157835,False
157836,True
157837,False
157838,False
157839,True
157840,True
157841,False
157842,True
157843,True
157844,False
157845,False
157846,True
157847,False
157848,False
157849,True
157850,False
157851,False
157852,False
157853,True
157854,False
157855,True
157856,False
157857,False
157858,True
157859,False
157860,False
157861,True
157862,True
157863,False
157864,False
157865,False
157866,False
157867,False
157868,False
157869,False
157870,False
157871,False
157872,False
157873,False
157874,True
157875,False
157876,False
157877,True
157878,False
157879,True
157880,True
157881,False
157882,False
157883,True
157884,False
157885,True
157886,False
157887,False
157888,False
157889,False
157890,False
157891,False
157892,True
157893,True
157894,False
157895,True
157896,False
157897,True
157898,True
157899,False
157900,True
157901,True
157902,False
157903,False
157904,False
157905,True
157906,False
157907,True
157908,False
157909,False
157910,False
157911,False
157912,True
157913,False
157914,True
157915,True
157916,False
157917,False
157918,False
157919,False
157920,False
157921,True
157922,False
157923,False
157924,False
157925,True
157926,False
157927,False
157928,True
157929,True
157930,False
157931,False
157932,False
157933,False
157934,False
157935,True
157936,True
157937,False
157938,False
157939,True
157940,False
157941,False
157942,False
157943,False
157944,False
157945,True
157946,False
157947,False
157948,False
157949,False
157950,False
157951,True
157952,False
157953,False
157954,False
157955,False
157956,False
157957,False
157958,False
157959,False
157960,False
157961,True
157962,True
157963,False
157964,False
157965,False
157966,True
157967,True
157968,False
157969,False
157970,False
157971,True
157972,False
157973,False
157974,True
157975,False
157976,True
157977,True
157978,False
157979,False
157980,False
157981,False
157982,True
157983,False
157984,True
157985,False
157986,False
157987,False
157988,False
157989,True
157990,True
157991,False
157992,True
157993,False
157994,False
157995,False
157996,False
157997,False
157998,False
157999,False
158000,False
158001,True
158002,False
158003,False
158004,False
158005,True
158006,True
158007,False
158008,True
158009,True
158010,False
158011,True
158012,False
158013,False
158014,False
158015,True
158016,False
158017,False
158018,False
158019,False
158020,True
158021,True
158022,False
158023,False
158024,True
158025,False
158026,False
158027,True
158028,False
158029,False
158030,False
158031,True
158032,True
158033,True
158034,False
158035,False
158036,False
158037,False
158038,False
158039,False
158040,True
158041,False
158042,False
158043,False
158044,True
158045,False
158046,True
158047,False
158048,True
158049,False
158050,False
158051,False
158052,True
158053,False
158054,True
158055,False
158056,False
158057,True
158058,False
158059,True
158060,False
158061,False
158062,False
158063,False
158064,False
158065,True
158066,True
158067,False
158068,False
158069,False
158070,False
158071,False
158072,False
158073,True
158074,True
158075,False
158076,False
158077,True
158078,True
158079,False
158080,True
158081,True
158082,True
158083,False
158084,False
158085,False
158086,True
158087,True
158088,False
158089,False
158090,False
158091,True
158092,False
158093,False
158094,True
158095,True
158096,False
158097,False
158098,False
158099,False
158100,False
158101,False
158102,True
158103,False
158104,True
158105,False
158106,False
158107,False
158108,False
158109,False
158110,False
158111,False
158112,True
158113,False
158114,False
158115,True
158116,False
158117,False
158118,True
158119,True
158120,False
158121,False
158122,True
158123,False
158124,True
158125,False
158126,False
158127,False
158128,False
158129,False
158130,False
158131,True
158132,True
158133,False
158134,False
158135,False
158136,True
158137,False
158138,False
158139,False
158140,False
158141,True
158142,False
158143,False
158144,False
158145,True
158146,False
158147,True
158148,False
158149,True
158150,False
158151,False
158152,True
158153,False
158154,False
158155,False
158156,True
158157,True
158158,True
158159,False
158160,True
158161,False
158162,False
158163,False
158164,False
158165,True
158166,True
158167,False
158168,True
158169,True
158170,False
158171,True
158172,True
158173,True
158174,False
158175,False
158176,True
158177,False
158178,True
158179,True
158180,False
158181,True
158182,True
158183,False
158184,False
158185,False
158186,False
158187,False
158188,True
158189,False
158190,False
158191,False
158192,True
158193,False
158194,False
158195,False
158196,False
158197,False
158198,True
158199,False
158200,False
158201,False
158202,False
158203,False
158204,False
158205,True
158206,False
158207,False
158208,False
158209,False
158210,False
158211,True
158212,False
158213,False
158214,False
158215,False
158216,True
158217,True
158218,False
158219,False
158220,False
158221,False
158222,False
158223,True
158224,False
158225,False
158226,False
158227,True
158228,False
158229,False
158230,True
158231,True
158232,False
158233,False
158234,False
158235,False
158236,False
158237,False
158238,False
158239,True
158240,False
158241,False
158242,False
158243,False
158244,False
158245,False
158246,False
158247,False
158248,False
158249,True
158250,False
158251,False
158252,True
158253,False
158254,False
158255,True
158256,False
158257,False
158258,False
158259,True
158260,True
158261,False
158262,False
158263,False
158264,True
158265,False
158266,True
158267,False
158268,True
158269,False
158270,True
158271,False
158272,False
158273,True
158274,True
158275,True
158276,False
158277,False
158278,True
158279,True
158280,False
158281,False
158282,False
158283,False
158284,False
158285,True
158286,True
158287,False
158288,False
158289,False
158290,False
158291,False
158292,True
158293,True
158294,True
158295,True
158296,False
158297,False
158298,False
158299,False
158300,False
158301,False
158302,True
158303,True
158304,False
158305,False
158306,True
158307,False
158308,False
158309,False
158310,True
158311,False
158312,False
158313,True
158314,False
158315,True
158316,True
158317,False
158318,False
158319,False
158320,True
158321,False
158322,False
158323,False
158324,False
158325,True
158326,False
158327,False
158328,False
158329,False
158330,True
158331,False
158332,False
158333,True
158334,False
158335,False
158336,False
158337,False
158338,True
158339,False
158340,True
158341,False
158342,False
158343,True
158344,True
158345,False
158346,False
158347,True
158348,False
158349,False
158350,False
158351,True
158352,False
158353,False
158354,False
158355,False
158356,True
158357,True
158358,True
158359,False
158360,False
158361,True
158362,False
158363,False
158364,False
158365,False
158366,True
158367,True
158368,True
158369,True
158370,False
158371,False
158372,True
158373,False
158374,True
158375,False
158376,False
158377,False
158378,True
158379,True
158380,False
158381,False
158382,False
158383,False
158384,False
158385,True
158386,False
158387,True
158388,False
158389,False
158390,False
158391,False
158392,False
158393,True
158394,False
158395,False
158396,True
158397,True
158398,True
158399,False
158400,False
158401,False
158402,False
158403,False
158404,False
158405,False
158406,True
158407,False
158408,False
158409,False
158410,True
158411,False
158412,False
158413,False
158414,False
158415,False
158416,True
158417,False
158418,False
158419,False
158420,True
158421,False
158422,True
158423,True
158424,True
158425,False
158426,False
158427,False
158428,True
158429,False
158430,False
158431,True
158432,False
158433,False
158434,True
158435,True
158436,False
158437,True
158438,False
158439,False
158440,False
158441,True
158442,False
158443,False
158444,True
158445,False
158446,False
158447,False
158448,True
158449,False
158450,False
158451,True
158452,True
158453,False
158454,False
158455,False
158456,True
158457,True
158458,False
158459,False
158460,True
158461,False
158462,False
158463,False
158464,True
158465,False
158466,True
158467,True
158468,True
158469,False
158470,True
158471,False
158472,False
158473,True
158474,False
158475,True
158476,False
158477,False
158478,False
158479,False
158480,False
158481,False
158482,False
158483,False
158484,False
158485,False
158486,True
158487,False
158488,False
158489,True
158490,False
158491,False
158492,True
158493,False
158494,False
158495,False
158496,False
158497,False
158498,True
158499,True
158500,True
158501,False
158502,False
158503,False
158504,False
158505,False
158506,True
158507,True
158508,False
158509,False
158510,False
158511,False
158512,True
158513,True
158514,False
158515,False
158516,True
158517,False
158518,True
158519,False
158520,False
158521,False
158522,True
158523,False
158524,True
158525,False
158526,False
158527,True
158528,False
158529,False
158530,True
158531,False
158532,False
158533,False
158534,False
158535,False
158536,False
158537,False
158538,True
158539,True
158540,True
158541,False
158542,False
158543,True
158544,True
158545,False
158546,False
158547,False
158548,True
158549,False
158550,True
158551,True
158552,True
158553,True
158554,True
158555,True
158556,False
158557,True
158558,False
158559,False
158560,True
158561,False
158562,False
158563,False
158564,False
158565,False
158566,True
158567,False
158568,False
158569,True
158570,False
158571,True
158572,True
158573,False
158574,False
158575,False
158576,False
158577,True
158578,True
158579,True
158580,False
158581,True
158582,False
158583,False
158584,False
158585,True
158586,False
158587,False
158588,False
158589,False
158590,True
158591,True
158592,True
158593,False
158594,False
158595,False
158596,False
158597,True
158598,True
158599,True
158600,False
158601,False
158602,True
158603,True
158604,True
158605,True
158606,False
158607,False
158608,False
158609,False
158610,True
158611,True
158612,False
158613,False
158614,True
158615,False
158616,False
158617,False
158618,True
158619,False
158620,False
158621,False
158622,False
158623,True
158624,False
158625,False
158626,False
158627,False
158628,False
158629,True
158630,False
158631,False
158632,False
158633,True
158634,False
158635,False
158636,False
158637,True
158638,False
158639,True
158640,True
158641,True
158642,True
158643,True
158644,False
158645,False
158646,True
158647,False
158648,True
158649,False
158650,True
158651,True
158652,False
158653,False
158654,True
158655,True
158656,False
158657,True
158658,False
158659,True
158660,True
158661,False
158662,False
158663,False
158664,True
158665,True
158666,False
158667,False
158668,False
158669,False
158670,False
158671,False
158672,False
158673,True
158674,True
158675,False
158676,False
158677,False
158678,False
158679,False
158680,True
158681,True
158682,False
158683,False
158684,False
158685,False
158686,False
158687,False
158688,False
158689,False
158690,False
158691,True
158692,False
158693,False
158694,True
158695,False
158696,False
158697,False
158698,True
158699,True
158700,False
158701,False
158702,False
158703,False
158704,False
158705,False
158706,False
158707,True
158708,False
158709,False
158710,False
158711,False
158712,False
158713,False
158714,False
158715,False
158716,False
158717,True
158718,True
158719,False
158720,True
158721,True
158722,True
158723,True
158724,False
158725,True
158726,False
158727,False
158728,False
158729,True
158730,False
158731,False
158732,False
158733,False
158734,True
158735,False
158736,False
158737,False
158738,False
158739,True
158740,False
158741,False
158742,False
158743,True
158744,False
158745,True
158746,False
158747,False
158748,False
158749,False
158750,False
158751,False
158752,False
158753,True
158754,False
158755,False
158756,False
158757,False
158758,False
158759,True
158760,True
158761,False
158762,True
158763,False
158764,True
158765,False
158766,True
158767,True
158768,True
158769,False
158770,False
158771,False
158772,True
158773,True
158774,True
158775,False
158776,True
158777,False
158778,False
158779,False
158780,True
158781,False
158782,True
158783,False
158784,True
158785,True
158786,False
158787,False
158788,False
158789,False
158790,True
158791,False
158792,False
158793,False
158794,True
158795,False
158796,False
158797,True
158798,True
158799,True
158800,True
158801,True
158802,False
158803,False
158804,True
158805,False
158806,True
158807,False
158808,True
158809,False
158810,True
158811,False
158812,True
158813,False
158814,True
158815,False
158816,True
158817,True
158818,False
158819,False
158820,False
158821,True
158822,False
158823,False
158824,False
158825,True
158826,False
158827,True
158828,False
158829,True
158830,False
158831,True
158832,True
158833,False
158834,False
158835,True
158836,False
158837,True
158838,True
158839,False
158840,True
158841,True
158842,False
158843,False
158844,False
158845,False
158846,False
158847,False
158848,True
158849,False
158850,False
158851,False
158852,False
158853,False
158854,True
158855,False
158856,True
158857,False
158858,True
158859,False
158860,False
158861,True
158862,False
158863,False
158864,True
158865,False
158866,False
158867,False
158868,False
158869,True
158870,False
158871,False
158872,False
158873,False
158874,False
158875,False
158876,False
158877,False
158878,False
158879,False
158880,True
158881,False
158882,True
158883,False
158884,False
158885,False
158886,True
158887,True
158888,False
158889,False
158890,False
158891,True
158892,False
158893,False
158894,False
158895,False
158896,False
158897,True
158898,False
158899,True
158900,True
158901,False
158902,False
158903,False
158904,False
158905,False
158906,True
158907,False
158908,True
158909,False
158910,False
158911,True
158912,False
158913,False
158914,True
158915,False
158916,True
158917,True
158918,False
158919,False
158920,False
158921,False
158922,False
158923,False
158924,True
158925,False
158926,False
158927,True
158928,False
158929,True
158930,False
158931,False
158932,True
158933,True
158934,False
158935,False
158936,False
158937,True
158938,False
158939,True
158940,False
158941,False
158942,False
158943,False
158944,False
158945,False
158946,False
158947,False
158948,False
158949,False
158950,True
158951,False
158952,True
158953,False
158954,True
158955,True
158956,False
158957,False
158958,False
158959,False
158960,True
158961,False
158962,True
158963,False
158964,True
158965,False
158966,False
158967,True
158968,True
158969,True
158970,False
158971,False
158972,False
158973,False
158974,True
158975,True
158976,False
158977,False
158978,False
158979,True
158980,True
158981,False
158982,False
158983,False
158984,True
158985,True
158986,False
158987,False
158988,True
158989,True
158990,True
158991,False
158992,False
158993,False
158994,False
158995,False
158996,False
158997,False
158998,True
158999,False
159000,True
159001,False
159002,False
159003,True
159004,False
159005,True
159006,False
159007,False
159008,False
159009,True
159010,True
159011,False
159012,True
159013,False
159014,False
159015,False
159016,True
159017,False
159018,False
159019,True
159020,False
159021,False
159022,False
159023,True
159024,False
159025,True
159026,False
159027,True
159028,True
159029,True
159030,True
159031,False
159032,False
159033,True
159034,False
159035,False
159036,False
159037,False
159038,False
159039,True
159040,False
159041,True
159042,False
159043,False
159044,False
159045,False
159046,True
159047,True
159048,True
159049,False
159050,True
159051,False
159052,False
159053,False
159054,True
159055,False
159056,False
159057,True
159058,True
159059,False
159060,False
159061,False
159062,False
159063,True
159064,False
159065,True
159066,False
159067,False
159068,False
159069,False
159070,True
159071,False
159072,False
159073,False
159074,False
159075,False
159076,False
159077,False
159078,False
159079,False
159080,True
159081,True
159082,False
159083,False
159084,False
159085,True
159086,False
159087,False
159088,False
159089,True
159090,True
159091,True
159092,False
159093,True
159094,True
159095,True
159096,False
159097,False
159098,False
159099,True
159100,False
159101,False
159102,False
159103,False
159104,True
159105,True
159106,False
159107,False
159108,False
159109,False
159110,False
159111,True
159112,False
159113,True
159114,False
159115,True
159116,True
159117,False
159118,False
159119,False
159120,True
159121,True
159122,False
159123,False
159124,False
159125,False
159126,False
159127,False
159128,False
159129,True
159130,False
159131,True
159132,True
159133,True
159134,False
159135,False
159136,True
159137,True
159138,False
159139,False
159140,True
159141,False
159142,False
159143,False
159144,True
159145,False
159146,False
159147,True
159148,False
159149,False
159150,True
159151,False
159152,False
159153,False
159154,False
159155,False
159156,False
159157,False
159158,False
159159,False
159160,True
159161,False
159162,False
159163,True
159164,False
159165,True
159166,True
159167,True
159168,False
159169,False
159170,False
159171,True
159172,False
159173,False
159174,False
159175,True
159176,False
159177,False
159178,True
159179,True
159180,False
159181,False
159182,False
159183,False
159184,False
159185,True
159186,True
159187,False
159188,True
159189,True
159190,False
159191,False
159192,False
159193,False
159194,False
159195,True
159196,False
159197,False
159198,False
159199,True
159200,True
159201,False
159202,True
159203,True
159204,False
159205,True
159206,False
159207,True
159208,False
159209,True
159210,False
159211,False
159212,False
159213,False
159214,True
159215,False
159216,False
159217,False
159218,True
159219,True
159220,True
159221,True
159222,True
159223,True
159224,False
159225,True
159226,False
159227,False
159228,True
159229,False
159230,True
159231,False
159232,False
159233,True
159234,True
159235,True
159236,True
159237,False
159238,False
159239,False
159240,True
159241,True
159242,True
159243,True
159244,True
159245,False
159246,False
159247,True
159248,True
159249,True
159250,False
159251,False
159252,False
159253,True
159254,False
159255,False
159256,False
159257,False
159258,False
159259,False
159260,True
159261,False
159262,True
159263,False
159264,True
159265,False
159266,True
159267,True
159268,False
159269,False
159270,False
159271,True
159272,False
159273,False
159274,False
159275,True
159276,False
159277,False
159278,False
159279,False
159280,False
159281,False
159282,True
159283,False
159284,False
159285,False
159286,False
159287,False
159288,True
159289,True
159290,True
159291,False
159292,False
159293,True
159294,False
159295,False
159296,True
159297,True
159298,True
159299,False
159300,True
159301,False
159302,True
159303,True
159304,True
159305,True
159306,True
159307,True
159308,True
159309,True
159310,False
159311,False
159312,False
159313,True
159314,False
159315,True
159316,True
159317,True
159318,False
159319,False
159320,True
159321,False
159322,False
159323,True
159324,True
159325,True
159326,False
159327,True
159328,False
159329,False
159330,False
159331,False
159332,True
159333,False
159334,False
159335,False
159336,False
159337,False
159338,True
159339,True
159340,False
159341,False
159342,False
159343,False
159344,False
159345,True
159346,False
159347,True
159348,True
159349,True
159350,False
159351,True
159352,True
159353,True
159354,False
159355,True
159356,False
159357,False
159358,False
159359,True
159360,False
159361,True
159362,False
159363,False
159364,False
159365,False
159366,True
159367,False
159368,False
159369,True
159370,True
159371,False
159372,False
159373,False
159374,False
159375,True
159376,True
159377,True
159378,True
159379,False
159380,True
159381,False
159382,False
159383,True
159384,False
159385,True
159386,True
159387,False
159388,False
159389,False
159390,False
159391,True
159392,False
159393,True
159394,True
159395,False
159396,False
159397,True
159398,True
159399,False
159400,True
159401,True
159402,False
159403,True
159404,False
159405,True
159406,False
159407,False
159408,True
159409,False
159410,False
159411,True
159412,False
159413,False
159414,False
159415,False
159416,False
159417,False
159418,False
159419,True
159420,False
159421,False
159422,False
159423,True
159424,True
159425,True
159426,False
159427,True
159428,True
159429,True
159430,False
159431,False
159432,False
159433,False
159434,True
159435,True
159436,False
159437,False
159438,False
159439,True
159440,False
159441,False
159442,False
159443,False
159444,False
159445,False
159446,True
159447,True
159448,False
159449,False
159450,False
159451,False
159452,True
159453,False
159454,True
159455,False
159456,False
159457,True
159458,False
159459,False
159460,True
159461,False
159462,False
159463,False
159464,False
159465,False
159466,True
159467,True
159468,False
159469,True
159470,False
159471,True
159472,True
159473,False
159474,True
159475,False
159476,False
159477,False
159478,True
159479,False
159480,True
159481,True
159482,True
159483,True
159484,False
159485,True
159486,True
159487,True
159488,False
159489,False
159490,False
159491,True
159492,True
159493,False
159494,False
159495,False
159496,False
159497,True
159498,False
159499,True
159500,True
159501,False
159502,False
159503,True
159504,False
159505,True
159506,False
159507,False
159508,True
159509,False
159510,False
159511,True
159512,True
159513,False
159514,True
159515,True
159516,False
159517,True
159518,False
159519,False
159520,False
159521,False
159522,True
159523,True
159524,False
159525,False
159526,False
159527,False
159528,False
159529,True
159530,False
159531,False
159532,False
159533,False
159534,False
159535,True
159536,False
159537,False
159538,True
159539,False
159540,False
159541,True
159542,False
159543,False
159544,False
159545,True
159546,False
159547,False
159548,True
159549,True
159550,False
159551,True
159552,False
159553,False
159554,False
159555,True
159556,False
159557,False
159558,False
159559,True
159560,True
159561,False
159562,True
159563,True
159564,False
159565,False
159566,False
159567,False
159568,True
159569,True
159570,False
159571,True
159572,False
159573,False
159574,False
159575,False
159576,True
159577,True
159578,True
159579,False
159580,True
159581,True
159582,False
159583,False
159584,False
159585,True
159586,True
159587,False
159588,False
159589,False
159590,False
159591,True
159592,False
159593,False
159594,False
159595,True
159596,True
159597,False
159598,False
159599,True
159600,False
159601,False
159602,True
159603,False
159604,True
159605,False
159606,True
159607,False
159608,False
159609,True
159610,False
159611,False
159612,False
159613,False
159614,False
159615,False
159616,True
159617,False
159618,False
159619,False
159620,True
159621,False
159622,False
159623,False
159624,True
159625,False
159626,False
159627,False
159628,True
159629,True
159630,False
159631,False
159632,True
159633,True
159634,True
159635,False
159636,False
159637,False
159638,True
159639,False
159640,True
159641,False
159642,True
159643,True
159644,False
159645,False
159646,False
159647,False
159648,False
159649,True
159650,False
159651,True
159652,False
159653,False
159654,False
159655,False
159656,True
159657,True
159658,False
159659,False
159660,False
159661,True
159662,False
159663,True
159664,True
159665,True
159666,False
159667,False
159668,False
159669,False
159670,True
159671,False
159672,False
159673,False
159674,False
159675,False
159676,True
159677,True
159678,False
159679,False
159680,False
159681,False
159682,False
159683,False
159684,True
159685,True
159686,False
159687,False
159688,False
159689,False
159690,False
159691,False
159692,True
159693,False
159694,True
159695,False
159696,False
159697,False
159698,False
159699,False
159700,False
159701,False
159702,True
159703,True
159704,True
159705,True
159706,True
159707,True
159708,False
159709,False
159710,False
159711,False
159712,True
159713,True
159714,False
159715,False
159716,False
159717,False
159718,False
159719,False
159720,False
159721,False
159722,True
159723,False
159724,False
159725,True
159726,True
159727,False
159728,False
159729,False
159730,True
159731,True
159732,False
159733,False
159734,False
159735,True
159736,False
159737,False
159738,True
159739,False
159740,False
159741,True
159742,False
159743,True
159744,False
159745,False
159746,False
159747,False
159748,False
159749,True
159750,False
159751,False
159752,False
159753,False
159754,True
159755,False
159756,True
159757,True
159758,False
159759,True
159760,False
159761,True
159762,True
159763,False
159764,False
159765,False
159766,False
159767,True
159768,False
159769,False
159770,False
159771,True
159772,False
159773,False
159774,False
159775,False
159776,False
159777,False
159778,False
159779,False
159780,True
159781,False
159782,False
159783,False
159784,True
159785,False
159786,False
159787,False
159788,False
159789,False
159790,False
159791,True
159792,False
159793,True
159794,True
159795,False
159796,True
159797,True
159798,False
159799,True
159800,False
159801,False
159802,False
159803,False
159804,True
159805,False
159806,True
159807,True
159808,False
159809,False
159810,False
159811,False
159812,False
159813,True
159814,False
159815,False
159816,True
159817,False
159818,False
159819,False
159820,False
159821,True
159822,True
159823,True
159824,False
159825,True
159826,False
159827,True
159828,True
159829,True
159830,False
159831,False
159832,False
159833,False
159834,False
159835,False
159836,True
159837,False
159838,True
159839,False
159840,False
159841,False
159842,True
159843,False
159844,False
159845,False
159846,True
159847,False
159848,True
159849,False
159850,False
159851,True
159852,False
159853,True
159854,True
159855,False
159856,False
159857,True
159858,False
159859,True
159860,False
159861,False
159862,True
159863,False
159864,True
159865,False
159866,True
159867,False
159868,False
159869,True
159870,False
159871,False
159872,False
159873,True
159874,False
159875,True
159876,True
159877,False
159878,False
159879,True
159880,True
159881,True
159882,False
159883,True
159884,True
159885,True
159886,False
159887,True
159888,True
159889,True
159890,False
159891,True
159892,False
159893,True
159894,False
159895,True
159896,True
159897,True
159898,False
159899,False
159900,False
159901,True
159902,True
159903,True
159904,False
159905,True
159906,False
159907,True
159908,True
159909,True
159910,False
159911,True
159912,False
159913,True
159914,False
159915,False
159916,True
159917,False
159918,False
159919,False
159920,True
159921,True
159922,False
159923,False
159924,False
159925,False
159926,False
159927,True
159928,False
159929,True
159930,False
159931,False
159932,False
159933,False
159934,False
159935,False
159936,False
159937,False
159938,False
159939,False
159940,True
159941,True
159942,True
159943,True
159944,False
159945,True
159946,True
159947,True
159948,False
159949,True
159950,False
159951,False
159952,False
159953,True
159954,False
159955,False
159956,False
159957,True
159958,False
159959,False
159960,False
159961,False
159962,False
159963,False
159964,True
159965,False
159966,False
159967,False
159968,False
159969,False
159970,True
159971,False
159972,False
159973,True
159974,False
159975,True
159976,True
159977,True
159978,False
159979,False
159980,False
159981,False
159982,True
159983,False
159984,False
159985,False
159986,False
159987,False
159988,True
159989,False
159990,True
159991,True
159992,False
159993,True
159994,False
159995,False
159996,True
159997,True
159998,False
159999,False
160000,True
160001,False
160002,False
160003,True
160004,False
160005,True
160006,False
160007,True
160008,False
160009,False
160010,False
160011,True
160012,True
160013,False
160014,True
160015,False
160016,False
160017,False
160018,False
160019,False
160020,False
160021,False
160022,False
160023,False
160024,False
160025,False
160026,True
160027,False
160028,False
160029,False
160030,False
160031,False
160032,False
160033,False
160034,False
160035,True
160036,False
160037,False
160038,True
160039,False
160040,False
160041,False
160042,False
160043,True
160044,False
160045,True
160046,False
160047,False
160048,False
160049,False
160050,False
160051,False
160052,False
160053,False
160054,False
160055,True
160056,False
160057,False
160058,True
160059,False
160060,False
160061,False
160062,False
160063,False
160064,False
160065,False
160066,False
160067,False
160068,True
160069,True
160070,False
160071,False
160072,True
160073,True
160074,True
160075,False
160076,False
160077,False
160078,False
160079,True
160080,False
160081,False
160082,True
160083,False
160084,False
160085,False
160086,False
160087,True
160088,True
160089,True
160090,False
160091,False
160092,True
160093,False
160094,True
160095,True
160096,True
160097,False
160098,False
160099,True
160100,False
160101,False
160102,False
160103,True
160104,False
160105,False
160106,False
160107,False
160108,False
160109,False
160110,False
160111,True
160112,True
160113,False
160114,False
160115,False
160116,True
160117,True
160118,False
160119,False
160120,False
160121,True
160122,True
160123,False
160124,False
160125,True
160126,False
160127,True
160128,False
160129,True
160130,False
160131,False
160132,False
160133,True
160134,True
160135,True
160136,False
160137,True
160138,True
160139,False
160140,False
160141,False
160142,True
160143,False
160144,False
160145,True
160146,True
160147,False
160148,False
160149,False
160150,False
160151,True
160152,False
160153,False
160154,False
160155,True
160156,False
160157,False
160158,False
160159,False
160160,False
160161,False
160162,False
160163,False
160164,False
160165,False
160166,False
160167,False
160168,False
160169,False
160170,False
160171,False
160172,False
160173,False
160174,False
160175,True
160176,False
160177,False
160178,False
160179,False
160180,False
160181,False
160182,False
160183,False
160184,False
160185,False
160186,False
160187,True
160188,False
160189,False
160190,False
160191,True
160192,False
160193,False
160194,False
160195,True
160196,True
160197,False
160198,False
160199,True
160200,False
160201,True
160202,True
160203,False
160204,False
160205,False
160206,False
160207,True
160208,False
160209,False
160210,True
160211,False
160212,False
160213,True
160214,True
160215,True
160216,False
160217,False
160218,False
160219,True
160220,False
160221,True
160222,False
160223,False
160224,False
160225,False
160226,True
160227,False
160228,True
160229,True
160230,False
160231,True
160232,False
160233,True
160234,False
160235,False
160236,True
160237,True
160238,True
160239,False
160240,False
160241,True
160242,False
160243,True
160244,True
160245,True
160246,False
160247,False
160248,False
160249,True
160250,True
160251,False
160252,False
160253,True
160254,True
160255,False
160256,False
160257,False
160258,False
160259,False
160260,False
160261,False
160262,True
160263,False
160264,True
160265,False
160266,True
160267,False
160268,False
160269,True
160270,False
160271,False
160272,False
160273,False
160274,False
160275,False
160276,False
160277,True
160278,False
160279,True
160280,True
160281,False
160282,False
160283,False
160284,True
160285,False
160286,True
160287,False
160288,False
160289,False
160290,True
160291,False
160292,False
160293,True
160294,True
160295,False
160296,False
160297,True
160298,True
160299,True
160300,False
160301,True
160302,False
160303,False
160304,True
160305,True
160306,True
160307,False
160308,False
160309,False
160310,False
160311,False
160312,True
160313,False
160314,False
160315,False
160316,False
160317,False
160318,False
160319,True
160320,True
160321,False
160322,False
160323,True
160324,False
160325,True
160326,False
160327,False
160328,False
160329,False
160330,False
160331,True
160332,False
160333,False
160334,True
160335,False
160336,True
160337,True
160338,False
160339,True
160340,True
160341,True
160342,False
160343,False
160344,False
160345,False
160346,False
160347,False
160348,False
160349,False
160350,False
160351,True
160352,False
160353,False
160354,False
160355,True
160356,False
160357,False
160358,False
160359,True
160360,False
160361,False
160362,False
160363,False
160364,True
160365,True
160366,False
160367,False
160368,True
160369,False
160370,False
160371,False
160372,True
160373,False
160374,False
160375,False
160376,True
160377,False
160378,True
160379,False
160380,True
160381,False
160382,True
160383,True
160384,True
160385,True
160386,False
160387,True
160388,False
160389,False
160390,False
160391,False
160392,True
160393,False
160394,False
160395,False
160396,True
160397,False
160398,False
160399,False
160400,False
160401,False
160402,False
160403,False
160404,True
160405,False
160406,False
160407,True
160408,False
160409,False
160410,False
160411,True
160412,False
160413,True
160414,False
160415,False
160416,False
160417,False
160418,True
160419,False
160420,False
160421,False
160422,True
160423,True
160424,False
160425,True
160426,True
160427,True
160428,True
160429,False
160430,False
160431,False
160432,False
160433,True
160434,False
160435,False
160436,False
160437,True
160438,True
160439,True
160440,False
160441,False
160442,True
160443,True
160444,False
160445,False
160446,True
160447,False
160448,False
160449,False
160450,True
160451,False
160452,False
160453,True
160454,True
160455,False
160456,False
160457,True
160458,True
160459,False
160460,False
160461,False
160462,True
160463,True
160464,False
160465,False
160466,True
160467,True
160468,False
160469,False
160470,True
160471,False
160472,False
160473,False
160474,False
160475,False
160476,True
160477,True
160478,False
160479,False
160480,True
160481,False
160482,False
160483,False
160484,True
160485,False
160486,True
160487,False
160488,False
160489,False
160490,True
160491,False
160492,True
160493,True
160494,False
160495,False
160496,True
160497,True
160498,False
160499,False
160500,False
160501,True
160502,False
160503,True
160504,False
160505,True
160506,True
160507,False
160508,False
160509,True
160510,True
160511,True
160512,False
160513,True
160514,False
160515,False
160516,False
160517,True
160518,False
160519,False
160520,True
160521,False
160522,False
160523,False
160524,True
160525,True
160526,False
160527,False
160528,False
160529,False
160530,False
160531,True
160532,False
160533,False
160534,True
160535,True
160536,True
160537,True
160538,True
160539,False
160540,False
160541,False
160542,True
160543,False
160544,False
160545,False
160546,True
160547,False
160548,False
160549,True
160550,False
160551,False
160552,False
160553,False
160554,False
160555,True
160556,False
160557,True
160558,False
160559,False
160560,False
160561,False
160562,True
160563,False
160564,False
160565,True
160566,True
160567,False
160568,False
160569,False
160570,False
160571,True
160572,True
160573,False
160574,False
160575,False
160576,False
160577,False
160578,True
160579,False
160580,True
160581,False
160582,False
160583,False
160584,False
160585,False
160586,False
160587,False
160588,False
160589,False
160590,True
160591,False
160592,False
160593,False
160594,False
160595,False
160596,False
160597,True
160598,True
160599,False
160600,False
160601,False
160602,False
160603,False
160604,True
160605,False
160606,False
160607,False
160608,False
160609,True
160610,True
160611,False
160612,True
160613,True
160614,False
160615,False
160616,False
160617,True
160618,False
160619,False
160620,False
160621,True
160622,False
160623,False
160624,False
160625,False
160626,False
160627,True
160628,True
160629,True
160630,False
160631,True
160632,True
160633,False
160634,False
160635,True
160636,False
160637,False
160638,False
160639,False
160640,True
160641,False
160642,False
160643,False
160644,False
160645,False
160646,False
160647,True
160648,False
160649,False
160650,False
160651,False
160652,False
160653,False
160654,False
160655,False
160656,False
160657,False
160658,False
160659,True
160660,True
160661,False
160662,False
160663,False
160664,True
160665,True
160666,True
160667,False
160668,False
160669,True
160670,False
160671,True
160672,False
160673,False
160674,False
160675,True
160676,True
160677,False
160678,False
160679,True
160680,True
160681,False
160682,False
160683,True
160684,False
160685,True
160686,True
160687,True
160688,False
160689,False
160690,False
160691,False
160692,False
160693,False
160694,True
160695,False
160696,False
160697,True
160698,True
160699,True
160700,False
160701,True
160702,False
160703,True
160704,False
160705,False
160706,False
160707,True
160708,False
160709,False
160710,False
160711,False
160712,False
160713,False
160714,True
160715,False
160716,True
160717,True
160718,True
160719,False
160720,True
160721,True
160722,False
160723,False
160724,False
160725,False
160726,False
160727,False
160728,False
160729,False
160730,True
160731,True
160732,False
160733,False
160734,False
160735,False
160736,True
160737,False
160738,False
160739,True
160740,False
160741,False
160742,True
160743,False
160744,False
160745,False
160746,False
160747,False
160748,False
160749,True
160750,True
160751,True
160752,False
160753,True
160754,False
160755,True
160756,False
160757,False
160758,True
160759,False
160760,False
160761,True
160762,False
160763,False
160764,False
160765,True
160766,True
160767,False
160768,False
160769,False
160770,True
160771,True
160772,False
160773,False
160774,True
160775,True
160776,False
160777,False
160778,False
160779,False
160780,False
160781,False
160782,True
160783,False
160784,False
160785,True
160786,False
160787,True
160788,True
160789,False
160790,True
160791,False
160792,True
160793,False
160794,False
160795,True
160796,False
160797,False
160798,True
160799,False
160800,False
160801,True
160802,True
160803,False
160804,False
160805,False
160806,False
160807,False
160808,False
160809,False
160810,False
160811,True
160812,False
160813,False
160814,True
160815,True
160816,False
160817,False
160818,False
160819,False
160820,True
160821,True
160822,False
160823,True
160824,False
160825,False
160826,False
160827,False
160828,False
160829,False
160830,True
160831,True
160832,False
160833,True
160834,True
160835,True
160836,False
160837,False
160838,False
160839,False
160840,True
160841,False
160842,True
160843,False
160844,False
160845,True
160846,False
160847,False
160848,False
160849,True
160850,False
160851,False
160852,False
160853,True
160854,False
160855,True
160856,False
160857,False
160858,False
160859,False
160860,False
160861,True
160862,False
160863,False
160864,False
160865,False
160866,False
160867,False
160868,True
160869,True
160870,False
160871,True
160872,True
160873,True
160874,False
160875,False
160876,False
160877,True
160878,False
160879,False
160880,False
160881,False
160882,False
160883,False
160884,True
160885,False
160886,False
160887,True
160888,False
160889,True
160890,True
160891,False
160892,False
160893,False
160894,False
160895,True
160896,True
160897,False
160898,False
160899,True
160900,True
160901,False
160902,True
160903,False
160904,False
160905,True
160906,False
160907,False
160908,False
160909,True
160910,False
160911,False
160912,False
160913,True
160914,False
160915,True
160916,False
160917,False
160918,True
160919,True
160920,False
160921,False
160922,True
160923,True
160924,True
160925,False
160926,True
160927,True
160928,False
160929,False
160930,False
160931,False
160932,False
160933,True
160934,True
160935,False
160936,False
160937,True
160938,True
160939,False
160940,True
160941,False
160942,False
160943,False
160944,False
160945,True
160946,False
160947,True
160948,True
160949,True
160950,True
160951,True
160952,False
160953,False
160954,True
160955,True
160956,True
160957,False
160958,False
160959,True
160960,True
160961,False
160962,False
160963,False
160964,True
160965,True
160966,True
160967,True
160968,True
160969,False
160970,False
160971,False
160972,True
160973,False
160974,True
160975,False
160976,True
160977,False
160978,True
160979,False
160980,True
160981,False
160982,True
160983,False
160984,False
160985,True
160986,True
160987,False
160988,True
160989,False
160990,False
160991,True
160992,False
160993,False
160994,True
160995,False
160996,True
160997,True
160998,False
160999,False
161000,False
161001,True
161002,False
161003,False
161004,False
161005,False
161006,False
161007,False
161008,False
161009,False
161010,False
161011,False
161012,False
161013,False
161014,True
161015,False
161016,True
161017,False
161018,True
161019,False
161020,True
161021,False
161022,False
161023,False
161024,False
161025,False
161026,False
161027,True
161028,False
161029,True
161030,True
161031,False
161032,False
161033,False
161034,True
161035,False
161036,False
161037,False
161038,True
161039,False
161040,True
161041,True
161042,False
161043,True
161044,False
161045,False
161046,True
161047,False
161048,False
161049,True
161050,True
161051,False
161052,True
161053,True
161054,True
161055,False
161056,False
161057,False
161058,True
161059,False
161060,True
161061,False
161062,True
161063,False
161064,True
161065,True
161066,True
161067,True
161068,False
161069,False
161070,True
161071,False
161072,False
161073,False
161074,False
161075,False
161076,False
161077,True
161078,False
161079,False
161080,True
161081,False
161082,True
161083,True
161084,True
161085,False
161086,False
161087,False
161088,False
161089,True
161090,True
161091,False
161092,False
161093,False
161094,True
161095,True
161096,False
161097,True
161098,False
161099,True
161100,False
161101,True
161102,False
161103,True
161104,False
161105,True
161106,False
161107,True
161108,True
161109,False
161110,False
161111,True
161112,False
161113,False
161114,False
161115,False
161116,False
161117,False
161118,False
161119,False
161120,False
161121,True
161122,False
161123,False
161124,False
161125,False
161126,False
161127,True
161128,False
161129,False
161130,False
161131,True
161132,False
161133,True
161134,False
161135,True
161136,True
161137,True
161138,False
161139,False
161140,False
161141,True
161142,False
161143,True
161144,False
161145,False
161146,True
161147,False
161148,True
161149,True
161150,False
161151,False
161152,False
161153,False
161154,False
161155,True
161156,False
161157,True
161158,True
161159,True
161160,False
161161,False
161162,False
161163,False
161164,True
161165,False
161166,False
161167,True
161168,False
161169,False
161170,False
161171,False
161172,False
161173,False
161174,False
161175,False
161176,False
161177,False
161178,True
161179,True
161180,False
161181,False
161182,False
161183,False
161184,True
161185,False
161186,True
161187,False
161188,False
161189,True
161190,False
161191,True
161192,False
161193,True
161194,True
161195,True
161196,False
161197,False
161198,False
161199,True
161200,True
161201,False
161202,False
161203,False
161204,False
161205,True
161206,False
161207,True
161208,True
161209,False
161210,False
161211,False
161212,True
161213,False
161214,True
161215,True
161216,True
161217,False
161218,False
161219,False
161220,False
161221,True
161222,False
161223,False
161224,False
161225,False
161226,False
161227,False
161228,False
161229,False
161230,False
161231,False
161232,False
161233,True
161234,False
161235,False
161236,True
161237,True
161238,True
161239,True
161240,False
161241,False
161242,False
161243,True
161244,False
161245,True
161246,False
161247,False
161248,False
161249,False
161250,False
161251,True
161252,False
161253,False
161254,True
161255,True
161256,True
161257,False
161258,False
161259,False
161260,True
161261,True
161262,False
161263,False
161264,True
161265,True
161266,True
161267,False
161268,False
161269,False
161270,False
161271,True
161272,True
161273,True
161274,False
161275,False
161276,False
161277,True
161278,False
161279,False
161280,True
161281,False
161282,False
161283,False
161284,False
161285,False
161286,False
161287,False
161288,True
161289,True
161290,False
161291,False
161292,True
161293,False
161294,False
161295,True
161296,True
161297,False
161298,True
161299,False
161300,True
161301,False
161302,True
161303,False
161304,False
161305,True
161306,False
161307,True
161308,False
161309,True
161310,False
161311,True
161312,True
161313,True
161314,False
161315,False
161316,True
161317,False
161318,False
161319,True
161320,False
161321,True
161322,False
161323,False
161324,False
161325,False
161326,False
161327,False
161328,False
161329,False
161330,False
161331,False
161332,True
161333,False
161334,False
161335,False
161336,False
161337,True
161338,True
161339,True
161340,True
161341,True
161342,True
161343,False
161344,False
161345,False
161346,True
161347,False
161348,False
161349,False
161350,False
161351,False
161352,False
161353,False
161354,False
161355,False
161356,True
161357,False
161358,False
161359,False
161360,False
161361,False
161362,False
161363,False
161364,True
161365,False
161366,False
161367,False
161368,False
161369,False
161370,False
161371,False
161372,False
161373,False
161374,True
161375,False
161376,False
161377,False
161378,False
161379,False
161380,False
161381,False
161382,False
161383,False
161384,False
161385,False
161386,True
161387,False
161388,False
161389,False
161390,True
161391,False
161392,True
161393,True
161394,False
161395,False
161396,True
161397,False
161398,False
161399,True
161400,True
161401,True
161402,False
161403,False
161404,False
161405,True
161406,False
161407,False
161408,False
161409,False
161410,False
161411,True
161412,False
161413,False
161414,True
161415,False
161416,True
161417,True
161418,True
161419,False
161420,True
161421,False
161422,False
161423,False
161424,True
161425,False
161426,True
161427,True
161428,True
161429,False
161430,False
161431,False
161432,False
161433,False
161434,False
161435,False
161436,True
161437,False
161438,True
161439,False
161440,False
161441,False
161442,True
161443,False
161444,False
161445,False
161446,True
161447,True
161448,False
161449,False
161450,False
161451,False
161452,False
161453,False
161454,False
161455,False
161456,False
161457,False
161458,False
161459,True
161460,False
161461,True
161462,True
161463,True
161464,False
161465,True
161466,False
161467,False
161468,False
161469,True
161470,True
161471,False
161472,False
161473,False
161474,True
161475,True
161476,False
161477,False
161478,False
161479,False
161480,False
161481,False
161482,True
161483,False
161484,False
161485,False
161486,True
161487,False
161488,False
161489,True
161490,False
161491,False
161492,True
161493,False
161494,False
161495,True
161496,True
161497,True
161498,True
161499,True
161500,True
161501,True
161502,True
161503,False
161504,False
161505,False
161506,False
161507,False
161508,False
161509,False
161510,True
161511,True
161512,True
161513,False
161514,True
161515,False
161516,False
161517,True
161518,True
161519,True
161520,True
161521,True
161522,False
161523,False
161524,True
161525,False
161526,True
161527,False
161528,False
161529,False
161530,False
161531,False
161532,False
161533,False
161534,False
161535,True
161536,True
161537,False
161538,True
161539,False
161540,True
161541,False
161542,True
161543,False
161544,False
161545,False
161546,True
161547,False
161548,False
161549,True
161550,True
161551,False
161552,True
161553,False
161554,False
161555,False
161556,True
161557,True
161558,True
161559,False
161560,False
161561,False
161562,False
161563,False
161564,False
161565,False
161566,False
161567,True
161568,False
161569,True
161570,False
161571,True
161572,False
161573,False
161574,False
161575,True
161576,False
161577,False
161578,False
161579,True
161580,False
161581,False
161582,False
161583,False
161584,True
161585,True
161586,True
161587,True
161588,False
161589,False
161590,False
161591,False
161592,True
161593,False
161594,False
161595,False
161596,False
161597,False
161598,False
161599,False
161600,False
161601,True
161602,True
161603,False
161604,False
161605,False
161606,False
161607,False
161608,True
161609,True
161610,True
161611,False
161612,True
161613,False
161614,True
161615,False
161616,False
161617,True
161618,False
161619,True
161620,True
161621,False
161622,False
161623,False
161624,True
161625,True
161626,True
161627,False
161628,False
161629,True
161630,False
161631,False
161632,True
161633,False
161634,False
161635,False
161636,True
161637,True
161638,True
161639,False
161640,False
161641,False
161642,False
161643,False
161644,True
161645,False
161646,True
161647,False
161648,True
161649,True
161650,False
161651,True
161652,False
161653,True
161654,False
161655,False
161656,False
161657,False
161658,False
161659,False
161660,True
161661,False
161662,False
161663,False
161664,False
161665,False
161666,True
161667,False
161668,True
161669,False
161670,False
161671,True
161672,True
161673,False
161674,False
161675,False
161676,False
161677,False
161678,True
161679,False
161680,False
161681,False
161682,False
161683,True
161684,False
161685,False
161686,True
161687,True
161688,False
161689,False
161690,False
161691,False
161692,False
161693,True
161694,False
161695,True
161696,False
161697,False
161698,False
161699,False
161700,True
161701,True
161702,False
161703,True
161704,True
161705,False
161706,True
161707,False
161708,False
161709,False
161710,False
161711,False
161712,True
161713,False
161714,False
161715,True
161716,False
161717,False
161718,False
161719,True
161720,False
161721,False
161722,False
161723,True
161724,False
161725,False
161726,True
161727,False
161728,True
161729,False
161730,False
161731,True
161732,False
161733,False
161734,False
161735,True
161736,True
161737,False
161738,False
161739,False
161740,False
161741,True
161742,False
161743,True
161744,False
161745,False
161746,False
161747,False
161748,False
161749,False
161750,True
161751,True
161752,True
161753,True
161754,False
161755,False
161756,False
161757,True
161758,True
161759,True
161760,True
161761,False
161762,False
161763,True
161764,False
161765,False
161766,False
161767,True
161768,False
161769,False
161770,True
161771,False
161772,True
161773,False
161774,False
161775,True
161776,True
161777,False
161778,False
161779,False
161780,True
161781,True
161782,False
161783,True
161784,False
161785,False
161786,True
161787,False
161788,True
161789,False
161790,False
161791,False
161792,False
161793,False
161794,False
161795,True
161796,False
161797,False
161798,True
161799,False
161800,True
161801,False
161802,False
161803,True
161804,True
161805,False
161806,False
161807,False
161808,True
161809,True
161810,False
161811,True
161812,True
161813,True
161814,True
161815,True
161816,False
161817,False
161818,True
161819,False
161820,False
161821,False
161822,False
161823,False
161824,False
161825,False
161826,True
161827,False
161828,True
161829,False
161830,True
161831,False
161832,False
161833,False
161834,False
161835,False
161836,False
161837,False
161838,False
161839,True
161840,True
161841,False
161842,True
161843,False
161844,False
161845,True
161846,False
161847,True
161848,False
161849,False
161850,False
161851,False
161852,False
161853,True
161854,False
161855,False
161856,False
161857,True
161858,False
161859,False
161860,True
161861,True
161862,False
161863,True
161864,False
161865,False
161866,False
161867,True
161868,False
161869,False
161870,True
161871,False
161872,True
161873,False
161874,True
161875,False
161876,True
161877,False
161878,False
161879,False
161880,False
161881,False
161882,False
161883,False
161884,True
161885,True
161886,False
161887,True
161888,False
161889,False
161890,False
161891,False
161892,False
161893,True
161894,False
161895,False
161896,False
161897,False
161898,False
161899,False
161900,True
161901,True
161902,False
161903,True
161904,False
161905,False
161906,False
161907,True
161908,True
161909,True
161910,True
161911,False
161912,False
161913,True
161914,True
161915,True
161916,True
161917,False
161918,False
161919,True
161920,True
161921,False
161922,False
161923,False
161924,False
161925,True
161926,True
161927,False
161928,False
161929,False
161930,True
161931,False
161932,True
161933,False
161934,False
161935,False
161936,True
161937,True
161938,False
161939,False
161940,False
161941,False
161942,False
161943,False
161944,True
161945,True
161946,True
161947,True
161948,True
161949,True
161950,False
161951,False
161952,False
161953,False
161954,False
161955,True
161956,True
161957,False
161958,False
161959,True
161960,False
161961,True
161962,False
161963,True
161964,False
161965,False
161966,False
161967,True
161968,False
161969,True
161970,False
161971,True
161972,False
161973,False
161974,False
161975,False
161976,False
161977,False
161978,False
161979,True
161980,True
161981,False
161982,False
161983,True
161984,True
161985,False
161986,False
161987,False
161988,True
161989,True
161990,False
161991,False
161992,True
161993,False
161994,False
161995,False
161996,False
161997,False
161998,False
161999,False
162000,True
162001,True
162002,False
162003,False
162004,True
162005,False
162006,True
162007,True
162008,True
162009,True
162010,True
162011,False
162012,True
162013,False
162014,True
162015,True
162016,True
162017,True
162018,False
162019,False
162020,False
162021,True
162022,False
162023,True
162024,True
162025,False
162026,False
162027,False
162028,True
162029,False
162030,False
162031,False
162032,False
162033,True
162034,True
162035,False
162036,False
162037,False
162038,False
162039,True
162040,False
162041,False
162042,True
162043,True
162044,False
162045,False
162046,False
162047,True
162048,True
162049,False
162050,False
162051,True
162052,False
162053,True
162054,False
162055,False
162056,True
162057,False
162058,False
162059,True
162060,True
162061,True
162062,True
162063,True
162064,True
162065,False
162066,False
162067,False
162068,True
162069,True
162070,False
162071,False
162072,True
162073,False
162074,True
162075,False
162076,True
162077,True
162078,False
162079,False
162080,True
162081,False
162082,False
162083,False
162084,True
162085,False
162086,True
162087,False
162088,True
162089,False
162090,False
162091,False
162092,False
162093,True
162094,False
162095,True
162096,True
162097,True
162098,True
162099,False
162100,True
162101,False
162102,False
162103,True
162104,False
162105,False
162106,False
162107,False
162108,False
162109,False
162110,False
162111,True
162112,False
162113,False
162114,False
162115,False
162116,False
162117,False
162118,True
162119,False
162120,False
162121,True
162122,True
162123,True
162124,False
162125,False
162126,False
162127,True
162128,True
162129,True
162130,False
162131,False
162132,False
162133,True
162134,True
162135,False
162136,False
162137,False
162138,True
162139,False
162140,False
162141,True
162142,False
162143,True
162144,True
162145,True
162146,False
162147,False
162148,True
162149,True
162150,False
162151,False
162152,False
162153,True
162154,False
162155,True
162156,False
162157,False
162158,False
162159,False
162160,True
162161,True
162162,True
162163,True
162164,False
162165,False
162166,False
162167,True
162168,True
162169,False
162170,False
162171,True
162172,True
162173,False
162174,True
162175,True
162176,False
162177,True
162178,False
162179,False
162180,True
162181,False
162182,False
162183,False
162184,False
162185,False
162186,True
162187,False
162188,False
162189,False
162190,False
162191,False
162192,False
162193,True
162194,False
162195,False
162196,False
162197,False
162198,False
162199,True
162200,True
162201,True
162202,False
162203,False
162204,False
162205,False
162206,False
162207,True
162208,True
162209,False
162210,False
162211,True
162212,False
162213,False
162214,False
162215,False
162216,True
162217,False
162218,True
162219,False
162220,False
162221,False
162222,True
162223,False
162224,True
162225,True
162226,False
162227,False
162228,False
162229,True
162230,False
162231,False
162232,False
162233,True
162234,False
162235,False
162236,True
162237,False
162238,True
162239,False
162240,False
162241,True
162242,False
162243,False
162244,True
162245,False
162246,True
162247,False
162248,True
162249,False
162250,False
162251,False
162252,True
162253,False
162254,False
162255,False
162256,False
162257,False
162258,False
162259,True
162260,False
162261,True
162262,False
162263,True
162264,False
162265,True
162266,False
162267,False
162268,True
162269,True
162270,True
162271,True
162272,True
162273,False
162274,False
162275,False
162276,True
162277,False
162278,False
162279,False
162280,True
162281,False
162282,False
162283,False
162284,False
162285,True
162286,True
162287,False
162288,True
162289,False
162290,False
162291,False
162292,False
162293,True
162294,False
162295,True
162296,True
162297,False
162298,False
162299,False
162300,False
162301,True
162302,False
162303,False
162304,False
162305,False
162306,False
162307,True
162308,False
162309,False
162310,True
162311,False
162312,False
162313,False
162314,False
162315,False
162316,True
162317,False
162318,False
162319,False
162320,False
162321,True
162322,False
162323,False
162324,False
162325,True
162326,True
162327,True
162328,True
162329,False
162330,False
162331,False
162332,False
162333,False
162334,False
162335,False
162336,True
162337,False
162338,False
162339,True
162340,False
162341,False
162342,False
162343,False
162344,True
162345,False
162346,False
162347,True
162348,False
162349,False
162350,False
162351,False
162352,True
162353,False
162354,False
162355,False
162356,False
162357,True
162358,False
162359,True
162360,False
162361,False
162362,False
162363,False
162364,False
162365,True
162366,False
162367,False
162368,True
162369,False
162370,True
162371,True
162372,False
162373,True
162374,False
162375,False
162376,True
162377,True
162378,True
162379,True
162380,False
162381,True
162382,True
162383,False
162384,False
162385,True
162386,False
162387,False
162388,True
162389,False
162390,False
162391,False
162392,True
162393,True
162394,False
162395,True
162396,True
162397,False
162398,True
162399,True
162400,False
162401,False
162402,False
162403,False
162404,False
162405,True
162406,True
162407,True
162408,False
162409,True
162410,False
162411,True
162412,True
162413,False
162414,False
162415,False
162416,False
162417,True
162418,False
162419,True
162420,True
162421,False
162422,False
162423,False
162424,True
162425,False
162426,False
162427,False
162428,False
162429,False
162430,True
162431,True
162432,True
162433,False
162434,False
162435,True
162436,True
162437,False
162438,True
162439,True
162440,True
162441,True
162442,False
162443,False
162444,False
162445,False
162446,False
162447,False
162448,False
162449,False
162450,False
162451,False
162452,False
162453,True
162454,False
162455,False
162456,False
162457,False
162458,True
162459,False
162460,False
162461,True
162462,True
162463,False
162464,False
162465,False
162466,False
162467,False
162468,True
162469,False
162470,False
162471,True
162472,False
162473,False
162474,True
162475,True
162476,False
162477,False
162478,False
162479,False
162480,True
162481,False
162482,True
162483,True
162484,False
162485,False
162486,False
162487,False
162488,False
162489,False
162490,False
162491,False
162492,True
162493,False
162494,True
162495,False
162496,True
162497,True
162498,False
162499,True
162500,False
162501,False
162502,True
162503,False
162504,True
162505,False
162506,False
162507,False
162508,False
162509,False
162510,False
162511,True
162512,True
162513,False
162514,False
162515,False
162516,False
162517,False
162518,True
162519,False
162520,False
162521,True
162522,False
162523,False
162524,False
162525,False
162526,False
162527,False
162528,True
162529,False
162530,True
162531,True
162532,True
162533,False
162534,True
162535,True
162536,False
162537,False
162538,False
162539,False
162540,False
162541,False
162542,True
162543,True
162544,False
162545,False
162546,True
162547,True
162548,False
162549,False
162550,True
162551,True
162552,False
162553,False
162554,True
162555,False
162556,True
162557,False
162558,True
162559,True
162560,False
162561,True
162562,False
162563,True
162564,False
162565,True
162566,False
162567,False
162568,True
162569,False
162570,False
162571,False
162572,False
162573,True
162574,True
162575,False
162576,False
162577,False
162578,False
162579,False
162580,False
162581,True
162582,True
162583,False
162584,False
162585,True
162586,True
162587,False
162588,True
162589,True
162590,False
162591,False
162592,False
162593,False
162594,False
162595,False
162596,False
162597,False
162598,False
162599,False
162600,False
162601,True
162602,True
162603,False
162604,False
162605,False
162606,False
162607,False
162608,False
162609,False
162610,False
162611,False
162612,False
162613,False
162614,False
162615,False
162616,False
162617,False
162618,False
162619,False
162620,True
162621,False
162622,False
162623,False
162624,True
162625,True
162626,True
162627,True
162628,False
162629,True
162630,False
162631,True
162632,False
162633,True
162634,True
162635,False
162636,False
162637,False
162638,False
162639,True
162640,True
162641,True
162642,False
162643,False
162644,True
162645,True
162646,True
162647,True
162648,True
162649,True
162650,False
162651,False
162652,True
162653,False
162654,True
162655,False
162656,True
162657,False
162658,False
162659,True
162660,True
162661,False
162662,False
162663,False
162664,False
162665,True
162666,False
162667,False
162668,True
162669,False
162670,True
162671,True
162672,False
162673,False
162674,False
162675,True
162676,False
162677,False
162678,True
162679,True
162680,False
162681,True
162682,True
162683,False
162684,False
162685,False
162686,True
162687,False
162688,False
162689,False
162690,False
162691,False
162692,False
162693,True
162694,False
162695,False
162696,True
162697,False
162698,True
162699,False
162700,True
162701,False
162702,False
162703,False
162704,True
162705,False
162706,True
162707,False
162708,False
162709,True
162710,True
162711,False
162712,True
162713,True
162714,True
162715,False
162716,False
162717,True
162718,False
162719,False
162720,False
162721,False
162722,False
162723,False
162724,True
162725,False
162726,False
162727,False
162728,True
162729,True
162730,False
162731,False
162732,False
162733,False
162734,True
162735,False
162736,False
162737,True
162738,False
162739,False
162740,False
162741,False
162742,False
162743,False
162744,False
162745,False
162746,False
162747,True
162748,False
162749,True
162750,True
162751,False
162752,True
162753,True
162754,False
162755,False
162756,False
162757,False
162758,False
162759,False
162760,False
162761,False
162762,False
162763,False
162764,False
162765,True
162766,False
162767,False
162768,False
162769,False
162770,False
162771,False
162772,False
162773,False
162774,False
162775,True
162776,False
162777,False
162778,False
162779,False
162780,False
162781,False
162782,True
162783,False
162784,False
162785,True
162786,False
162787,True
162788,False
162789,False
162790,False
162791,False
162792,False
162793,False
162794,False
162795,False
162796,False
162797,True
162798,True
162799,False
162800,False
162801,False
162802,False
162803,False
162804,False
162805,False
162806,False
162807,False
162808,False
162809,True
162810,True
162811,False
162812,True
162813,True
162814,False
162815,False
162816,False
162817,False
162818,False
162819,False
162820,True
162821,True
162822,False
162823,False
162824,False
162825,False
162826,False
162827,True
162828,False
162829,False
162830,True
162831,False
162832,False
162833,True
162834,True
162835,False
162836,False
162837,False
162838,True
162839,True
162840,False
162841,False
162842,False
162843,False
162844,False
162845,False
162846,True
162847,True
162848,False
162849,False
162850,True
162851,False
162852,False
162853,False
162854,False
162855,False
162856,False
162857,True
162858,False
162859,False
162860,True
162861,True
162862,False
162863,True
162864,False
162865,True
162866,True
162867,True
162868,True
162869,True
162870,False
162871,False
162872,True
162873,False
162874,False
162875,False
162876,True
162877,False
162878,False
162879,True
162880,False
162881,False
162882,False
162883,True
162884,False
162885,False
162886,True
162887,False
162888,False
162889,False
162890,False
162891,True
162892,False
162893,False
162894,False
162895,False
162896,False
162897,False
162898,False
162899,False
162900,True
162901,True
162902,False
162903,True
162904,True
162905,True
162906,False
162907,True
162908,False
162909,False
162910,True
162911,False
162912,False
162913,True
162914,False
162915,False
162916,True
162917,False
162918,False
162919,False
162920,True
162921,False
162922,False
162923,False
162924,True
162925,False
162926,False
162927,False
162928,False
162929,False
162930,False
162931,True
162932,False
162933,False
162934,True
162935,True
162936,False
162937,False
162938,True
162939,True
162940,False
162941,False
162942,False
162943,False
162944,True
162945,True
162946,False
162947,False
162948,False
162949,True
162950,False
162951,False
162952,False
162953,True
162954,True
162955,False
162956,False
162957,False
162958,False
162959,True
162960,False
162961,True
162962,False
162963,False
162964,True
162965,False
162966,False
162967,True
162968,False
162969,False
162970,False
162971,False
162972,False
162973,True
162974,False
162975,True
162976,False
162977,True
162978,False
162979,False
162980,True
162981,True
162982,True
162983,False
162984,True
162985,False
162986,False
162987,False
162988,True
162989,True
162990,False
162991,False
162992,False
162993,False
162994,True
162995,False
162996,True
162997,False
162998,True
162999,True
163000,False
163001,False
163002,False
163003,False
163004,False
163005,False
163006,False
163007,False
163008,False
163009,False
163010,False
163011,True
163012,False
163013,False
163014,False
163015,False
163016,False
163017,True
163018,False
163019,False
163020,False
163021,True
163022,False
163023,True
163024,False
163025,False
163026,True
163027,False
163028,False
163029,True
163030,True
163031,True
163032,False
163033,False
163034,True
163035,True
163036,False
163037,False
163038,False
163039,False
163040,False
163041,True
163042,False
163043,True
163044,False
163045,False
163046,False
163047,False
163048,False
163049,True
163050,False
163051,False
163052,False
163053,True
163054,False
163055,True
163056,False
163057,False
163058,True
163059,False
163060,False
163061,False
163062,False
163063,False
163064,False
163065,False
163066,True
163067,False
163068,False
163069,False
163070,False
163071,False
163072,False
163073,True
163074,True
163075,True
163076,False
163077,True
163078,True
163079,False
163080,False
163081,True
163082,False
163083,False
163084,True
163085,False
163086,False
163087,False
163088,True
163089,True
163090,False
163091,True
163092,False
163093,True
163094,True
163095,True
163096,True
163097,True
163098,True
163099,False
163100,False
163101,True
163102,False
163103,False
163104,True
163105,False
163106,False
163107,False
163108,False
163109,True
163110,True
163111,True
163112,True
163113,False
163114,False
163115,False
163116,False
163117,False
163118,False
163119,False
163120,False
163121,False
163122,False
163123,False
163124,False
163125,False
163126,False
163127,True
163128,True
163129,False
163130,False
163131,True
163132,True
163133,False
163134,True
163135,False
163136,False
163137,True
163138,True
163139,False
163140,False
163141,False
163142,False
163143,False
163144,False
163145,False
163146,True
163147,False
163148,True
163149,False
163150,False
163151,False
163152,True
163153,True
163154,True
163155,False
163156,True
163157,True
163158,True
163159,True
163160,True
163161,False
163162,False
163163,False
163164,False
163165,False
163166,False
163167,False
163168,False
163169,False
163170,False
163171,True
163172,False
163173,False
163174,False
163175,True
163176,True
163177,False
163178,False
163179,False
163180,True
163181,False
163182,False
163183,True
163184,True
163185,True
163186,True
163187,False
163188,True
163189,True
163190,True
163191,True
163192,False
163193,True
163194,False
163195,True
163196,False
163197,True
163198,False
163199,False
163200,True
163201,False
163202,False
163203,False
163204,False
163205,False
163206,False
163207,False
163208,True
163209,True
163210,False
163211,True
163212,False
163213,True
163214,True
163215,False
163216,True
163217,True
163218,False
163219,True
163220,False
163221,False
163222,False
163223,False
163224,False
163225,False
163226,False
163227,False
163228,False
163229,True
163230,False
163231,False
163232,False
163233,False
163234,False
163235,True
163236,False
163237,False
163238,False
163239,True
163240,False
163241,False
163242,False
163243,True
163244,False
163245,False
163246,True
163247,False
163248,False
163249,False
163250,False
163251,False
163252,True
163253,False
163254,False
163255,False
163256,False
163257,True
163258,False
163259,True
163260,True
163261,True
163262,False
163263,True
163264,True
163265,False
163266,True
163267,False
163268,False
163269,False
163270,False
163271,False
163272,False
163273,True
163274,False
163275,True
163276,False
163277,True
163278,False
163279,False
163280,False
163281,True
163282,True
163283,False
163284,False
163285,False
163286,False
163287,False
163288,True
163289,False
163290,False
163291,True
163292,False
163293,False
163294,False
163295,False
163296,True
163297,False
163298,True
163299,True
163300,False
163301,True
163302,False
163303,False
163304,False
163305,False
163306,True
163307,False
163308,False
163309,False
163310,False
163311,True
163312,True
163313,False
163314,False
163315,True
163316,False
163317,False
163318,True
163319,False
163320,False
163321,False
163322,True
163323,True
163324,True
163325,False
163326,False
163327,False
163328,False
163329,False
163330,False
163331,False
163332,True
163333,False
163334,False
163335,False
163336,False
163337,False
163338,False
163339,True
163340,False
163341,False
163342,False
163343,True
163344,True
163345,True
163346,True
163347,False
163348,False
163349,False
163350,False
163351,False
163352,True
163353,False
163354,False
163355,False
163356,True
163357,False
163358,False
163359,False
163360,False
163361,True
163362,True
163363,True
163364,False
163365,False
163366,True
163367,False
163368,True
163369,False
163370,False
163371,False
163372,False
163373,False
163374,False
163375,True
163376,True
163377,False
163378,True
163379,False
163380,False
163381,False
163382,True
163383,False
163384,False
163385,False
163386,False
163387,True
163388,True
163389,False
163390,True
163391,False
163392,True
163393,True
163394,False
163395,True
163396,True
163397,False
163398,False
163399,False
163400,False
163401,False
163402,False
163403,False
163404,True
163405,True
163406,True
163407,False
163408,False
163409,False
163410,True
163411,False
163412,False
163413,False
163414,True
163415,False
163416,True
163417,False
163418,False
163419,True
163420,False
163421,False
163422,True
163423,False
163424,False
163425,True
163426,False
163427,False
163428,False
163429,False
163430,False
163431,False
163432,False
163433,False
163434,False
163435,True
163436,True
163437,True
163438,False
163439,True
163440,False
163441,False
163442,True
163443,True
163444,False
163445,False
163446,False
163447,False
163448,False
163449,False
163450,False
163451,False
163452,False
163453,False
163454,True
163455,False
163456,False
163457,False
163458,True
163459,True
163460,False
163461,True
163462,False
163463,True
163464,False
163465,True
163466,True
163467,True
163468,True
163469,False
163470,True
163471,False
163472,True
163473,False
163474,False
163475,True
163476,True
163477,True
163478,False
163479,True
163480,False
163481,False
163482,True
163483,True
163484,True
163485,False
163486,False
163487,True
163488,False
163489,False
163490,False
163491,False
163492,False
163493,False
163494,False
163495,False
163496,False
163497,False
163498,True
163499,False
163500,False
163501,True
163502,True
163503,False
163504,False
163505,True
163506,True
163507,False
163508,False
163509,False
163510,False
163511,False
163512,False
163513,False
163514,False
163515,False
163516,False
163517,False
163518,True
163519,True
163520,False
163521,True
163522,True
163523,False
163524,True
163525,False
163526,True
163527,False
163528,False
163529,False
163530,False
163531,False
163532,False
163533,False
163534,False
163535,False
163536,False
163537,False
163538,False
163539,False
163540,False
163541,True
163542,False
163543,False
163544,True
163545,True
163546,False
163547,False
163548,False
163549,False
163550,False
163551,False
163552,False
163553,True
163554,False
163555,False
163556,False
163557,False
163558,False
163559,False
163560,True
163561,False
163562,True
163563,False
163564,True
163565,False
163566,False
163567,False
163568,True
163569,False
163570,False
163571,False
163572,False
163573,False
163574,False
163575,False
163576,False
163577,False
163578,True
163579,False
163580,False
163581,False
163582,True
163583,False
163584,False
163585,False
163586,False
163587,True
163588,False
163589,False
163590,False
163591,False
163592,True
163593,False
163594,False
163595,False
163596,False
163597,False
163598,False
163599,False
163600,False
163601,False
163602,True
163603,False
163604,False
163605,False
163606,False
163607,False
163608,True
163609,True
163610,True
163611,False
163612,True
163613,True
163614,False
163615,True
163616,True
163617,False
163618,False
163619,True
163620,False
163621,False
163622,False
163623,False
163624,False
163625,False
163626,False
163627,False
163628,True
163629,False
163630,True
163631,False
163632,True
163633,True
163634,False
163635,False
163636,False
163637,False
163638,False
163639,False
163640,False
163641,False
163642,False
163643,False
163644,False
163645,False
163646,False
163647,False
163648,True
163649,False
163650,True
163651,False
163652,False
163653,False
163654,True
163655,False
163656,False
163657,False
163658,True
163659,True
163660,True
163661,True
163662,False
163663,False
163664,False
163665,False
163666,False
163667,False
163668,True
163669,False
163670,False
163671,True
163672,False
163673,False
163674,False
163675,True
163676,False
163677,True
163678,False
163679,False
163680,False
163681,False
163682,False
163683,True
163684,False
163685,False
163686,False
163687,False
163688,False
163689,False
163690,False
163691,False
163692,False
163693,False
163694,True
163695,False
163696,True
163697,False
163698,True
163699,False
163700,True
163701,False
163702,False
163703,False
163704,False
163705,False
163706,True
163707,False
163708,False
163709,False
163710,False
163711,True
163712,True
163713,True
163714,False
163715,False
163716,False
163717,True
163718,True
163719,False
163720,False
163721,False
163722,False
163723,False
163724,False
163725,True
163726,True
163727,False
163728,True
163729,False
163730,False
163731,False
163732,False
163733,False
163734,True
163735,False
163736,True
163737,True
163738,False
163739,False
163740,True
163741,True
163742,False
163743,True
163744,False
163745,True
163746,False
163747,True
163748,False
163749,False
163750,False
163751,False
163752,False
163753,False
163754,False
163755,True
163756,True
163757,False
163758,False
163759,False
163760,True
163761,False
163762,False
163763,False
163764,True
163765,False
163766,False
163767,False
163768,False
163769,False
163770,False
163771,True
163772,True
163773,True
163774,False
163775,True
163776,False
163777,False
163778,False
163779,False
163780,False
163781,True
163782,False
163783,False
163784,False
163785,False
163786,False
163787,False
163788,True
163789,True
163790,True
163791,True
163792,True
163793,False
163794,False
163795,False
163796,False
163797,False
163798,False
163799,True
163800,True
163801,False
163802,True
163803,False
163804,True
163805,False
163806,True
163807,False
163808,False
163809,True
163810,True
163811,False
163812,False
163813,True
163814,False
163815,True
163816,False
163817,False
163818,False
163819,False
163820,True
163821,False
163822,False
163823,False
163824,False
163825,False
163826,True
163827,False
163828,False
163829,True
163830,False
163831,False
163832,False
163833,False
163834,False
163835,False
163836,False
163837,False
163838,False
163839,False
163840,False
163841,True
163842,True
163843,True
163844,False
163845,False
163846,False
163847,False
163848,True
163849,True
163850,False
163851,True
163852,True
163853,False
163854,True
163855,True
163856,True
163857,True
163858,False
163859,False
163860,False
163861,True
163862,False
163863,False
163864,False
163865,False
163866,True
163867,False
163868,False
163869,False
163870,True
163871,False
163872,True
163873,False
163874,True
163875,False
163876,False
163877,False
163878,True
163879,False
163880,True
163881,False
163882,False
163883,False
163884,False
163885,False
163886,False
163887,True
163888,True
163889,True
163890,False
163891,False
163892,True
163893,False
163894,False
163895,True
163896,False
163897,True
163898,False
163899,False
163900,False
163901,False
163902,True
163903,True
163904,True
163905,False
163906,True
163907,False
163908,True
163909,False
163910,True
163911,True
163912,False
163913,False
163914,False
163915,False
163916,False
163917,False
163918,False
163919,True
163920,False
163921,False
163922,False
163923,True
163924,False
163925,False
163926,True
163927,False
163928,True
163929,True
163930,False
163931,False
163932,True
163933,False
163934,True
163935,True
163936,False
163937,False
163938,False
163939,False
163940,False
163941,False
163942,False
163943,False
163944,False
163945,True
163946,False
163947,False
163948,True
163949,True
163950,True
163951,True
163952,False
163953,True
163954,False
163955,False
163956,False
163957,True
163958,False
163959,True
163960,True
163961,False
163962,False
163963,False
163964,True
163965,True
163966,False
163967,False
163968,True
163969,True
163970,True
163971,False
163972,False
163973,False
163974,False
163975,False
163976,False
163977,False
163978,False
163979,True
163980,False
163981,False
163982,True
163983,False
163984,True
163985,False
163986,True
163987,False
163988,True
163989,False
163990,False
163991,True
163992,True
163993,False
163994,True
163995,False
163996,False
163997,False
163998,False
163999,False
164000,True
164001,False
164002,True
164003,False
164004,False
164005,False
164006,False
164007,False
164008,False
164009,False
164010,True
164011,False
164012,False
164013,False
164014,False
164015,False
164016,False
164017,False
164018,False
164019,False
164020,True
164021,True
164022,True
164023,False
164024,False
164025,False
164026,False
164027,False
164028,False
164029,False
164030,False
164031,True
164032,True
164033,False
164034,True
164035,True
164036,False
164037,False
164038,False
164039,False
164040,True
164041,True
164042,False
164043,True
164044,True
164045,True
164046,False
164047,False
164048,True
164049,False
164050,True
164051,True
164052,True
164053,True
164054,True
164055,False
164056,True
164057,False
164058,True
164059,False
164060,False
164061,False
164062,False
164063,False
164064,False
164065,False
164066,False
164067,True
164068,False
164069,True
164070,False
164071,False
164072,False
164073,False
164074,False
164075,False
164076,False
164077,True
164078,True
164079,False
164080,False
164081,False
164082,False
164083,True
164084,True
164085,False
164086,False
164087,False
164088,False
164089,True
164090,False
164091,False
164092,False
164093,False
164094,True
164095,False
164096,True
164097,False
164098,False
164099,False
164100,True
164101,True
164102,True
164103,False
164104,False
164105,True
164106,False
164107,False
164108,False
164109,True
164110,False
164111,False
164112,False
164113,False
164114,False
164115,True
164116,False
164117,True
164118,False
164119,False
164120,False
164121,False
164122,False
164123,False
164124,True
164125,False
164126,True
164127,False
164128,False
164129,True
164130,True
164131,False
164132,True
164133,False
164134,True
164135,False
164136,True
164137,True
164138,True
164139,False
164140,True
164141,False
164142,False
164143,False
164144,False
164145,False
164146,False
164147,True
164148,False
164149,False
164150,False
164151,False
164152,False
164153,False
164154,False
164155,False
164156,False
164157,False
164158,False
164159,False
164160,True
164161,False
164162,True
164163,False
164164,True
164165,False
164166,True
164167,True
164168,True
164169,True
164170,False
164171,True
164172,True
164173,False
164174,False
164175,True
164176,False
164177,True
164178,False
164179,False
164180,False
164181,False
164182,True
164183,False
164184,False
164185,False
164186,False
164187,False
164188,False
164189,False
164190,False
164191,False
164192,True
164193,True
164194,False
164195,False
164196,True
164197,True
164198,False
164199,False
164200,False
164201,False
164202,False
164203,True
164204,False
164205,False
164206,True
164207,True
164208,True
164209,False
164210,True
164211,False
164212,False
164213,True
164214,False
164215,True
164216,False
164217,True
164218,True
164219,False
164220,False
164221,True
164222,False
164223,False
164224,False
164225,False
164226,True
164227,True
164228,True
164229,False
164230,False
164231,True
164232,True
164233,False
164234,False
164235,True
164236,False
164237,False
164238,False
164239,False
164240,True
164241,True
164242,False
164243,True
164244,False
164245,False
164246,False
164247,False
164248,False
164249,False
164250,True
164251,False
164252,True
164253,True
164254,True
164255,True
164256,False
164257,False
164258,False
164259,True
164260,True
164261,False
164262,False
164263,True
164264,False
164265,True
164266,False
164267,False
164268,True
164269,False
164270,False
164271,True
164272,False
164273,False
164274,True
164275,False
164276,False
164277,False
164278,True
164279,False
164280,False
164281,True
164282,False
164283,True
164284,False
164285,False
164286,True
164287,False
164288,False
164289,True
164290,False
164291,False
164292,False
164293,False
164294,True
164295,False
164296,False
164297,True
164298,False
164299,True
164300,False
164301,False
164302,False
164303,True
164304,True
164305,False
164306,False
164307,True
164308,True
164309,False
164310,False
164311,False
164312,True
164313,True
164314,False
164315,True
164316,True
164317,True
164318,False
164319,False
164320,False
164321,False
164322,False
164323,False
164324,False
164325,True
164326,False
164327,True
164328,False
164329,True
164330,True
164331,False
164332,True
164333,True
164334,True
164335,True
164336,False
164337,True
164338,False
164339,False
164340,False
164341,True
164342,False
164343,False
164344,True
164345,True
164346,True
164347,False
164348,True
164349,False
164350,False
164351,False
164352,False
164353,False
164354,False
164355,True
164356,False
164357,True
164358,False
164359,False
164360,True
164361,False
164362,True
164363,True
164364,False
164365,False
164366,True
164367,False
164368,True
164369,False
164370,False
164371,False
164372,True
164373,False
164374,True
164375,True
164376,False
164377,True
164378,True
164379,False
164380,False
164381,False
164382,True
164383,True
164384,False
164385,False
164386,True
164387,True
164388,True
164389,False
164390,False
164391,False
164392,False
164393,True
164394,False
164395,False
164396,False
164397,True
164398,False
164399,False
164400,False
164401,True
164402,False
164403,False
164404,False
164405,True
164406,False
164407,False
164408,True
164409,False
164410,True
164411,False
164412,False
164413,False
164414,False
164415,True
164416,True
164417,False
164418,True
164419,False
164420,True
164421,False
164422,False
164423,False
164424,False
164425,False
164426,True
164427,False
164428,False
164429,False
164430,True
164431,True
164432,False
164433,False
164434,False
164435,False
164436,False
164437,True
164438,False
164439,True
164440,True
164441,False
164442,False
164443,False
164444,False
164445,False
164446,False
164447,True
164448,False
164449,False
164450,False
164451,True
164452,True
164453,False
164454,False
164455,True
164456,False
164457,True
164458,False
164459,True
164460,False
164461,False
164462,False
164463,True
164464,False
164465,True
164466,True
164467,False
164468,False
164469,False
164470,True
164471,False
164472,True
164473,False
164474,False
164475,True
164476,False
164477,True
164478,False
164479,False
164480,False
164481,False
164482,False
164483,True
164484,False
164485,False
164486,False
164487,False
164488,False
164489,False
164490,False
164491,True
164492,False
164493,True
164494,True
164495,False
164496,False
164497,False
164498,False
164499,False
164500,True
164501,False
164502,False
164503,False
164504,False
164505,False
164506,True
164507,False
164508,False
164509,False
164510,False
164511,False
164512,False
164513,False
164514,False
164515,True
164516,False
164517,False
164518,False
164519,False
164520,False
164521,False
164522,False
164523,True
164524,True
164525,False
164526,False
164527,False
164528,False
164529,True
164530,False
164531,False
164532,False
164533,False
164534,True
164535,True
164536,False
164537,False
164538,True
164539,False
164540,False
164541,False
164542,True
164543,True
164544,False
164545,True
164546,False
164547,True
164548,False
164549,False
164550,False
164551,True
164552,True
164553,False
164554,True
164555,False
164556,True
164557,False
164558,False
164559,False
164560,False
164561,False
164562,False
164563,False
164564,False
164565,True
164566,True
164567,True
164568,False
164569,False
164570,True
164571,True
164572,False
164573,False
164574,False
164575,False
164576,False
164577,False
164578,False
164579,False
164580,False
164581,False
164582,False
164583,False
164584,True
164585,True
164586,False
164587,True
164588,True
164589,True
164590,False
164591,True
164592,False
164593,True
164594,True
164595,False
164596,False
164597,True
164598,True
164599,True
164600,True
164601,False
164602,True
164603,False
164604,False
164605,False
164606,True
164607,True
164608,False
164609,True
164610,False
164611,False
164612,False
164613,True
164614,False
164615,False
164616,False
164617,True
164618,False
164619,False
164620,True
164621,False
164622,False
164623,False
164624,False
164625,True
164626,False
164627,False
164628,False
164629,False
164630,False
164631,True
164632,True
164633,True
164634,False
164635,False
164636,False
164637,True
164638,False
164639,False
164640,True
164641,False
164642,False
164643,False
164644,False
164645,False
164646,False
164647,False
164648,False
164649,True
164650,False
164651,True
164652,False
164653,True
164654,False
164655,False
164656,True
164657,False
164658,False
164659,False
164660,False
164661,False
164662,True
164663,True
164664,False
164665,False
164666,False
164667,True
164668,False
164669,True
164670,False
164671,False
164672,False
164673,True
164674,True
164675,False
164676,False
164677,False
164678,False
164679,False
164680,False
164681,True
164682,False
164683,False
164684,True
164685,False
164686,True
164687,False
164688,False
164689,False
164690,False
164691,True
164692,True
164693,False
164694,False
164695,True
164696,False
164697,True
164698,False
164699,True
164700,False
164701,False
164702,False
164703,False
164704,False
164705,True
164706,False
164707,False
164708,False
164709,False
164710,False
164711,False
164712,False
164713,True
164714,True
164715,False
164716,True
164717,False
164718,True
164719,False
164720,False
164721,False
164722,False
164723,False
164724,False
164725,True
164726,False
164727,False
164728,False
164729,False
164730,True
164731,False
164732,True
164733,True
164734,True
164735,False
164736,False
164737,False
164738,False
164739,True
164740,False
164741,False
164742,True
164743,False
164744,True
164745,True
164746,True
164747,True
164748,False
164749,False
164750,False
164751,False
164752,False
164753,True
164754,False
164755,True
164756,False
164757,False
164758,False
164759,False
164760,False
164761,False
164762,False
164763,True
164764,False
164765,True
164766,True
164767,False
164768,False
164769,False
164770,False
164771,True
164772,False
164773,False
164774,False
164775,False
164776,False
164777,False
164778,False
164779,False
164780,False
164781,True
164782,False
164783,False
164784,True
164785,False
164786,False
164787,True
164788,False
164789,False
164790,False
164791,False
164792,True
164793,False
164794,True
164795,False
164796,False
164797,True
164798,False
164799,True
164800,False
164801,True
164802,False
164803,False
164804,False
164805,False
164806,False
164807,False
164808,True
164809,False
164810,False
164811,False
164812,True
164813,True
164814,False
164815,False
164816,False
164817,True
164818,False
164819,False
164820,False
164821,False
164822,False
164823,False
164824,False
164825,True
164826,True
164827,False
164828,False
164829,True
164830,True
164831,False
164832,False
164833,True
164834,False
164835,False
164836,False
164837,True
164838,True
164839,False
164840,True
164841,False
164842,False
164843,False
164844,True
164845,True
164846,True
164847,True
164848,True
164849,True
164850,True
164851,True
164852,True
164853,True
164854,False
164855,False
164856,True
164857,False
164858,True
164859,True
164860,False
164861,False
164862,False
164863,True
164864,True
164865,False
164866,False
164867,True
164868,False
164869,False
164870,False
164871,False
164872,False
164873,False
164874,True
164875,True
164876,False
164877,True
164878,False
164879,False
164880,False
164881,False
164882,False
164883,False
164884,False
164885,False
164886,True
164887,False
164888,False
164889,False
164890,False
164891,False
164892,False
164893,False
164894,False
164895,False
164896,True
164897,False
164898,True
164899,True
164900,False
164901,True
164902,False
164903,False
164904,True
164905,False
164906,True
164907,False
164908,False
164909,True
164910,True
164911,True
164912,True
164913,False
164914,False
164915,False
164916,True
164917,False
164918,False
164919,False
164920,False
164921,False
164922,True
164923,True
164924,True
164925,True
164926,True
164927,False
164928,False
164929,True
164930,False
164931,True
164932,False
164933,False
164934,False
164935,False
164936,False
164937,True
164938,True
164939,False
164940,True
164941,False
164942,False
164943,False
164944,True
164945,True
164946,True
164947,False
164948,False
164949,False
164950,False
164951,False
164952,False
164953,False
164954,True
164955,False
164956,True
164957,True
164958,False
164959,True
164960,False
164961,False
164962,False
164963,True
164964,False
164965,True
164966,False
164967,True
164968,False
164969,False
164970,False
164971,True
164972,True
164973,False
164974,False
164975,True
164976,True
164977,True
164978,False
164979,False
164980,False
164981,False
164982,False
164983,True
164984,True
164985,True
164986,True
164987,False
164988,True
164989,True
164990,True
164991,False
164992,False
164993,False
164994,True
164995,False
164996,False
164997,False
164998,False
164999,False
165000,False
165001,False
165002,False
165003,False
165004,False
165005,False
165006,False
165007,False
165008,False
165009,False
165010,True
165011,True
165012,True
165013,True
165014,False
165015,False
165016,False
165017,True
165018,False
165019,True
165020,True
165021,False
165022,False
165023,False
165024,True
165025,True
165026,True
165027,True
165028,False
165029,False
165030,True
165031,True
165032,False
165033,True
165034,True
165035,True
165036,True
165037,False
165038,True
165039,True
165040,False
165041,False
165042,False
165043,True
165044,False
165045,True
165046,False
165047,False
165048,False
165049,True
165050,True
165051,False
165052,False
165053,False
165054,False
165055,False
165056,False
165057,False
165058,False
165059,False
165060,False
165061,True
165062,True
165063,False
165064,False
165065,False
165066,False
165067,False
165068,False
165069,False
165070,False
165071,False
165072,False
165073,False
165074,False
165075,False
165076,False
165077,False
165078,True
165079,False
165080,False
165081,False
165082,False
165083,True
165084,False
165085,False
165086,True
165087,False
165088,False
165089,False
165090,False
165091,True
165092,False
165093,False
165094,True
165095,False
165096,False
165097,False
165098,True
165099,True
165100,True
165101,False
165102,False
165103,False
165104,False
165105,True
165106,False
165107,False
165108,True
165109,False
165110,False
165111,True
165112,False
165113,False
165114,False
165115,True
165116,False
165117,False
165118,False
165119,False
165120,True
165121,False
165122,False
165123,False
165124,True
165125,False
165126,False
165127,False
165128,False
165129,False
165130,True
165131,False
165132,False
165133,False
165134,False
165135,False
165136,True
165137,False
165138,False
165139,False
165140,False
165141,True
165142,True
165143,False
165144,False
165145,True
165146,True
165147,True
165148,True
165149,False
165150,False
165151,False
165152,False
165153,True
165154,False
165155,False
165156,False
165157,False
165158,True
165159,True
165160,False
165161,True
165162,True
165163,False
165164,False
165165,False
165166,False
165167,False
165168,False
165169,False
165170,False
165171,True
165172,False
165173,False
165174,False
165175,True
165176,False
165177,False
165178,False
165179,False
165180,False
165181,False
165182,False
165183,False
165184,False
165185,False
165186,False
165187,False
165188,False
165189,True
165190,False
165191,False
165192,True
165193,True
165194,True
165195,False
165196,False
165197,True
165198,False
165199,False
165200,True
165201,True
165202,False
165203,True
165204,False
165205,False
165206,False
165207,False
165208,False
165209,True
165210,True
165211,False
165212,False
165213,False
165214,True
165215,False
165216,False
165217,True
165218,False
165219,False
165220,True
165221,True
165222,True
165223,True
165224,False
165225,False
165226,False
165227,False
165228,True
165229,False
165230,False
165231,False
165232,False
165233,False
165234,False
165235,False
165236,False
165237,False
165238,False
165239,False
165240,True
165241,False
165242,False
165243,False
165244,True
165245,True
165246,False
165247,False
165248,True
165249,True
165250,True
165251,False
165252,False
165253,False
165254,False
165255,True
165256,False
165257,False
165258,False
165259,False
165260,True
165261,False
165262,False
165263,False
165264,True
165265,False
165266,False
165267,False
165268,False
165269,True
165270,True
165271,True
165272,False
165273,True
165274,False
165275,True
165276,False
165277,True
165278,True
165279,True
165280,False
165281,False
165282,False
165283,True
165284,True
165285,False
165286,True
165287,True
165288,True
165289,False
165290,True
165291,False
165292,True
165293,False
165294,True
165295,False
165296,True
165297,False
165298,False
165299,True
165300,False
165301,True
165302,True
165303,False
165304,False
165305,False
165306,False
165307,False
165308,True
165309,False
165310,True
165311,False
165312,False
165313,False
165314,True
165315,True
165316,True
165317,True
165318,False
165319,False
165320,False
165321,False
165322,False
165323,True
165324,False
165325,False
165326,False
165327,False
165328,True
165329,False
165330,False
165331,False
165332,False
165333,False
165334,False
165335,False
165336,False
165337,True
165338,False
165339,False
165340,False
165341,False
165342,True
165343,True
165344,False
165345,True
165346,False
165347,False
165348,False
165349,True
165350,False
165351,False
165352,True
165353,False
165354,False
165355,False
165356,True
165357,False
165358,True
165359,False
165360,True
165361,False
165362,True
165363,False
165364,True
165365,True
165366,False
165367,True
165368,False
165369,False
165370,True
165371,False
165372,False
165373,False
165374,False
165375,False
165376,False
165377,True
165378,False
165379,False
165380,True
165381,False
165382,True
165383,False
165384,False
165385,True
165386,False
165387,False
165388,False
165389,True
165390,True
165391,True
165392,False
165393,True
165394,True
165395,False
165396,False
165397,True
165398,True
165399,False
165400,True
165401,True
165402,False
165403,False
165404,False
165405,False
165406,False
165407,False
165408,True
165409,False
165410,False
165411,True
165412,False
165413,True
165414,False
165415,False
165416,False
165417,False
165418,False
165419,True
165420,False
165421,False
165422,True
165423,False
165424,False
165425,False
165426,False
165427,False
165428,False
165429,False
165430,False
165431,False
165432,False
165433,False
165434,False
165435,False
165436,False
165437,False
165438,True
165439,False
165440,False
165441,False
165442,False
165443,False
165444,False
165445,True
165446,False
165447,False
165448,False
165449,False
165450,False
165451,False
165452,False
165453,False
165454,True
165455,True
165456,False
165457,True
165458,True
165459,True
165460,False
165461,True
165462,True
165463,True
165464,False
165465,True
165466,False
165467,True
165468,False
165469,False
165470,False
165471,False
165472,False
165473,False
165474,True
165475,False
165476,False
165477,True
165478,True
165479,True
165480,True
165481,False
165482,True
165483,False
165484,False
165485,False
165486,False
165487,False
165488,True
165489,True
165490,False
165491,False
165492,True
165493,False
165494,False
165495,False
165496,False
165497,True
165498,True
165499,True
165500,False
165501,False
165502,True
165503,False
165504,False
165505,False
165506,True
165507,False
165508,False
165509,False
165510,False
165511,False
165512,True
165513,False
165514,False
165515,False
165516,False
165517,True
165518,False
165519,False
165520,False
165521,False
165522,True
165523,False
165524,True
165525,False
165526,False
165527,False
165528,True
165529,True
165530,True
165531,False
165532,True
165533,True
165534,False
165535,False
165536,False
165537,False
165538,False
165539,True
165540,False
165541,False
165542,False
165543,False
165544,False
165545,True
165546,True
165547,True
165548,False
165549,True
165550,False
165551,True
165552,True
165553,False
165554,True
165555,False
165556,False
165557,False
165558,True
165559,False
165560,True
165561,False
165562,False
165563,False
165564,True
165565,True
165566,False
165567,False
165568,False
165569,False
165570,False
165571,True
165572,True
165573,False
165574,False
165575,False
165576,False
165577,True
165578,False
165579,False
165580,False
165581,False
165582,True
165583,True
165584,False
165585,False
165586,False
165587,True
165588,True
165589,False
165590,False
165591,False
165592,True
165593,True
165594,False
165595,False
165596,False
165597,True
165598,True
165599,True
165600,False
165601,True
165602,True
165603,True
165604,False
165605,True
165606,True
165607,False
165608,False
165609,True
165610,True
165611,True
165612,True
165613,False
165614,False
165615,False
165616,False
165617,False
165618,False
165619,False
165620,False
165621,False
165622,True
165623,False
165624,False
165625,False
165626,True
165627,True
165628,False
165629,False
165630,False
165631,False
165632,False
165633,True
165634,False
165635,False
165636,True
165637,False
165638,True
165639,True
165640,False
165641,False
165642,False
165643,False
165644,False
165645,True
165646,False
165647,False
165648,False
165649,False
165650,False
165651,False
165652,False
165653,True
165654,True
165655,True
165656,False
165657,False
165658,False
165659,False
165660,False
165661,False
165662,False
165663,False
165664,True
165665,False
165666,False
165667,True
165668,False
165669,False
165670,False
165671,False
165672,False
165673,True
165674,True
165675,False
165676,False
165677,False
165678,True
165679,False
165680,False
165681,False
165682,False
165683,True
165684,True
165685,False
165686,True
165687,False
165688,True
165689,False
165690,True
165691,False
165692,False
165693,False
165694,True
165695,False
165696,False
165697,True
165698,False
165699,True
165700,False
165701,False
165702,False
165703,False
165704,False
165705,False
165706,False
165707,False
165708,False
165709,False
165710,True
165711,False
165712,False
165713,True
165714,False
165715,False
165716,True
165717,False
165718,False
165719,False
165720,True
165721,False
165722,False
165723,False
165724,False
165725,False
165726,True
165727,False
165728,False
165729,False
165730,False
165731,False
165732,False
165733,False
165734,False
165735,True
165736,False
165737,False
165738,True
165739,False
165740,True
165741,False
165742,False
165743,True
165744,True
165745,False
165746,False
165747,True
165748,False
165749,True
165750,True
165751,False
165752,False
165753,False
165754,True
165755,False
165756,False
165757,False
165758,False
165759,False
165760,False
165761,False
165762,False
165763,False
165764,False
165765,False
165766,False
165767,False
165768,False
165769,False
165770,True
165771,False
165772,False
165773,False
165774,False
165775,False
165776,False
165777,False
165778,False
165779,False
165780,False
165781,True
165782,False
165783,True
165784,False
165785,False
165786,False
165787,True
165788,False
165789,False
165790,False
165791,False
165792,True
165793,False
165794,True
165795,False
165796,False
165797,False
165798,False
165799,False
165800,False
165801,True
165802,False
165803,True
165804,False
165805,True
165806,False
165807,False
165808,False
165809,False
165810,False
165811,True
165812,False
165813,True
165814,False
165815,False
165816,False
165817,False
165818,True
165819,False
165820,False
165821,False
165822,False
165823,True
165824,False
165825,True
165826,True
165827,False
165828,True
165829,False
165830,True
165831,True
165832,True
165833,False
165834,True
165835,False
165836,False
165837,True
165838,True
165839,False
165840,True
165841,True
165842,False
165843,True
165844,True
165845,False
165846,True
165847,False
165848,False
165849,True
165850,True
165851,True
165852,True
165853,False
165854,False
165855,False
165856,False
165857,False
165858,False
165859,False
165860,False
165861,True
165862,False
165863,True
165864,False
165865,False
165866,False
165867,False
165868,False
165869,True
165870,True
165871,True
165872,False
165873,False
165874,False
165875,True
165876,False
165877,True
165878,False
165879,False
165880,True
165881,False
165882,False
165883,False
165884,True
165885,True
165886,False
165887,False
165888,True
165889,False
165890,True
165891,False
165892,False
165893,False
165894,True
165895,True
165896,False
165897,False
165898,True
165899,True
165900,True
165901,True
165902,False
165903,False
165904,False
165905,False
165906,True
165907,True
165908,False
165909,False
165910,True
165911,True
165912,False
165913,True
165914,False
165915,True
165916,False
165917,False
165918,False
165919,False
165920,False
165921,True
165922,False
165923,True
165924,False
165925,False
165926,True
165927,False
165928,False
165929,False
165930,True
165931,False
165932,False
165933,False
165934,True
165935,True
165936,True
165937,True
165938,False
165939,False
165940,False
165941,True
165942,False
165943,True
165944,False
165945,False
165946,False
165947,False
165948,True
165949,True
165950,False
165951,False
165952,True
165953,False
165954,False
165955,False
165956,False
165957,False
165958,False
165959,True
165960,True
165961,False
165962,False
165963,False
165964,True
165965,False
165966,False
165967,False
165968,False
165969,False
165970,True
165971,True
165972,True
165973,False
165974,False
165975,True
165976,False
165977,True
165978,False
165979,False
165980,True
165981,False
165982,True
165983,False
165984,False
165985,False
165986,True
165987,False
165988,True
165989,False
165990,False
165991,False
165992,False
165993,True
165994,False
165995,True
165996,True
165997,False
165998,True
165999,False
166000,False
166001,False
166002,False
166003,False
166004,True
166005,False
166006,False
166007,False
166008,False
166009,False
166010,False
166011,False
166012,True
166013,False
166014,True
166015,False
166016,False
166017,False
166018,False
166019,False
166020,False
166021,True
166022,True
166023,True
166024,False
166025,True
166026,False
166027,True
166028,True
166029,False
166030,False
166031,True
166032,False
166033,True
166034,False
166035,False
166036,True
166037,False
166038,True
166039,False
166040,False
166041,False
166042,False
166043,False
166044,True
166045,True
166046,True
166047,False
166048,True
166049,False
166050,True
166051,False
166052,True
166053,False
166054,False
166055,False
166056,False
166057,False
166058,False
166059,False
166060,False
166061,False
166062,False
166063,True
166064,False
166065,True
166066,False
166067,False
166068,False
166069,False
166070,False
166071,False
166072,False
166073,False
166074,False
166075,False
166076,True
166077,False
166078,False
166079,False
166080,True
166081,True
166082,False
166083,False
166084,True
166085,False
166086,False
166087,False
166088,False
166089,False
166090,False
166091,False
166092,False
166093,False
166094,False
166095,False
166096,False
166097,False
166098,False
166099,True
166100,False
166101,True
166102,True
166103,False
166104,True
166105,False
166106,True
166107,False
166108,True
166109,False
166110,False
166111,False
166112,False
166113,True
166114,False
166115,False
166116,False
166117,True
166118,False
166119,False
166120,False
166121,False
166122,False
166123,False
166124,False
166125,False
166126,True
166127,True
166128,True
166129,False
166130,False
166131,False
166132,False
166133,True
166134,True
166135,False
166136,False
166137,True
166138,True
166139,True
166140,False
166141,False
166142,False
166143,False
166144,True
166145,True
166146,False
166147,True
166148,False
166149,False
166150,False
166151,False
166152,False
166153,False
166154,True
166155,False
166156,True
166157,False
166158,True
166159,True
166160,False
166161,False
166162,False
166163,False
166164,True
166165,False
166166,False
166167,False
166168,False
166169,True
166170,False
166171,True
166172,False
166173,False
166174,False
166175,True
166176,False
166177,True
166178,True
166179,False
166180,True
166181,False
166182,False
166183,False
166184,False
166185,False
166186,False
166187,True
166188,True
166189,False
166190,True
166191,False
166192,False
166193,False
166194,False
166195,False
166196,False
166197,False
166198,True
166199,True
166200,True
166201,True
166202,True
166203,False
166204,True
166205,True
166206,False
166207,False
166208,True
166209,False
166210,False
166211,False
166212,False
166213,False
166214,False
166215,True
166216,False
166217,True
166218,False
166219,False
166220,False
166221,False
166222,False
166223,False
166224,True
166225,False
166226,False
166227,False
166228,False
166229,False
166230,False
166231,False
166232,False
166233,True
166234,True
166235,False
166236,False
166237,False
166238,True
166239,True
166240,True
166241,False
166242,True
166243,False
166244,False
166245,True
166246,True
166247,False
166248,True
166249,False
166250,False
166251,True
166252,False
166253,False
166254,True
166255,False
166256,True
166257,True
166258,True
166259,False
166260,False
166261,False
166262,False
166263,False
166264,False
166265,True
166266,False
166267,False
166268,False
166269,False
166270,False
166271,False
166272,False
166273,False
166274,False
166275,False
166276,True
166277,False
166278,False
166279,False
166280,False
166281,True
166282,False
166283,True
166284,False
166285,False
166286,True
166287,False
166288,False
166289,False
166290,False
166291,True
166292,False
166293,False
166294,False
166295,True
166296,False
166297,False
166298,False
166299,False
166300,False
166301,False
166302,True
166303,False
166304,False
166305,False
166306,True
166307,False
166308,False
166309,False
166310,True
166311,False
166312,False
166313,False
166314,False
166315,False
166316,False
166317,False
166318,False
166319,True
166320,False
166321,False
166322,True
166323,False
166324,False
166325,False
166326,False
166327,False
166328,False
166329,False
166330,False
166331,True
166332,True
166333,False
166334,False
166335,False
166336,False
166337,False
166338,False
166339,False
166340,False
166341,True
166342,True
166343,True
166344,False
166345,False
166346,True
166347,False
166348,True
166349,True
166350,False
166351,True
166352,False
166353,False
166354,False
166355,False
166356,True
166357,False
166358,False
166359,False
166360,False
166361,True
166362,False
166363,False
166364,True
166365,False
166366,True
166367,False
166368,True
166369,False
166370,False
166371,True
166372,False
166373,True
166374,True
166375,False
166376,False
166377,False
166378,False
166379,False
166380,True
166381,False
166382,False
166383,False
166384,True
166385,True
166386,True
166387,True
166388,False
166389,False
166390,False
166391,False
166392,True
166393,False
166394,True
166395,False
166396,False
166397,True
166398,True
166399,True
166400,True
166401,True
166402,False
166403,True
166404,False
166405,True
166406,False
166407,False
166408,False
166409,False
166410,False
166411,False
166412,False
166413,False
166414,False
166415,False
166416,False
166417,False
166418,False
166419,False
166420,True
166421,True
166422,True
166423,True
166424,False
166425,True
166426,False
166427,True
166428,False
166429,False
166430,True
166431,False
166432,False
166433,False
166434,False
166435,False
166436,False
166437,False
166438,True
166439,False
166440,True
166441,True
166442,True
166443,False
166444,False
166445,False
166446,False
166447,True
166448,False
166449,False
166450,False
166451,False
166452,True
166453,False
166454,False
166455,False
166456,False
166457,True
166458,False
166459,True
166460,False
166461,False
166462,True
166463,False
166464,False
166465,False
166466,True
166467,False
166468,True
166469,False
166470,False
166471,False
166472,False
166473,False
166474,False
166475,True
166476,True
166477,False
166478,True
166479,False
166480,True
166481,False
166482,False
166483,True
166484,False
166485,True
166486,False
166487,True
166488,False
166489,False
166490,False
166491,True
166492,False
166493,False
166494,False
166495,False
166496,True
166497,False
166498,False
166499,False
166500,False
166501,True
166502,False
166503,False
166504,False
166505,True
166506,True
166507,False
166508,False
166509,False
166510,False
166511,False
166512,True
166513,False
166514,False
166515,True
166516,True
166517,True
166518,True
166519,True
166520,True
166521,True
166522,False
166523,True
166524,True
166525,False
166526,True
166527,False
166528,False
166529,False
166530,True
166531,False
166532,False
166533,False
166534,True
166535,True
166536,False
166537,False
166538,True
166539,True
166540,False
166541,True
166542,False
166543,False
166544,False
166545,False
166546,True
166547,False
166548,False
166549,False
166550,False
166551,False
166552,False
166553,True
166554,False
166555,False
166556,False
166557,False
166558,False
166559,False
166560,True
166561,False
166562,False
166563,True
166564,False
166565,False
166566,False
166567,True
166568,False
166569,False
166570,False
166571,False
166572,False
166573,True
166574,False
166575,True
166576,False
166577,True
166578,True
166579,False
166580,False
166581,True
166582,True
166583,False
166584,True
166585,False
166586,False
166587,False
166588,False
166589,False
166590,False
166591,False
166592,False
166593,False
166594,False
166595,True
166596,True
166597,False
166598,False
166599,False
166600,True
166601,False
166602,True
166603,True
166604,True
166605,True
166606,False
166607,True
166608,False
166609,False
166610,False
166611,True
166612,False
166613,True
166614,True
166615,False
166616,False
166617,True
166618,True
166619,False
166620,False
166621,False
166622,False
166623,True
166624,False
166625,True
166626,False
166627,False
166628,True
166629,False
166630,False
166631,True
166632,False
166633,True
166634,True
166635,True
166636,True
166637,True
166638,True
166639,False
166640,False
166641,False
166642,True
166643,False
166644,True
166645,False
166646,False
166647,False
166648,True
166649,False
166650,False
166651,False
166652,False
166653,True
166654,False
166655,True
166656,False
166657,False
166658,False
166659,True
166660,True
166661,False
166662,False
166663,False
166664,True
166665,True
166666,False
166667,False
166668,True
166669,False
166670,False
166671,False
166672,False
166673,False
166674,False
166675,False
166676,True
166677,False
166678,False
166679,True
166680,True
166681,True
166682,True
166683,True
166684,False
166685,False
166686,False
166687,True
166688,False
166689,True
166690,True
166691,False
166692,True
166693,False
166694,True
166695,True
166696,False
166697,False
166698,True
166699,False
166700,False
166701,False
166702,False
166703,False
166704,False
166705,False
166706,False
166707,False
166708,False
166709,False
166710,True
166711,True
166712,False
166713,False
166714,True
166715,False
166716,False
166717,False
166718,False
166719,False
166720,False
166721,False
166722,True
166723,True
166724,True
166725,True
166726,False
166727,False
166728,False
166729,True
166730,True
166731,True
166732,True
166733,True
166734,False
166735,False
166736,False
166737,False
166738,False
166739,False
166740,False
166741,False
166742,False
166743,False
166744,False
166745,True
166746,False
166747,True
166748,False
166749,True
166750,True
166751,False
166752,False
166753,True
166754,False
166755,True
166756,False
166757,False
166758,True
166759,True
166760,False
166761,True
166762,True
166763,False
166764,True
166765,True
166766,True
166767,False
166768,True
166769,False
166770,False
166771,True
166772,True
166773,True
166774,False
166775,True
166776,False
166777,False
166778,False
166779,False
166780,True
166781,True
166782,False
166783,False
166784,False
166785,False
166786,False
166787,False
166788,True
166789,False
166790,True
166791,False
166792,False
166793,False
166794,True
166795,True
166796,False
166797,False
166798,False
166799,True
166800,True
166801,False
166802,False
166803,False
166804,False
166805,True
166806,False
166807,False
166808,True
166809,False
166810,False
166811,False
166812,False
166813,False
166814,True
166815,True
166816,False
166817,False
166818,True
166819,False
166820,True
166821,False
166822,True
166823,True
166824,False
166825,True
166826,False
166827,False
166828,True
166829,False
166830,False
166831,False
166832,True
166833,True
166834,False
166835,False
166836,False
166837,True
166838,False
166839,False
166840,False
166841,False
166842,False
166843,False
166844,False
166845,False
166846,False
166847,False
166848,False
166849,True
166850,False
166851,False
166852,True
166853,False
166854,False
166855,False
166856,False
166857,False
166858,False
166859,True
166860,True
166861,False
166862,False
166863,True
166864,True
166865,False
166866,True
166867,False
166868,False
166869,False
166870,False
166871,False
166872,False
166873,False
166874,False
166875,False
166876,True
166877,False
166878,True
166879,False
166880,True
166881,False
166882,False
166883,True
166884,False
166885,False
166886,False
166887,False
166888,False
166889,False
166890,False
166891,False
166892,False
166893,False
166894,False
166895,False
166896,False
166897,True
166898,True
166899,False
166900,False
166901,False
166902,True
166903,True
166904,False
166905,False
166906,False
166907,True
166908,True
166909,False
166910,False
166911,True
166912,False
166913,False
166914,False
166915,True
166916,True
166917,False
166918,True
166919,True
166920,True
166921,False
166922,True
166923,False
166924,False
166925,False
166926,False
166927,False
166928,False
166929,False
166930,True
166931,False
166932,True
166933,False
166934,True
166935,False
166936,False
166937,False
166938,True
166939,True
166940,False
166941,False
166942,False
166943,True
166944,False
166945,False
166946,True
166947,True
166948,False
166949,False
166950,True
166951,False
166952,False
166953,False
166954,False
166955,False
166956,False
166957,True
166958,False
166959,True
166960,True
166961,False
166962,True
166963,False
166964,True
166965,True
166966,True
166967,True
166968,False
166969,True
166970,False
166971,False
166972,True
166973,False
166974,False
166975,False
166976,False
166977,False
166978,False
166979,False
166980,False
166981,True
166982,False
166983,False
166984,False
166985,False
166986,True
166987,False
166988,True
166989,True
166990,False
166991,False
166992,True
166993,False
166994,False
166995,False
166996,False
166997,False
166998,True
166999,False
167000,False
167001,True
167002,False
167003,False
167004,True
167005,True
167006,False
167007,True
167008,True
167009,False
167010,False
167011,False
167012,False
167013,False
167014,False
167015,False
167016,False
167017,True
167018,True
167019,False
167020,False
167021,False
167022,False
167023,False
167024,True
167025,False
167026,False
167027,True
167028,True
167029,True
167030,False
167031,True
167032,False
167033,False
167034,False
167035,False
167036,True
167037,False
167038,False
167039,False
167040,False
167041,True
167042,False
167043,False
167044,True
167045,False
167046,True
167047,True
167048,True
167049,False
167050,False
167051,True
167052,False
167053,False
167054,False
167055,False
167056,False
167057,False
167058,True
167059,False
167060,False
167061,False
167062,False
167063,True
167064,True
167065,False
167066,False
167067,True
167068,True
167069,False
167070,False
167071,False
167072,False
167073,False
167074,True
167075,False
167076,False
167077,False
167078,False
167079,False
167080,False
167081,False
167082,True
167083,False
167084,True
167085,True
167086,False
167087,False
167088,True
167089,False
167090,True
167091,False
167092,True
167093,False
167094,False
167095,True
167096,True
167097,False
167098,False
167099,True
167100,True
167101,True
167102,False
167103,False
167104,False
167105,False
167106,True
167107,True
167108,True
167109,True
167110,False
167111,False
167112,False
167113,False
167114,True
167115,False
167116,True
167117,False
167118,False
167119,False
167120,True
167121,True
167122,True
167123,False
167124,True
167125,False
167126,True
167127,True
167128,False
167129,False
167130,True
167131,False
167132,False
167133,False
167134,False
167135,False
167136,True
167137,True
167138,False
167139,False
167140,True
167141,False
167142,False
167143,True
167144,True
167145,False
167146,True
167147,False
167148,True
167149,True
167150,True
167151,True
167152,True
167153,True
167154,False
167155,False
167156,False
167157,False
167158,False
167159,False
167160,True
167161,False
167162,False
167163,False
167164,False
167165,True
167166,False
167167,False
167168,False
167169,False
167170,False
167171,False
167172,False
167173,False
167174,False
167175,False
167176,False
167177,False
167178,True
167179,False
167180,True
167181,False
167182,False
167183,False
167184,True
167185,False
167186,False
167187,False
167188,False
167189,True
167190,False
167191,True
167192,False
167193,False
167194,True
167195,False
167196,False
167197,False
167198,False
167199,False
167200,True
167201,False
167202,False
167203,False
167204,False
167205,False
167206,False
167207,False
167208,True
167209,False
167210,True
167211,False
167212,True
167213,True
167214,True
167215,True
167216,False
167217,False
167218,True
167219,True
167220,True
167221,True
167222,False
167223,True
167224,False
167225,False
167226,False
167227,False
167228,True
167229,False
167230,False
167231,False
167232,False
167233,True
167234,False
167235,True
167236,False
167237,True
167238,False
167239,False
167240,False
167241,False
167242,False
167243,False
167244,True
167245,False
167246,False
167247,False
167248,False
167249,True
167250,False
167251,False
167252,False
167253,False
167254,False
167255,False
167256,True
167257,True
167258,False
167259,False
167260,True
167261,False
167262,False
167263,True
167264,False
167265,False
167266,True
167267,True
167268,False
167269,False
167270,False
167271,True
167272,False
167273,False
167274,False
167275,False
167276,True
167277,True
167278,True
167279,False
167280,True
167281,False
167282,True
167283,True
167284,False
167285,True
167286,True
167287,False
167288,False
167289,True
167290,True
167291,True
167292,True
167293,False
167294,False
167295,False
167296,False
167297,False
167298,False
167299,False
167300,False
167301,True
167302,False
167303,False
167304,False
167305,False
167306,False
167307,False
167308,False
167309,False
167310,False
167311,False
167312,True
167313,False
167314,True
167315,False
167316,True
167317,False
167318,False
167319,True
167320,False
167321,False
167322,False
167323,False
167324,False
167325,False
167326,False
167327,True
167328,False
167329,False
167330,False
167331,False
167332,False
167333,False
167334,True
167335,False
167336,False
167337,False
167338,True
167339,False
167340,True
167341,True
167342,True
167343,False
167344,True
167345,True
167346,True
167347,False
167348,True
167349,False
167350,True
167351,False
167352,False
167353,True
167354,True
167355,False
167356,False
167357,True
167358,True
167359,False
167360,False
167361,False
167362,True
167363,True
167364,True
167365,False
167366,False
167367,False
167368,False
167369,False
167370,False
167371,False
167372,False
167373,False
167374,False
167375,False
167376,False
167377,False
167378,True
167379,False
167380,False
167381,False
167382,False
167383,False
167384,False
167385,False
167386,False
167387,False
167388,True
167389,False
167390,False
167391,True
167392,True
167393,True
167394,True
167395,True
167396,False
167397,False
167398,False
167399,False
167400,False
167401,False
167402,False
167403,True
167404,False
167405,False
167406,False
167407,False
167408,True
167409,True
167410,False
167411,False
167412,False
167413,False
167414,True
167415,False
167416,False
167417,True
167418,True
167419,False
167420,False
167421,True
167422,False
167423,False
167424,False
167425,False
167426,False
167427,True
167428,False
167429,False
167430,True
167431,False
167432,True
167433,False
167434,False
167435,False
167436,False
167437,False
167438,False
167439,False
167440,False
167441,False
167442,False
167443,False
167444,False
167445,True
167446,False
167447,True
167448,False
167449,False
167450,False
167451,False
167452,False
167453,False
167454,False
167455,False
167456,False
167457,False
167458,True
167459,True
167460,False
167461,True
167462,False
167463,False
167464,False
167465,False
167466,False
167467,True
167468,False
167469,False
167470,False
167471,True
167472,True
167473,False
167474,False
167475,False
167476,False
167477,False
167478,False
167479,True
167480,False
167481,False
167482,False
167483,True
167484,True
167485,True
167486,False
167487,False
167488,False
167489,True
167490,False
167491,False
167492,True
167493,True
167494,False
167495,False
167496,False
167497,False
167498,False
167499,False
167500,False
167501,False
167502,True
167503,False
167504,False
167505,False
167506,True
167507,False
167508,False
167509,True
167510,False
167511,False
167512,True
167513,True
167514,False
167515,False
167516,False
167517,False
167518,False
167519,True
167520,False
167521,False
167522,False
167523,True
167524,False
167525,False
167526,True
167527,False
167528,False
167529,False
167530,False
167531,False
167532,True
167533,False
167534,False
167535,True
167536,False
167537,False
167538,False
167539,True
167540,False
167541,True
167542,True
167543,False
167544,False
167545,True
167546,False
167547,True
167548,False
167549,False
167550,False
167551,False
167552,True
167553,False
167554,True
167555,False
167556,True
167557,False
167558,True
167559,False
167560,False
167561,False
167562,False
167563,False
167564,False
167565,False
167566,False
167567,False
167568,False
167569,True
167570,True
167571,False
167572,False
167573,True
167574,False
167575,False
167576,False
167577,False
167578,True
167579,False
167580,True
167581,False
167582,True
167583,False
167584,True
167585,False
167586,False
167587,True
167588,True
167589,False
167590,False
167591,False
167592,False
167593,False
167594,True
167595,False
167596,False
167597,False
167598,False
167599,False
167600,False
167601,False
167602,True
167603,True
167604,False
167605,False
167606,True
167607,True
167608,False
167609,True
167610,False
167611,True
167612,False
167613,False
167614,False
167615,False
167616,True
167617,True
167618,False
167619,True
167620,False
167621,False
167622,False
167623,False
167624,True
167625,True
167626,True
167627,False
167628,False
167629,False
167630,False
167631,True
167632,False
167633,True
167634,True
167635,False
167636,True
167637,False
167638,False
167639,False
167640,False
167641,False
167642,True
167643,False
167644,True
167645,True
167646,True
167647,False
167648,False
167649,False
167650,False
167651,False
167652,False
167653,True
167654,True
167655,False
167656,False
167657,True
167658,True
167659,False
167660,False
167661,False
167662,False
167663,True
167664,False
167665,False
167666,False
167667,False
167668,False
167669,False
167670,True
167671,True
167672,True
167673,False
167674,True
167675,False
167676,False
167677,False
167678,True
167679,False
167680,False
167681,False
167682,False
167683,False
167684,False
167685,True
167686,False
167687,True
167688,False
167689,False
167690,False
167691,True
167692,False
167693,True
167694,False
167695,True
167696,True
167697,True
167698,False
167699,False
167700,False
167701,False
167702,False
167703,False
167704,False
167705,False
167706,True
167707,False
167708,False
167709,False
167710,False
167711,False
167712,False
167713,False
167714,True
167715,True
167716,True
167717,True
167718,True
167719,True
167720,True
167721,False
167722,True
167723,False
167724,False
167725,False
167726,False
167727,False
167728,False
167729,False
167730,True
167731,True
167732,False
167733,False
167734,True
167735,False
167736,False
167737,False
167738,True
167739,False
167740,False
167741,True
167742,True
167743,False
167744,False
167745,False
167746,True
167747,True
167748,False
167749,True
167750,True
167751,False
167752,False
167753,False
167754,False
167755,True
167756,True
167757,False
167758,False
167759,False
167760,False
167761,False
167762,False
167763,False
167764,True
167765,True
167766,False
167767,False
167768,False
167769,False
167770,False
167771,False
167772,False
167773,True
167774,False
167775,False
167776,False
167777,True
167778,False
167779,False
167780,False
167781,True
167782,False
167783,True
167784,False
167785,False
167786,True
167787,True
167788,False
167789,True
167790,False
167791,False
167792,True
167793,True
167794,False
167795,False
167796,False
167797,True
167798,False
167799,True
167800,False
167801,False
167802,False
167803,False
167804,False
167805,False
167806,False
167807,False
167808,False
167809,True
167810,False
167811,False
167812,True
167813,False
167814,False
167815,True
167816,True
167817,True
167818,False
167819,False
167820,True
167821,False
167822,False
167823,False
167824,True
167825,False
167826,False
167827,True
167828,True
167829,False
167830,True
167831,False
167832,False
167833,True
167834,False
167835,True
167836,True
167837,False
167838,False
167839,True
167840,True
167841,True
167842,False
167843,False
167844,True
167845,False
167846,True
167847,True
167848,False
167849,False
167850,False
167851,False
167852,True
167853,False
167854,False
167855,True
167856,True
167857,False
167858,True
167859,True
167860,True
167861,False
167862,True
167863,True
167864,True
167865,True
167866,False
167867,True
167868,True
167869,True
167870,False
167871,False
167872,False
167873,False
167874,False
167875,False
167876,False
167877,False
167878,False
167879,False
167880,True
167881,True
167882,True
167883,False
167884,False
167885,True
167886,False
167887,True
167888,False
167889,True
167890,True
167891,False
167892,True
167893,False
167894,False
167895,True
167896,False
167897,False
167898,False
167899,False
167900,False
167901,False
167902,True
167903,False
167904,True
167905,True
167906,True
167907,False
167908,False
167909,True
167910,False
167911,True
167912,False
167913,True
167914,False
167915,False
167916,True
167917,False
167918,False
167919,False
167920,False
167921,True
167922,False
167923,True
167924,False
167925,False
167926,True
167927,False
167928,False
167929,False
167930,True
167931,False
167932,False
167933,False
167934,False
167935,False
167936,True
167937,True
167938,False
167939,False
167940,False
167941,False
167942,False
167943,True
167944,False
167945,False
167946,False
167947,False
167948,False
167949,False
167950,True
167951,False
167952,False
167953,False
167954,True
167955,False
167956,False
167957,False
167958,False
167959,False
167960,False
167961,True
167962,False
167963,True
167964,True
167965,False
167966,False
167967,True
167968,True
167969,True
167970,True
167971,False
167972,True
167973,False
167974,False
167975,False
167976,False
167977,False
167978,True
167979,True
167980,False
167981,True
167982,False
167983,False
167984,True
167985,True
167986,True
167987,False
167988,True
167989,True
167990,False
167991,True
167992,True
167993,False
167994,False
167995,True
167996,True
167997,False
167998,False
167999,False
168000,False
168001,False
168002,False
168003,False
168004,False
168005,False
168006,False
168007,True
168008,False
168009,False
168010,True
168011,False
168012,False
168013,True
168014,True
168015,False
168016,True
168017,True
168018,True
168019,False
168020,True
168021,False
168022,False
168023,True
168024,False
168025,False
168026,True
168027,False
168028,False
168029,False
168030,False
168031,False
168032,False
168033,False
168034,True
168035,True
168036,True
168037,False
168038,False
168039,False
168040,False
168041,True
168042,True
168043,True
168044,False
168045,False
168046,False
168047,True
168048,False
168049,False
168050,False
168051,True
168052,False
168053,True
168054,False
168055,True
168056,True
168057,False
168058,False
168059,False
168060,False
168061,True
168062,False
168063,False
168064,False
168065,False
168066,False
168067,False
168068,False
168069,False
168070,False
168071,True
168072,False
168073,False
168074,True
168075,True
168076,True
168077,False
168078,True
168079,False
168080,False
168081,True
168082,True
168083,False
168084,False
168085,True
168086,False
168087,False
168088,False
168089,True
168090,False
168091,False
168092,True
168093,False
168094,False
168095,True
168096,False
168097,False
168098,False
168099,True
168100,False
168101,False
168102,False
168103,False
168104,True
168105,False
168106,False
168107,False
168108,False
168109,False
168110,False
168111,False
168112,False
168113,True
168114,True
168115,True
168116,False
168117,True
168118,False
168119,False
168120,False
168121,False
168122,False
168123,True
168124,False
168125,False
168126,True
168127,True
168128,False
168129,True
168130,False
168131,True
168132,True
168133,True
168134,False
168135,False
168136,False
168137,False
168138,False
168139,False
168140,True
168141,False
168142,True
168143,True
168144,False
168145,False
168146,True
168147,True
168148,False
168149,False
168150,False
168151,True
168152,False
168153,False
168154,True
168155,True
168156,True
168157,False
168158,False
168159,False
168160,False
168161,False
168162,False
168163,True
168164,False
168165,False
168166,False
168167,True
168168,False
168169,False
168170,False
168171,True
168172,False
168173,True
168174,False
168175,False
168176,False
168177,True
168178,False
168179,False
168180,False
168181,False
168182,False
168183,False
168184,False
168185,True
168186,False
168187,False
168188,False
168189,True
168190,True
168191,False
168192,False
168193,False
168194,True
168195,False
168196,False
168197,False
168198,False
168199,False
168200,False
168201,True
168202,False
168203,False
168204,False
168205,False
168206,False
168207,False
168208,True
168209,False
168210,False
168211,False
168212,False
168213,False
168214,False
168215,False
168216,True
168217,False
168218,False
168219,True
168220,False
168221,False
168222,True
168223,False
168224,False
168225,False
168226,False
168227,False
168228,False
168229,True
168230,False
168231,False
168232,False
168233,False
168234,False
168235,False
168236,False
168237,True
168238,True
168239,False
168240,False
168241,True
168242,True
168243,False
168244,False
168245,False
168246,False
168247,False
168248,True
168249,False
168250,False
168251,False
168252,True
168253,False
168254,True
168255,False
168256,True
168257,False
168258,True
168259,False
168260,False
168261,False
168262,False
168263,False
168264,False
168265,True
168266,False
168267,False
168268,False
168269,True
168270,False
168271,False
168272,False
168273,False
168274,True
168275,False
168276,False
168277,True
168278,False
168279,True
168280,False
168281,False
168282,False
168283,True
168284,True
168285,False
168286,False
168287,False
168288,True
168289,True
168290,True
168291,True
168292,False
168293,False
168294,True
168295,False
168296,False
168297,False
168298,True
168299,False
168300,False
168301,False
168302,False
168303,False
168304,False
168305,True
168306,False
168307,False
168308,False
168309,True
168310,False
168311,False
168312,True
168313,False
168314,False
168315,False
168316,True
168317,False
168318,True
168319,True
168320,False
168321,False
168322,True
168323,True
168324,False
168325,False
168326,False
168327,True
168328,False
168329,True
168330,False
168331,True
168332,True
168333,False
168334,False
168335,False
168336,False
168337,False
168338,False
168339,True
168340,False
168341,False
168342,True
168343,False
168344,True
168345,True
168346,False
168347,True
168348,False
168349,False
168350,False
168351,False
168352,True
168353,True
168354,True
168355,False
168356,True
168357,False
168358,True
168359,True
168360,True
168361,False
168362,False
168363,False
168364,False
168365,True
168366,True
168367,True
168368,False
168369,True
168370,True
168371,False
168372,True
168373,False
168374,True
168375,True
168376,False
168377,False
168378,True
168379,True
168380,False
168381,True
168382,False
168383,False
168384,False
168385,False
168386,False
168387,True
168388,False
168389,True
168390,True
168391,False
168392,False
168393,False
168394,False
168395,True
168396,True
168397,False
168398,False
168399,True
168400,False
168401,True
168402,True
168403,False
168404,False
168405,False
168406,True
168407,False
168408,True
168409,False
168410,True
168411,False
168412,False
168413,True
168414,False
168415,False
168416,False
168417,True
168418,True
168419,False
168420,False
168421,True
168422,False
168423,True
168424,False
168425,False
168426,False
168427,False
168428,False
168429,False
168430,False
168431,False
168432,False
168433,True
168434,False
168435,True
168436,False
168437,True
168438,True
168439,False
168440,False
168441,True
168442,True
168443,False
168444,False
168445,False
168446,False
168447,True
168448,False
168449,False
168450,False
168451,True
168452,True
168453,False
168454,False
168455,True
168456,True
168457,True
168458,False
168459,True
168460,False
168461,True
168462,False
168463,False
168464,True
168465,True
168466,False
168467,False
168468,False
168469,True
168470,True
168471,False
168472,False
168473,False
168474,True
168475,False
168476,True
168477,False
168478,False
168479,False
168480,False
168481,False
168482,False
168483,False
168484,False
168485,False
168486,False
168487,True
168488,False
168489,True
168490,False
168491,False
168492,False
168493,False
168494,False
168495,False
168496,False
168497,False
168498,False
168499,True
168500,False
168501,False
168502,True
168503,True
168504,True
168505,True
168506,False
168507,False
168508,False
168509,False
168510,True
168511,True
168512,True
168513,True
168514,False
168515,False
168516,True
168517,False
168518,True
168519,False
168520,False
168521,False
168522,True
168523,False
168524,False
168525,False
168526,True
168527,True
168528,True
168529,False
168530,False
168531,True
168532,False
168533,False
168534,False
168535,True
168536,False
168537,True
168538,False
168539,True
168540,False
168541,True
168542,False
168543,False
168544,False
168545,False
168546,False
168547,False
168548,True
168549,False
168550,True
168551,False
168552,True
168553,True
168554,False
168555,True
168556,True
168557,True
168558,True
168559,False
168560,True
168561,False
168562,False
168563,False
168564,True
168565,False
168566,True
168567,False
168568,True
168569,True
168570,True
168571,False
168572,False
168573,False
168574,True
168575,True
168576,True
168577,False
168578,False
168579,False
168580,True
168581,True
168582,False
168583,False
168584,False
168585,True
168586,False
168587,True
168588,True
168589,True
168590,True
168591,True
168592,False
168593,True
168594,True
168595,False
168596,False
168597,False
168598,False
168599,True
168600,True
168601,True
168602,False
168603,False
168604,False
168605,False
168606,False
168607,True
168608,False
168609,False
168610,True
168611,False
168612,True
168613,False
168614,False
168615,True
168616,False
168617,False
168618,False
168619,False
168620,False
168621,False
168622,False
168623,True
168624,False
168625,True
168626,True
168627,False
168628,False
168629,False
168630,False
168631,False
168632,True
168633,False
168634,True
168635,True
168636,True
168637,True
168638,False
168639,False
168640,False
168641,False
168642,False
168643,False
168644,True
168645,True
168646,True
168647,False
168648,False
168649,False
168650,False
168651,False
168652,False
168653,True
168654,False
168655,True
168656,True
168657,True
168658,False
168659,False
168660,False
168661,False
168662,False
168663,False
168664,False
168665,True
168666,False
168667,False
168668,False
168669,True
168670,True
168671,False
168672,False
168673,False
168674,False
168675,False
168676,True
168677,False
168678,True
168679,True
168680,False
168681,False
168682,False
168683,True
168684,True
168685,False
168686,False
168687,False
168688,False
168689,False
168690,True
168691,False
168692,True
168693,True
168694,True
168695,False
168696,True
168697,False
168698,True
168699,False
168700,False
168701,True
168702,False
168703,False
168704,True
168705,False
168706,False
168707,False
168708,False
168709,False
168710,True
168711,False
168712,False
168713,False
168714,True
168715,True
168716,False
168717,False
168718,False
168719,True
168720,True
168721,False
168722,False
168723,False
168724,False
168725,False
168726,True
168727,False
168728,False
168729,True
168730,False
168731,False
168732,False
168733,True
168734,False
168735,False
168736,True
168737,False
168738,False
168739,False
168740,False
168741,True
168742,True
168743,False
168744,False
168745,True
168746,True
168747,False
168748,False
168749,True
168750,True
168751,True
168752,False
168753,True
168754,False
168755,False
168756,False
168757,False
168758,False
168759,True
168760,True
168761,False
168762,False
168763,True
168764,False
168765,False
168766,True
168767,True
168768,True
168769,False
168770,True
168771,False
168772,True
168773,False
168774,False
168775,False
168776,False
168777,True
168778,False
168779,False
168780,True
168781,False
168782,False
168783,True
168784,True
168785,False
168786,False
168787,False
168788,False
168789,True
168790,False
168791,True
168792,False
168793,False
168794,False
168795,False
168796,False
168797,False
168798,True
168799,False
168800,False
168801,False
168802,False
168803,True
168804,False
168805,False
168806,False
168807,False
168808,True
168809,False
168810,False
168811,True
168812,False
168813,False
168814,True
168815,False
168816,False
168817,False
168818,False
168819,False
168820,True
168821,False
168822,False
168823,False
168824,False
168825,False
168826,False
168827,True
168828,False
168829,False
168830,False
168831,False
168832,True
168833,False
168834,False
168835,True
168836,True
168837,False
168838,False
168839,True
168840,True
168841,False
168842,False
168843,False
168844,False
168845,True
168846,False
168847,False
168848,True
168849,False
168850,False
168851,False
168852,False
168853,False
168854,True
168855,False
168856,False
168857,True
168858,True
168859,True
168860,False
168861,False
168862,False
168863,False
168864,False
168865,False
168866,True
168867,False
168868,True
168869,True
168870,False
168871,False
168872,False
168873,False
168874,False
168875,False
168876,False
168877,False
168878,False
168879,False
168880,False
168881,False
168882,True
168883,False
168884,False
168885,True
168886,True
168887,True
168888,True
168889,True
168890,False
168891,False
168892,True
168893,True
168894,False
168895,False
168896,True
168897,False
168898,False
168899,False
168900,False
168901,True
168902,True
168903,False
168904,True
168905,True
168906,False
168907,False
168908,False
168909,True
168910,True
168911,False
168912,True
168913,False
168914,False
168915,False
168916,True
168917,False
168918,False
168919,True
168920,True
168921,True
168922,True
168923,False
168924,False
168925,False
168926,False
168927,False
168928,False
168929,False
168930,False
168931,False
168932,False
168933,False
168934,False
168935,True
168936,False
168937,False
168938,False
168939,True
168940,False
168941,False
168942,False
168943,False
168944,False
168945,True
168946,False
168947,False
168948,False
168949,True
168950,False
168951,False
168952,False
168953,False
168954,False
168955,True
168956,False
168957,False
168958,False
168959,False
168960,True
168961,False
168962,True
168963,False
168964,True
168965,True
168966,True
168967,False
168968,False
168969,True
168970,False
168971,False
168972,False
168973,False
168974,True
168975,False
168976,False
168977,False
168978,False
168979,True
168980,True
168981,True
168982,True
168983,True
168984,True
168985,False
168986,True
168987,False
168988,False
168989,False
168990,True
168991,False
168992,False
168993,False
168994,False
168995,True
168996,False
168997,True
168998,False
168999,False
169000,False
169001,False
169002,False
169003,False
169004,False
169005,False
169006,True
169007,False
169008,False
169009,True
169010,False
169011,False
169012,True
169013,True
169014,False
169015,True
169016,False
169017,False
169018,False
169019,False
169020,False
169021,True
169022,False
169023,False
169024,False
169025,False
169026,True
169027,False
169028,False
169029,False
169030,True
169031,False
169032,False
169033,True
169034,False
169035,False
169036,True
169037,True
169038,True
169039,True
169040,True
169041,True
169042,False
169043,False
169044,False
169045,False
169046,False
169047,False
169048,True
169049,False
169050,True
169051,False
169052,True
169053,False
169054,True
169055,True
169056,True
169057,False
169058,True
169059,False
169060,False
169061,False
169062,False
169063,True
169064,False
169065,True
169066,False
169067,True
169068,False
169069,False
169070,True
169071,False
169072,False
169073,True
169074,True
169075,True
169076,True
169077,False
169078,False
169079,True
169080,False
169081,True
169082,False
169083,False
169084,True
169085,False
169086,False
169087,False
169088,False
169089,False
169090,True
169091,True
169092,False
169093,False
169094,False
169095,False
169096,False
169097,True
169098,True
169099,True
169100,True
169101,False
169102,False
169103,False
169104,False
169105,False
169106,False
169107,False
169108,False
169109,False
169110,False
169111,True
169112,True
169113,False
169114,True
169115,True
169116,False
169117,False
169118,True
169119,False
169120,False
169121,False
169122,True
169123,False
169124,True
169125,True
169126,False
169127,True
169128,False
169129,True
169130,False
169131,True
169132,False
169133,True
169134,True
169135,False
169136,True
169137,True
169138,True
169139,False
169140,True
169141,False
169142,False
169143,False
169144,False
169145,True
169146,True
169147,True
169148,True
169149,False
169150,True
169151,False
169152,False
169153,False
169154,False
169155,True
169156,True
169157,False
169158,True
169159,False
169160,False
169161,True
169162,False
169163,False
169164,False
169165,True
169166,False
169167,True
169168,True
169169,False
169170,False
169171,False
169172,True
169173,False
169174,False
169175,True
169176,False
169177,False
169178,False
169179,False
169180,True
169181,False
169182,False
169183,True
169184,False
169185,True
169186,True
169187,False
169188,False
169189,False
169190,False
169191,True
169192,False
169193,False
169194,False
169195,True
169196,False
169197,False
169198,False
169199,False
169200,False
169201,False
169202,False
169203,True
169204,False
169205,False
169206,False
169207,False
169208,True
169209,False
169210,True
169211,True
169212,False
169213,False
169214,False
169215,False
169216,False
169217,True
169218,False
169219,True
169220,True
169221,False
169222,False
169223,False
169224,False
169225,True
169226,False
169227,True
169228,False
169229,True
169230,False
169231,True
169232,False
169233,False
169234,False
169235,False
169236,False
169237,False
169238,True
169239,False
169240,False
169241,False
169242,True
169243,False
169244,True
169245,False
169246,False
169247,False
169248,True
169249,False
169250,False
169251,False
169252,False
169253,True
169254,False
169255,False
169256,True
169257,False
169258,False
169259,True
169260,False
169261,True
169262,False
169263,False
169264,True
169265,False
169266,False
169267,False
169268,True
169269,True
169270,True
169271,False
169272,True
169273,True
169274,False
169275,False
169276,False
169277,True
169278,False
169279,False
169280,False
169281,False
169282,True
169283,False
169284,False
169285,False
169286,True
169287,False
169288,False
169289,False
169290,False
169291,True
169292,False
169293,True
169294,False
169295,True
169296,True
169297,False
169298,True
169299,False
169300,False
169301,False
169302,False
169303,True
169304,False
169305,False
169306,False
169307,False
169308,False
169309,False
169310,False
169311,True
169312,True
169313,False
169314,False
169315,False
169316,True
169317,True
169318,True
169319,False
169320,False
169321,False
169322,True
169323,False
169324,True
169325,True
169326,False
169327,False
169328,False
169329,False
169330,False
169331,False
169332,False
169333,False
169334,False
169335,False
169336,False
169337,False
169338,True
169339,True
169340,False
169341,False
169342,False
169343,True
169344,True
169345,False
169346,True
169347,False
169348,True
169349,True
169350,False
169351,True
169352,True
169353,True
169354,False
169355,True
169356,True
169357,True
169358,True
169359,True
169360,True
169361,False
169362,False
169363,False
169364,False
169365,False
169366,False
169367,False
169368,False
169369,True
169370,False
169371,True
169372,False
169373,False
169374,True
169375,True
169376,True
169377,True
169378,False
169379,False
169380,True
169381,False
169382,False
169383,False
169384,True
169385,False
169386,False
169387,False
169388,True
169389,True
169390,False
169391,False
169392,False
169393,False
169394,False
169395,False
169396,True
169397,True
169398,True
169399,False
169400,False
169401,True
169402,False
169403,True
169404,False
169405,True
169406,True
169407,False
169408,False
169409,True
169410,False
169411,True
169412,True
169413,True
169414,True
169415,False
169416,False
169417,False
169418,True
169419,False
169420,False
169421,False
169422,False
169423,False
169424,True
169425,False
169426,False
169427,False
169428,False
169429,False
169430,False
169431,False
169432,True
169433,True
169434,True
169435,False
169436,False
169437,False
169438,False
169439,True
169440,False
169441,True
169442,True
169443,False
169444,False
169445,False
169446,False
169447,False
169448,False
169449,False
169450,True
169451,False
169452,False
169453,False
169454,False
169455,False
169456,True
169457,False
169458,False
169459,False
169460,False
169461,False
169462,False
169463,False
169464,True
169465,False
169466,False
169467,False
169468,False
169469,False
169470,False
169471,True
169472,False
169473,False
169474,False
169475,False
169476,False
169477,True
169478,True
169479,False
169480,False
169481,True
169482,False
169483,False
169484,False
169485,True
169486,False
169487,False
169488,False
169489,False
169490,False
169491,True
169492,False
169493,False
169494,True
169495,False
169496,True
169497,False
169498,True
169499,True
169500,False
169501,True
169502,False
169503,True
169504,True
169505,False
169506,True
169507,False
169508,True
169509,False
169510,True
169511,False
169512,True
169513,False
169514,False
169515,False
169516,True
169517,False
169518,False
169519,False
169520,False
169521,False
169522,False
169523,False
169524,True
169525,False
169526,False
169527,False
169528,False
169529,False
169530,False
169531,True
169532,False
169533,False
169534,False
169535,False
169536,False
169537,False
169538,False
169539,False
169540,False
169541,False
169542,True
169543,False
169544,True
169545,False
169546,True
169547,False
169548,True
169549,False
169550,True
169551,False
169552,True
169553,False
169554,False
169555,True
169556,False
169557,False
169558,False
169559,False
169560,False
169561,False
169562,False
169563,True
169564,False
169565,False
169566,True
169567,True
169568,False
169569,False
169570,False
169571,False
169572,True
169573,True
169574,False
169575,False
169576,False
169577,False
169578,False
169579,False
169580,False
169581,True
169582,True
169583,True
169584,False
169585,False
169586,False
169587,False
169588,False
169589,False
169590,False
169591,True
169592,False
169593,False
169594,False
169595,False
169596,False
169597,False
169598,True
169599,False
169600,True
169601,False
169602,False
169603,False
169604,True
